"cert","name","city","stalp","estymd","active","bkclass","repdte","timeperiod","asset","dep","netinc","roa","roe","eeffr","lnre","lnci","lncon","numemp","realgdp"
"1225",Farmers and Merchants Bank of Long Beach,Long Beach,CA,1907-11-20,false,SM,2022-03-31,"2022Q1",11673393,9359167.0,27835.0,0.9634966395523504,8.9,55.7273485124785,4828847.0,117166.0,144095.0,761,3162422.5
"1225",Farmers and Merchants Bank of Long Beach,Long Beach,CA,1907-11-20,false,SM,2022-06-30,"2022Q2",11731961,9461867.0,56924.0,0.9802197900596648,9.04,55.96007305245922,5160767.0,100512.0,127342.0,758,3146316.0
"1225",Farmers and Merchants Bank of Long Beach,Long Beach,CA,1907-11-20,false,SM,2022-09-30,"2022Q3",11937528,9350260.0,83557.0,0.9525765583063364,8.79,55.68802516694456,5754159.0,99552.0,132202.0,771,3145009.5
"1225",Farmers and Merchants Bank of Long Beach,Long Beach,CA,1907-11-20,false,SM,2022-12-31,"2022Q4",12054744,9142496.0,109002.0,0.9263224148608896,8.54,57.18874882350218,6070273.0,125087.0,151316.0,783,3135097.5
"1225",Farmers and Merchants Bank of Long Beach,Long Beach,CA,1907-11-20,false,SM,2023-03-31,"2023Q1",12021615,8969147.0,21624.0,0.7185139580282882,6.6,64.26877041736137,6118432.0,138780.0,161182.0,786,3152233.8
"1225",Farmers and Merchants Bank of Long Beach,Long Beach,CA,1907-11-20,false,SM,2023-06-30,"2023Q2",12268215,8894730.0,39772.0,0.6565821902328529,6.05,68.38359282783429,6077380.0,150204.0,164994.0,778,3191508.0
"1225",Farmers and Merchants Bank of Long Beach,Long Beach,CA,1907-11-20,false,SM,2023-09-30,"2023Q3",12464229,9055590.0,57159.0,0.6245602433642964,5.77,70.69312202008871,6312877.0,149161.0,172867.0,786,3223877.8
"1225",Farmers and Merchants Bank of Long Beach,Long Beach,CA,1907-11-20,false,SM,2023-12-31,"2023Q4",12035854,8670068.0,70007.0,0.5752929135585397,5.27,71.61318378662415,6258555.0,159359.0,181361.0,790,3248446.5
"1225",Farmers and Merchants Bank of Long Beach,Long Beach,CA,1907-11-20,false,SM,2024-03-31,"2024Q1",12191083,8597629.0,13002.0,0.4293402835034408,3.84,75.8924847455009,6086830.0,147881.0,189359.0,768,3277174.5
"1225",Farmers and Merchants Bank of Long Beach,Long Beach,CA,1907-11-20,false,SM,2024-06-30,"2024Q2",12193082,8813285.0,26536.0,0.4371661640264383,3.91,78.30201486994785,5992959.0,155433.0,194892.0,795,3287040.8
"1225",Farmers and Merchants Bank of Long Beach,Long Beach,CA,1907-11-20,false,SM,2024-09-30,"2024Q3",12017065,8771794.0,40882.0,0.4501342037848521,4.01,77.15851793848904,5951131.0,145969.0,185065.0,810,3321635.2
"1225",Farmers and Merchants Bank of Long Beach,Long Beach,CA,1907-11-20,false,SM,2024-12-31,"2024Q4",11690069,8769593.0,44878.0,0.3731924576571919,3.3,76.80150620293117,5879441.0,159682.0,194060.0,805,3341863.5
"1225",Farmers and Merchants Bank of Long Beach,Long Beach,CA,1907-11-20,false,SM,2025-03-31,"2025Q1",11487118,8696628.0,16814.0,0.5803637861661124,4.9,69.81285477767265,5841852.0,143328.0,203229.0,802,3341872.5
"1225",Farmers and Merchants Bank of Long Beach,Long Beach,CA,1907-11-20,false,SM,2025-06-30,"2025Q2",11395539,8688047.0,30692.0,0.5326510845572315,4.45,69.36441260040633,5831968.0,185332.0,209085.0,809,3377264.0
"1225",Farmers and Merchants Bank of Long Beach,Long Beach,CA,1907-11-20,false,SM,2025-09-30,"2025Q3",11621496,8872341.0,48823.0,0.5636696805933867,4.7,69.3796321712874,5707883.0,155087.0,175135.0,823,3414490.5
"1225",Farmers and Merchants Bank of Long Beach,Long Beach,CA,1907-11-20,false,SM,2025-12-31,"2025Q4",11797060,8950794.0,68350.0,0.5893127177288475,4.78,68.39038727524205,5521487.0,145641.0,179154.0,809,3421992.5
"1331",Farmers & Merchants Bank of Central California,Lodi,CA,1916-05-24,false,NM,2022-03-31,"2022Q1",5424732.0,4839990.0,17538.0,1.3231204798405285,14.83,49.44319279047312,2426809.0,459998.0,6621.0,359,3162422.5
"1331",Farmers & Merchants Bank of Central California,Lodi,CA,1916-05-24,false,NM,2022-06-30,"2022Q2",5327028.0,4774975.0,36733.0,1.3834492149952944,15.58,47.35894168079795,2449032.0,443110.0,6216.0,365,3146316.0
"1331",Farmers & Merchants Bank of Central California,Lodi,CA,1916-05-24,false,NM,2022-09-30,"2022Q3",5467951.0,4912805.0,56779.0,1.4150835763275311,16.01,45.72711346180747,2510245.0,453003.0,5600.0,363,3145009.5
"1331",Farmers & Merchants Bank of Central California,Lodi,CA,1916-05-24,false,NM,2022-12-31,"2022Q4",5328781.0,4762849.0,77265.0,1.445406078012531,16.19,42.873388931008336,2603927.0,475841.0,5649.0,374,3135097.5
"1331",Farmers & Merchants Bank of Central California,Lodi,CA,1916-05-24,false,NM,2023-03-31,"2023Q1",5134465.0,4540525.0,24062.0,1.839735011486875,18.97,42.260925706731435,2555268.0,468862.0,5089.0,374,3152233.8
"1331",Farmers & Merchants Bank of Central California,Lodi,CA,1916-05-24,false,NM,2023-06-30,"2023Q2",5251886.0,4641059.0,45965.0,1.7549327616210926,17.91,43.48383953223973,2598664.0,479730.0,5239.0,370,3191508.0
"1331",Farmers & Merchants Bank of Central California,Lodi,CA,1916-05-24,false,NM,2023-09-30,"2023Q3",5377981.0,4753280.0,68548.0,1.733173257072107,17.57,42.839400760692385,2637631.0,486325.0,5358.0,371,3223877.8
"1331",Farmers & Merchants Bank of Central California,Lodi,CA,1916-05-24,false,NM,2023-12-31,"2023Q4",5311380.0,4671033.0,90428.0,1.7123600896256557,17.12,42.44241441561915,2670139.0,499597.0,5112.0,378,3248446.5
"1331",Farmers & Merchants Bank of Central California,Lodi,CA,1916-05-24,false,NM,2024-03-31,"2024Q1",5715300.0,4962013.0,23227.0,1.685149111065162,16.35,43.58456431243742,2705888.0,495045.0,4926.0,384,3277174.5
"1331",Farmers & Merchants Bank of Central California,Lodi,CA,1916-05-24,false,NM,2024-06-30,"2024Q2",5270233.0,4600442.0,45518.0,1.6758265813899849,15.85,44.0120318364522,2692054.0,497330.0,4814.0,372,3287040.8
"1331",Farmers & Merchants Bank of Central California,Lodi,CA,1916-05-24,false,NM,2024-09-30,"2024Q3",5420748.0,4712269.0,68212.0,1.6750801957908816,15.57,44.95491425788927,2695381.0,529082.0,4596.0,379,3321635.2
"1331",Farmers & Merchants Bank of Central California,Lodi,CA,1916-05-24,false,NM,2024-12-31,"2024Q4",5376767.0,4706468.0,91091.0,1.6809913831729535,15.59,44.702788977755894,2707402.0,502795.0,4332.0,373,3341863.5
"1331",Farmers & Merchants Bank of Central California,Lodi,CA,1916-05-24,false,NM,2025-03-31,"2025Q1",5683576.0,4982174.0,23703.0,1.714449542839675,15.82,42.18985348486923,2670490.0,480742.0,4430.0,372,3341872.5
"1331",Farmers & Merchants Bank of Central California,Lodi,CA,1916-05-24,false,NM,2025-06-30,"2025Q2",5479564.0,4764699.0,47339.0,1.7172647947778668,15.54,42.79063851437293,2697781.0,490104.0,4206.0,374,3377264.0
"1331",Farmers & Merchants Bank of Central California,Lodi,CA,1916-05-24,false,NM,2025-09-30,"2025Q3",5631419.0,4911000.0,71691.0,1.7244906380430292,15.54,43.535634682132205,2703390.0,487015.0,4068.0,381,3414490.5
"1331",Farmers & Merchants Bank of Central California,Lodi,CA,1916-05-24,false,NM,2025-12-31,"2025Q4",5692809.0,4985370.0,96268.0,1.7274535886364315,15.46,43.642659908617745,2710631.0,497370.0,3916.0,383,3421992.5
"1536",Bank of Stockton,Stockton,CA,1867-08-12,false,NM,2022-03-31,"2022Q1",4755185.0,3919123.0,21721.0,1.8226417144630072,12.98,49.74184858858522,1372936.0,190545.0,237198.0,402,3162422.5
"1536",Bank of Stockton,Stockton,CA,1867-08-12,false,NM,2022-06-30,"2022Q2",4638655.0,3906625.0,1753.0,0.074214099987518,0.54,50.167302693435104,1432896.0,187115.0,248867.0,402,3146316.0
"1536",Bank of Stockton,Stockton,CA,1867-08-12,false,NM,2022-09-30,"2022Q3",4590328.0,3928912.0,-28478.0,-0.8094664447599262,-6.07,48.92305765756096,1470536.0,201914.0,256437.0,417,3145009.5
"1536",Bank of Stockton,Stockton,CA,1867-08-12,false,NM,2022-12-31,"2022Q4",4586445.0,3863339.0,20596.0,0.4410413990460177,3.3,51.087714268960895,1558673.0,216806.0,264547.0,416,3135097.5
"1536",Bank of Stockton,Stockton,CA,1867-08-12,false,NM,2023-03-31,"2023Q1",4430884.0,3656311.0,9670.0,0.8579037096239919,6.2,49.366349206349206,1561507.0,203888.0,280983.0,423,3152233.8
"1536",Bank of Stockton,Stockton,CA,1867-08-12,false,NM,2023-06-30,"2023Q2",4406639.0,3607293.0,7344.0,0.3282486966595868,2.36,53.28797589124742,1567552.0,214809.0,281153.0,426,3191508.0
"1536",Bank of Stockton,Stockton,CA,1867-08-12,false,NM,2023-09-30,"2023Q3",4443073.0,3658149.0,125.0,0.0037311718263813,0.03,50.797851085556985,1567140.0,224636.0,278147.0,428,3223877.8
"1536",Bank of Stockton,Stockton,CA,1867-08-12,false,NM,2023-12-31,"2023Q4",4521881.0,3678964.0,40835.0,0.9119465421336496,6.52,54.41515672706425,1595256.0,227624.0,276774.0,427,3248446.5
"1536",Bank of Stockton,Stockton,CA,1867-08-12,false,NM,2024-03-31,"2024Q1",4479894.0,3606804.0,20598.0,1.83057230379564,12.26,51.93509811382291,1599604.0,219228.0,278942.0,427,3277174.5
"1536",Bank of Stockton,Stockton,CA,1867-08-12,false,NM,2024-06-30,"2024Q2",4320510.0,3523674.0,27165.0,1.223438771952409,8.01,52.92446722773455,1674198.0,222618.0,276808.0,433,3287040.8
"1536",Bank of Stockton,Stockton,CA,1867-08-12,false,NM,2024-09-30,"2024Q3",4399517.0,3498147.0,84663.0,2.547848754883956,16.09,52.11777127724023,1742112.0,238031.0,273856.0,430,3321635.2
"1536",Bank of Stockton,Stockton,CA,1867-08-12,false,NM,2024-12-31,"2024Q4",4444022.0,3558874.0,79698.0,1.797767590322832,11.17,57.29389074161275,1759227.0,240085.0,263746.0,428,3341863.5
"1536",Bank of Stockton,Stockton,CA,1867-08-12,false,NM,2025-03-31,"2025Q1",4550919.0,3585477.0,49712.0,4.421329723007633,25.15,50.7867350495444,1773811.0,240124.0,249826.0,429,3341872.5
"1536",Bank of Stockton,Stockton,CA,1867-08-12,false,NM,2025-06-30,"2025Q2",4640918.0,3673433.0,58193.0,2.5605867587806532,14.5,52.57277696178758,1776610.0,252195.0,241573.0,415,3377264.0
"1536",Bank of Stockton,Stockton,CA,1867-08-12,false,NM,2025-09-30,"2025Q3",4742173.0,3696690.0,107636.0,3.1235352903945315,17.44,52.03538718384797,1802017.0,257332.0,225060.0,410,3414490.5
"1536",Bank of Stockton,Stockton,CA,1867-08-12,false,NM,2025-12-31,"2025Q4",4778288.0,3737300.0,108512.0,2.343032053452362,13.01,53.296646956283965,1867406.0,254352.0,219371.0,414,3421992.5
"17281",City National Bank,Los Angeles,CA,1953-12-04,false,N,2022-03-31,"2022Q1",91770285,81307344,115691.0,0.5002919308347519,6.66,72.72562666573486,33292607,10052275,899469.0,7031,3162422.5
"17281",City National Bank,Los Angeles,CA,1953-12-04,false,N,2022-06-30,"2022Q2",91119374,79761721,252157.0,0.5479351918551646,7.38,70.26715856287947,35324651,10917437,888141.0,6972,3146316.0
"17281",City National Bank,Los Angeles,CA,1953-12-04,false,N,2022-09-30,"2022Q3",90731909,77292473,429124.0,0.623854754357019,8.51,69.11979947865979,36732175,11511402,812539.0,6487,3145009.5
"17281",City National Bank,Los Angeles,CA,1953-12-04,false,N,2022-12-31,"2022Q4",96504709,75445967,622535.0,0.6717710062189894,9.19,67.76061515084741,37951504,11898989,753826.0,7075,3135097.5
"17281",City National Bank,Los Angeles,CA,1953-12-04,false,N,2023-03-31,"2023Q1",96370058,75144656,140217.0,0.5815877408162986,7.37,70.75364842675617,38642253,11661042,670554.0,7411,3152233.8
"17281",City National Bank,Los Angeles,CA,1953-12-04,false,N,2023-06-30,"2023Q2",94596111,73924393,242747.0,0.5066537557240841,6.2,73.12256826289023,39396602,11651975,630309.0,7717,3191508.0
"17281",City National Bank,Los Angeles,CA,1953-12-04,false,N,2023-09-30,"2023Q3",96839227,77381036,-1592900.0,-2.21052066273407,-24.97,75.09282991963258,39342722,11323626,578952.0,7522,3223877.8
"17281",City National Bank,Los Angeles,CA,1953-12-04,false,N,2023-12-31,"2023Q4",93373306,75598648,-1580091.0,-1.6539102715459382,-17.82,78.75669766140736,39055604,10768203,536744.0,7425,3248446.5
"17281",City National Bank,Los Angeles,CA,1953-12-04,false,N,2024-03-31,"2024Q1",92425114,76789550,163882.0,0.7056335570560827,6.28,70.62688229478015,38805803,10593824,500507.0,7437,3277174.5
"17281",City National Bank,Los Angeles,CA,1953-12-04,false,N,2024-06-30,"2024Q2",92245097,76406695,336243.0,0.7255907354962713,6.37,70.22885568724486,38579083,10549138,458706.0,7522,3287040.8
"17281",City National Bank,Los Angeles,CA,1953-12-04,false,N,2024-09-30,"2024Q3",92111406,76703638,534570.0,0.7702095924846041,6.67,70.49582581439236,38228012,10144657,435448.0,7709,3321635.2
"17281",City National Bank,Los Angeles,CA,1953-12-04,false,N,2024-12-31,"2024Q4",92193181,76624504,780560.0,0.8441258796640377,7.22,69.82093323292555,38421708,10330060,345280.0,7830,3341863.5
"17281",City National Bank,Los Angeles,CA,1953-12-04,false,N,2025-03-31,"2025Q1",93149075,76488039,159631.0,0.6890215040870119,5.57,67.1326164874552,38641394,10368938,300463.0,7715,3341872.5
"17281",City National Bank,Los Angeles,CA,1953-12-04,false,N,2025-06-30,"2025Q2",94207350,77761501,371851.0,0.7981073670338137,6.43,65.97092697709867,39522442,10493209,295336.0,7862,3377264.0
"17281",City National Bank,Los Angeles,CA,1953-12-04,false,N,2025-09-30,"2025Q3",96473902,80218329,637142.0,0.9036684255389692,7.27,65.9760918754754,40378283,10613645,282306.0,7791,3414490.5
"17281",City National Bank,Los Angeles,CA,1953-12-04,false,N,2025-12-31,"2025Q4",98429760,78538052,902610.0,0.9512106469461604,7.63,65.0892939460169,41445338,10647070,290126.0,7763,3421992.5
"1768",Mechanics Bank,Walnut Creek,CA,1905-01-01,false,NM,2022-03-31,"2022Q1",18900207,16372365,50354.0,1.0511475751367296,8.6,49.11797032979712,6702695.0,538163.0,3916056.0,1740,3162422.5
"1768",Mechanics Bank,Walnut Creek,CA,1905-01-01,false,NM,2022-06-30,"2022Q2",18616778,16147421,110150.0,1.1606986081416517,9.55,48.39145462094939,6813551.0,500037.0,4104990.0,1730,3146316.0
"1768",Mechanics Bank,Walnut Creek,CA,1905-01-01,false,NM,2022-09-30,"2022Q3",18349910,15978491,165390.0,1.171551077944787,9.76,48.298362773842605,6895503.0,527799.0,4167093.0,1765,3145009.5
"1768",Mechanics Bank,Walnut Creek,CA,1905-01-01,false,NM,2022-12-31,"2022Q4",18139330,15499389,216582.0,1.159071597896184,9.7,48.77369228765425,7195514.0,504388.0,4266931.0,1781,3135097.5
"1768",Mechanics Bank,Walnut Creek,CA,1905-01-01,false,NM,2023-03-31,"2023Q1",17946221,14840424,52193.0,1.1570947053018534,9.85,54.6070215043073,7405225.0,438608.0,4043851.0,1673,3152233.8
"1768",Mechanics Bank,Walnut Creek,CA,1905-01-01,false,NM,2023-06-30,"2023Q2",18179764,15039228,98027.0,1.083863606062178,9.24,55.4801789054631,7491867.0,419817.0,3675075.0,1595,3191508.0
"1768",Mechanics Bank,Walnut Creek,CA,1905-01-01,false,NM,2023-09-30,"2023Q3",17838311,14675816,155830.0,1.152608547037565,9.8,54.69903161127938,7387071.0,351022.0,3326853.0,1529,3223877.8
"1768",Mechanics Bank,Walnut Creek,CA,1905-01-01,false,NM,2023-12-31,"2023Q4",17505527,14301874,201914.0,1.1266371416321723,9.42,53.74544348033403,7236192.0,470251.0,3002183.0,1524,3248446.5
"1768",Mechanics Bank,Walnut Creek,CA,1905-01-01,false,NM,2024-03-31,"2024Q1",17339524,14166703,-113293.0,-2.601069517734383,-20.44,61.69426160582249,7190883.0,482919.0,2716644.0,1477,3277174.5
"1768",Mechanics Bank,Walnut Creek,CA,1905-01-01,false,NM,2024-06-30,"2024Q2",17326598,14104511,-62608.0,-0.7200232448086891,-5.62,57.78440451682181,7194431.0,435464.0,2524789.0,1440,3287040.8
"1768",Mechanics Bank,Walnut Creek,CA,1905-01-01,false,NM,2024-09-30,"2024Q3",16606281,14112029,-22664.0,-0.1757419055793042,-1.35,57.22011124460869,7222687.0,373968.0,2274924.0,1432,3321635.2
"1768",Mechanics Bank,Walnut Creek,CA,1905-01-01,false,NM,2024-12-31,"2024Q4",16493900,13945593,28999.0,0.1700385695956097,1.29,56.72243001478393,7201887.0,369160.0,2032137.0,1439,3341863.5
"1768",Mechanics Bank,Walnut Creek,CA,1905-01-01,false,NM,2025-03-31,"2025Q1",16544299,13990207,43791.0,1.0603725705508342,7.49,57.65608115174121,7252223.0,312049.0,1810535.0,1426,3341872.5
"1768",Mechanics Bank,Walnut Creek,CA,1905-01-01,false,NM,2025-06-30,"2025Q2",16575049,13972737,86276.0,1.0433826061942164,7.3,59.40068736134233,7279255.0,241439.0,1677164.0,1303,3377264.0
"1768",Mechanics Bank,Walnut Creek,CA,1905-01-01,false,NM,2025-09-30,"2025Q3",22712606,19460206,143047.0,1.0548071238813164,7.58,60.66198775956845,12463272,459345.0,1550699.0,2032,3414490.5
"1768",Mechanics Bank,Walnut Creek,CA,1905-01-01,false,NM,2025-12-31,"2025Q4",22367624,19035000,272643.0,1.4396081216913377,10.38,55.791319813254944,12199276,430555.0,1440843.0,1919,3421992.5
"18503",Cathay Bank,Los Angeles,CA,1962-04-19,false,NM,2022-03-31,"2022Q1",20848825,18099896,72695.0,1.3939117531812664,11.6,40.96874964241169,14331348,2881125.0,5879.0,1229,3162422.5
"18503",Cathay Bank,Los Angeles,CA,1962-04-19,false,NM,2022-06-30,"2022Q2",21219917,18326796,164045.0,1.563789072027098,13.1,39.18264516831899,14649153,2940221.0,5544.0,1215,3146316.0
"18503",Cathay Bank,Los Angeles,CA,1962-04-19,false,NM,2022-09-30,"2022Q3",21875063,18599689,266853.0,1.6779539701371016,14.21,37.638434937088746,14787717,3123830.0,5784.0,1189,3145009.5
"18503",Cathay Bank,Los Angeles,CA,1962-04-19,false,NM,2022-12-31,"2022Q4",21936467,18520949,366250.0,1.715410346341653,14.56,37.38963512379459,14993825,3076322.0,4265.0,1195,3135097.5
"18503",Cathay Bank,Los Angeles,CA,1962-04-19,false,NM,2023-03-31,"2023Q1",22015796,18676469,94091.0,1.712603512588191,14.52,39.87176569151126,15218069,2954552.0,5635.0,1243,3152233.8
"18503",Cathay Bank,Los Angeles,CA,1962-04-19,false,NM,2023-06-30,"2023Q2",23003470,19120152,181862.0,1.629691665088634,13.88,42.95285489394403,15818523,2954164.0,5140.0,1257,3191508.0
"18503",Cathay Bank,Los Angeles,CA,1962-04-19,false,NM,2023-09-30,"2023Q3",22824784,19659129,270672.0,1.607863218698106,13.65,44.03408808573369,15973265,2838892.0,5494.0,1266,3223877.8
"18503",Cathay Bank,Los Angeles,CA,1962-04-19,false,NM,2023-12-31,"2023Q4",23056487,19350045,348574.0,1.5445908152612773,13.03,46.81316624978948,16414240,2890329.0,6122.0,1261,3248446.5
"18503",Cathay Bank,Los Angeles,CA,1962-04-19,false,NM,2024-03-31,"2024Q1",23385767,19869753,80134.0,1.3803636662423835,11.32,49.83400560163507,16342718,2851753.0,5032.0,1257,3277174.5
"18503",Cathay Bank,Los Angeles,CA,1962-04-19,false,NM,2024-06-30,"2024Q2",23217533,19811485,150944.0,1.3001245611043857,10.63,51.492002342112606,16323461,2798206.0,5939.0,1240,3287040.8
"18503",Cathay Bank,Los Angeles,CA,1962-04-19,false,NM,2024-09-30,"2024Q3",23253276,19981288,217546.0,1.248711741641754,10.17,51.44481433873973,16319059,2832962.0,5246.0,1242,3321635.2
"18503",Cathay Bank,Los Angeles,CA,1962-04-19,false,NM,2024-12-31,"2024Q4",23036365,19736694,301507.0,1.3001659654586653,10.54,49.66438532919001,16343605,2844675.0,5216.0,1266,3341863.5
"18503",Cathay Bank,Los Angeles,CA,1962-04-19,false,NM,2025-03-31,"2025Q1",23189059,19838783,74655.0,1.2920162722574486,10.21,43.69420849420849,16433591,2709893.0,5335.0,1271,3341872.5
"18503",Cathay Bank,Los Angeles,CA,1962-04-19,false,NM,2025-06-30,"2025Q2",23709143,20028958,156452.0,1.3422718410482188,10.65,43.69424204614766,16682742,2808455.0,2531.0,1265,3377264.0
"18503",Cathay Bank,Los Angeles,CA,1962-04-19,false,NM,2025-09-30,"2025Q3",24059479,20539528,234191.0,1.328794210220507,10.58,43.15990226664181,16986661,2793123.0,2525.0,1264,3414490.5
"18503",Cathay Bank,Los Angeles,CA,1962-04-19,false,NM,2025-12-31,"2025Q4",24213489,20911412,326851.0,1.3825303099332882,11.03,43.006421084915075,17063014,2846605.0,1440.0,1268,3421992.5
"18618",SMBC MANUBANK,Los Angeles,CA,1962-10-29,false,NM,2022-03-31,"2022Q1",4279597.0,3487439.0,-5620.0,-0.5292026648461593,-4.17,145.99186674837057,1219976.0,946540.0,434.0,426,3162422.5
"18618",SMBC MANUBANK,Los Angeles,CA,1962-10-29,false,NM,2022-06-30,"2022Q2",4906144.0,4152823.0,-14974.0,-0.6703803567601834,-5.6,151.6465962152863,1236699.0,1053335.0,453.0,471,3146316.0
"18618",SMBC MANUBANK,Los Angeles,CA,1962-10-29,false,NM,2022-09-30,"2022Q3",3950872.0,3153755.0,-29742.0,-0.9140881479985726,-7.51,145.620627459554,1284944.0,1198547.0,457.0,544,3145009.5
"18618",SMBC MANUBANK,Los Angeles,CA,1962-10-29,false,NM,2022-12-31,"2022Q4",4147962.0,3118431.0,-33636.0,-0.782204253260045,-5.76,127.01425865146992,1351969.0,1326859.0,435.0,608,3135097.5
"18618",SMBC MANUBANK,Los Angeles,CA,1962-10-29,false,NM,2023-03-31,"2023Q1",5031088.0,3961904.0,-8559.0,-0.7459595491908204,-4.27,116.40335661713,1440341.0,1372916.0,476.0,658,3152233.8
"18618",SMBC MANUBANK,Los Angeles,CA,1962-10-29,false,NM,2023-06-30,"2023Q2",4534569.0,3535951.0,-25998.0,-1.1374677975230318,-6.56,129.48791913783953,1442841.0,1386540.0,7142.0,706,3191508.0
"18618",SMBC MANUBANK,Los Angeles,CA,1962-10-29,false,NM,2023-09-30,"2023Q3",4735197.0,3730018.0,-44102.0,-1.2749045055249073,-7.49,132.69721852684373,1504312.0,1241436.0,82266.0,745,3223877.8
"18618",SMBC MANUBANK,Los Angeles,CA,1962-10-29,false,NM,2023-12-31,"2023Q4",4891391.0,3735663.0,-76730.0,-1.6437300663186063,-9.67,132.33433214570957,1521467.0,1145000.0,301503.0,777,3248446.5
"18618",SMBC MANUBANK,Los Angeles,CA,1962-10-29,false,NM,2024-03-31,"2024Q1",5109805.0,4039913.0,-38374.0,-3.069552881475375,-18.94,155.04888047934406,1534878.0,1103767.0,590283.0,793,3277174.5
"18618",SMBC MANUBANK,Los Angeles,CA,1962-10-29,false,NM,2024-06-30,"2024Q2",5505112.0,4530242.0,-84554.0,-3.2717265773387196,-21.45,152.1995675631984,1588133.0,1055082.0,960238.0,846,3287040.8
"18618",SMBC MANUBANK,Los Angeles,CA,1962-10-29,false,NM,2024-09-30,"2024Q3",5667696.0,4734556.0,-142653.0,-3.593070916582428,-24.89,153.93807855237696,1612531.0,1063972.0,1208390.0,894,3321635.2
"18618",SMBC MANUBANK,Los Angeles,CA,1962-10-29,false,NM,2024-12-31,"2024Q4",6335320.0,5048563.0,-169528.0,-3.081282549872909,-20.61,150.61275322240007,1621333.0,1119087.0,1248210.0,906,3341863.5
"18618",SMBC MANUBANK,Los Angeles,CA,1962-10-29,false,NM,2025-03-31,"2025Q1",6662495.0,5423332.0,-37867.0,-2.3306686546931155,-14.58,155.3109964132622,1619505.0,1231098.0,1263313.0,941,3341872.5
"18618",SMBC MANUBANK,Los Angeles,CA,1962-10-29,false,NM,2025-06-30,"2025Q2",6760369.0,5568959.0,-88981.0,-2.7021005574196497,-17.5,154.811894118238,1640753.0,1379679.0,1353993.0,962,3377264.0
"18618",SMBC MANUBANK,Los Angeles,CA,1962-10-29,false,NM,2025-09-30,"2025Q3",7505298.0,6305217.0,-117496.0,-2.298421262551863,-15.68,151.78179122215013,1575068.0,1537449.0,1444709.0,982,3414490.5
"18618",SMBC MANUBANK,Los Angeles,CA,1962-10-29,false,NM,2025-12-31,"2025Q4",7675698.0,6565276.0,-169843.0,-2.4305521766681415,-17.37,150.20916393346033,1539695.0,1529117.0,1503071.0,989,3421992.5
"18983",River City Bank,Sacramento,CA,1963-12-16,false,NM,2022-03-31,"2022Q1",3569874.0,3182242.0,16448.0,1.820831377016183,21.15,20.78531796841656,2508014.0,155781.0,270.0,124,3162422.5
"18983",River City Bank,Sacramento,CA,1963-12-16,false,NM,2022-06-30,"2022Q2",3788104.0,3238123.0,25324.0,1.379466499883383,16.01,24.380679100908655,2685214.0,156446.0,312.0,126,3146316.0
"18983",River City Bank,Sacramento,CA,1963-12-16,false,NM,2022-09-30,"2022Q3",3959962.0,3366834.0,36343.0,1.2943502711748618,15.03,26.24376320651392,2801871.0,173818.0,255.0,128,3145009.5
"18983",River City Bank,Sacramento,CA,1963-12-16,false,NM,2022-12-31,"2022Q4",4041345.0,3442317.0,47823.0,1.2574411022297014,14.56,26.397037646574777,2939493.0,150592.0,346.0,131,3135097.5
"18983",River City Bank,Sacramento,CA,1963-12-16,false,NM,2023-03-31,"2023Q1",4328203.0,3440716.0,12881.0,1.2312253899493737,14.32,32.792706661658755,3027467.0,127914.0,276.0,128,3152233.8
"18983",River City Bank,Sacramento,CA,1963-12-16,false,NM,2023-06-30,"2023Q2",4364440.0,3621783.0,27282.0,1.2854731761958629,14.83,28.193941262622367,3143095.0,122422.0,333.0,136,3191508.0
"18983",River City Bank,Sacramento,CA,1963-12-16,false,NM,2023-09-30,"2023Q3",4923610.0,4227637.0,43568.0,1.3159029761579122,15.39,26.83217692974848,3269147.0,123120.0,425.0,139,3223877.8
"18983",River City Bank,Sacramento,CA,1963-12-16,false,NM,2023-12-31,"2023Q4",4932029.0,4320676.0,60337.0,1.335502352473549,15.65,27.20346423416318,3423852.0,125801.0,754.0,144,3248446.5
"18983",River City Bank,Sacramento,CA,1963-12-16,false,NM,2024-03-31,"2024Q1",4973797.0,4310628.0,18685.0,1.5090109598129424,17.53,24.786873903481677,3483967.0,127426.0,351.0,146,3277174.5
"18983",River City Bank,Sacramento,CA,1963-12-16,false,NM,2024-06-30,"2024Q2",5094837.0,4480928.0,35897.0,1.4358165369090683,16.57,26.065390708182928,3683911.0,136807.0,333.0,149,3287040.8
"18983",River City Bank,Sacramento,CA,1963-12-16,false,NM,2024-09-30,"2024Q3",5114036.0,4449479.0,52134.0,1.382277949075947,15.74,27.611305769679984,3855680.0,138551.0,2740.0,150,3321635.2
"18983",River City Bank,Sacramento,CA,1963-12-16,false,NM,2024-12-31,"2024Q4",5143528.0,4454529.0,73399.0,1.4529721345841098,16.3,26.58567518857219,3968636.0,144602.0,2629.0,154,3341863.5
"18983",River City Bank,Sacramento,CA,1963-12-16,false,NM,2025-03-31,"2025Q1",5287018.0,4668611.0,12306.0,0.9438432082078926,10.02,38.86028759098171,4043132.0,156829.0,638.0,158,3341872.5
"18983",River City Bank,Sacramento,CA,1963-12-16,false,NM,2025-06-30,"2025Q2",5322651.0,4521131.0,27717.0,1.055671429742166,11.14,35.915353681851144,4103409.0,148014.0,470.0,154,3377264.0
"18983",River City Bank,Sacramento,CA,1963-12-16,false,NM,2025-09-30,"2025Q3",5474904.0,4861136.0,47401.0,1.1908696552743931,12.51,33.35328126584846,4194453.0,156040.0,927.0,160,3414490.5
"18983",River City Bank,Sacramento,CA,1963-12-16,false,NM,2025-12-31,"2025Q4",5801890.0,5148329.0,68415.0,1.2655387121660528,13.32,31.29920702350609,4348597.0,178299.0,521.0,156,3421992.5
"19222",Fremont Bank,Fremont,CA,1964-09-03,false,NM,2022-03-31,"2022Q1",5546330.0,5140214.0,6129.0,0.4430438136465482,6.59,86.18753843407193,3659717.0,379839.0,2342.0,867,3162422.5
"19222",Fremont Bank,Fremont,CA,1964-09-03,false,NM,2022-06-30,"2022Q2",5621946.0,5202723.0,13364.0,0.4804595212074427,7.21,84.16199532705787,4099701.0,335676.0,2289.0,845,3146316.0
"19222",Fremont Bank,Fremont,CA,1964-09-03,false,NM,2022-09-30,"2022Q3",5521339.0,5113806.0,26048.0,0.6254701908955829,9.46,80.34711180143289,4201528.0,294555.0,2320.0,772,3145009.5
"19222",Fremont Bank,Fremont,CA,1964-09-03,false,NM,2022-12-31,"2022Q4",5446634.0,4906788.0,48750.0,0.8813321591397706,13.26,77.02296923136919,4216606.0,316363.0,2220.0,749,3135097.5
"19222",Fremont Bank,Fremont,CA,1964-09-03,false,NM,2023-03-31,"2023Q1",5462851.0,4734898.0,16361.0,1.1997633252165432,17.41,70.54718528404432,4205600.0,318420.0,2193.0,739,3152233.8
"19222",Fremont Bank,Fremont,CA,1964-09-03,false,NM,2023-06-30,"2023Q2",5411560.0,4824541.0,36465.0,1.3405391627803245,19.09,69.00603658817566,4148309.0,330723.0,2999.0,731,3191508.0
"19222",Fremont Bank,Fremont,CA,1964-09-03,false,NM,2023-09-30,"2023Q3",5682292.0,5088326.0,63081.0,1.5289662163516378,21.72,66.17051644286505,4092335.0,329258.0,2527.0,747,3223877.8
"19222",Fremont Bank,Fremont,CA,1964-09-03,false,NM,2023-12-31,"2023Q4",5606096.0,5001619.0,73882.0,1.3379847387666384,18.83,69.25550761870014,4151004.0,347426.0,2770.0,746,3248446.5
"19222",Fremont Bank,Fremont,CA,1964-09-03,false,NM,2024-03-31,"2024Q1",5897926.0,5094966.0,12059.0,0.838593667501679,11.66,76.28859361961615,4147687.0,373846.0,2167.0,736,3277174.5
"19222",Fremont Bank,Fremont,CA,1964-09-03,false,NM,2024-06-30,"2024Q2",5913778.0,5104409.0,24060.0,0.8288073120600765,11.6,76.94781143410695,4201686.0,386122.0,2490.0,737,3287040.8
"19222",Fremont Bank,Fremont,CA,1964-09-03,false,NM,2024-09-30,"2024Q3",5908403.0,5289190.0,39375.0,0.9002526043351333,12.51,76.15746180963572,4228678.0,379800.0,2637.0,740,3321635.2
"19222",Fremont Bank,Fremont,CA,1964-09-03,false,NM,2024-12-31,"2024Q4",5802335.0,5179324.0,54152.0,0.929535152090366,12.82,75.74601776523001,4221078.0,390170.0,2693.0,734,3341863.5
"19222",Fremont Bank,Fremont,CA,1964-09-03,false,NM,2025-03-31,"2025Q1",5845630.0,5219496.0,15141.0,1.0399069708743114,13.79,73.94923076923077,4254608.0,398128.0,2624.0,723,3341872.5
"19222",Fremont Bank,Fremont,CA,1964-09-03,false,NM,2025-06-30,"2025Q2",5846851.0,5213311.0,30936.0,1.0609771488879909,13.97,73.45916013614541,4254502.0,401408.0,2571.0,723,3377264.0
"19222",Fremont Bank,Fremont,CA,1964-09-03,false,NM,2025-09-30,"2025Q3",6122027.0,5473001.0,49406.0,1.1156956041923132,14.73,72.75361329125347,4299983.0,392638.0,2609.0,724,3414490.5
"19222",Fremont Bank,Fremont,CA,1964-09-03,false,NM,2025-12-31,"2025Q4",5911501.0,5259926.0,67816.0,1.1483204069960713,15.08,72.52359303511108,4337767.0,409512.0,2813.0,730,3421992.5
"19416",CTBC Bank Corp. (USA),Los Angeles,CA,1965-04-27,false,NM,2022-03-31,"2022Q1",4487563.0,3846553.0,10347.0,0.9388160207089368,6.88,54.197186212996485,3141525.0,427563.0,0.0,351,3162422.5
"19416",CTBC Bank Corp. (USA),Los Angeles,CA,1965-04-27,false,NM,2022-06-30,"2022Q2",4816873.0,4162693.0,23691.0,1.0425896087527478,7.85,52.75557045595214,3346101.0,457516.0,0.0,377,3146316.0
"19416",CTBC Bank Corp. (USA),Los Angeles,CA,1965-04-27,false,NM,2022-09-30,"2022Q3",4718552.0,4044937.0,37884.0,1.100902225354949,8.32,51.757984896531426,3567647.0,503037.0,0.0,369,3145009.5
"19416",CTBC Bank Corp. (USA),Los Angeles,CA,1965-04-27,false,NM,2022-12-31,"2022Q4",4942746.0,4246528.0,51918.0,1.1143481108625053,8.49,53.33821019263594,3618696.0,537489.0,0.0,373,3135097.5
"19416",CTBC Bank Corp. (USA),Los Angeles,CA,1965-04-27,false,NM,2023-03-31,"2023Q1",4995209.0,4302184.0,10238.0,0.8241534601434601,6.43,58.925304479640374,3690958.0,535043.0,0.0,378,3152233.8
"19416",CTBC Bank Corp. (USA),Los Angeles,CA,1965-04-27,false,NM,2023-06-30,"2023Q2",5130440.0,4427310.0,17713.0,0.7053040486395532,5.53,62.44518576309489,3810029.0,549388.0,0.0,380,3191508.0
"19416",CTBC Bank Corp. (USA),Los Angeles,CA,1965-04-27,false,NM,2023-09-30,"2023Q3",5199555.0,4485035.0,27151.0,0.7144368976635526,5.62,63.16983735114725,3868478.0,605239.0,0.0,381,3223877.8
"19416",CTBC Bank Corp. (USA),Los Angeles,CA,1965-04-27,false,NM,2023-12-31,"2023Q4",5277406.0,4547532.0,36709.0,0.7185063304657019,5.66,63.14972207526298,3849359.0,642300.0,0.0,385,3248446.5
"19416",CTBC Bank Corp. (USA),Los Angeles,CA,1965-04-27,false,NM,2024-03-31,"2024Q1",5260458.0,4528104.0,9341.0,0.7091380188622666,5.55,65.24409314492054,3826282.0,655763.0,0.0,383,3277174.5
"19416",CTBC Bank Corp. (USA),Los Angeles,CA,1965-04-27,false,NM,2024-06-30,"2024Q2",5409965.0,4658400.0,19892.0,0.7483902667880374,5.86,64.927978739946,3754587.0,712189.0,0.0,389,3287040.8
"19416",CTBC Bank Corp. (USA),Los Angeles,CA,1965-04-27,false,NM,2024-09-30,"2024Q3",5280860.0,4523014.0,28897.0,0.7259679596794696,5.63,64.38792324951356,3656615.0,702099.0,0.0,372,3321635.2
"19416",CTBC Bank Corp. (USA),Los Angeles,CA,1965-04-27,false,NM,2024-12-31,"2024Q4",5221345.0,4452062.0,39694.0,0.7503582036983393,5.76,63.54078886563188,3507263.0,695776.0,0.0,373,3341863.5
"19416",CTBC Bank Corp. (USA),Los Angeles,CA,1965-04-27,false,NM,2025-03-31,"2025Q1",5172372.0,4400038.0,9578.0,0.7372146076326689,5.35,61.95299736081438,3513548.0,707985.0,0.0,378,3341872.5
"19416",CTBC Bank Corp. (USA),Los Angeles,CA,1965-04-27,false,NM,2025-06-30,"2025Q2",5321807.0,4538191.0,17695.0,0.6755740374931183,4.91,60.23446658851114,3557205.0,734298.0,0.0,385,3377264.0
"19416",CTBC Bank Corp. (USA),Los Angeles,CA,1965-04-27,false,NM,2025-09-30,"2025Q3",5464830.0,4667248.0,29994.0,0.7552470596100518,5.5,58.51309119246745,3497695.0,786422.0,0.0,383,3414490.5
"19416",CTBC Bank Corp. (USA),Los Angeles,CA,1965-04-27,false,NM,2025-12-31,"2025Q4",5583080.0,4765537.0,44467.0,0.830741675376934,6.06,58.45162280365227,3446278.0,794205.0,0.0,386,3421992.5
"19434",BAC Community Bank,Stockton,CA,1965-05-21,false,NM,2022-03-31,"2022Q1",844405.0,782818.0,858.0,0.4057313094055894,5.18,75.51052714896312,359272.0,30243.0,4310.0,107,3162422.5
"19434",BAC Community Bank,Stockton,CA,1965-05-21,false,NM,2022-06-30,"2022Q2",819619.0,766586.0,3272.0,0.7817219145338079,11.02,76.82619647355163,358484.0,26234.0,7281.0,107,3146316.0
"19434",BAC Community Bank,Stockton,CA,1965-05-21,false,NM,2022-09-30,"2022Q3",862933.0,806412.0,4824.0,0.7624474796640026,11.33,76.41470466749277,367368.0,22942.0,6228.0,107,3145009.5
"19434",BAC Community Bank,Stockton,CA,1965-05-21,false,NM,2022-12-31,"2022Q4",828225.0,767707.0,6605.0,0.7858348421441619,11.85,75.75860251487086,367559.0,23616.0,5055.0,109,3135097.5
"19434",BAC Community Bank,Stockton,CA,1965-05-21,false,NM,2023-03-31,"2023Q1",836487.0,723625.0,887.0,0.4262599176313981,6.68,85.83193533628184,386439.0,21308.0,2009.0,113,3152233.8
"19434",BAC Community Bank,Stockton,CA,1965-05-21,false,NM,2023-06-30,"2023Q2",833027.0,729422.0,1513.0,0.3634487030069995,5.64,87.38228252194733,393355.0,21405.0,2273.0,111,3191508.0
"19434",BAC Community Bank,Stockton,CA,1965-05-21,false,NM,2023-09-30,"2023Q3",838492.0,733279.0,2587.0,0.4135501528521256,6.35,85.6067883445405,394397.0,21089.0,2413.0,107,3223877.8
"19434",BAC Community Bank,Stockton,CA,1965-05-21,false,NM,2023-12-31,"2023Q4",816593.0,708023.0,3591.0,0.4323563916987573,6.49,85.05403357658412,392155.0,23447.0,1975.0,106,3248446.5
"19434",BAC Community Bank,Stockton,CA,1965-05-21,false,NM,2024-03-31,"2024Q1",800529.0,691545.0,979.0,0.4843172005575337,6.53,83.55612820099854,397502.0,24093.0,1940.0,100,3277174.5
"19434",BAC Community Bank,Stockton,CA,1965-05-21,false,NM,2024-06-30,"2024Q2",796155.0,670905.0,1857.0,0.4616958600276719,6.12,83.75480808576806,396238.0,29328.0,4821.0,98,3287040.8
"19434",BAC Community Bank,Stockton,CA,1965-05-21,false,NM,2024-09-30,"2024Q3",822914.0,707689.0,2246.0,0.3701378317905216,4.86,82.58466540232999,402391.0,31124.0,4829.0,96,3321635.2
"19434",BAC Community Bank,Stockton,CA,1965-05-21,false,NM,2024-12-31,"2024Q4",783096.0,697807.0,3334.0,0.4147501783276486,5.33,82.50999717251688,413338.0,32677.0,3277.0,97,3341863.5
"19434",BAC Community Bank,Stockton,CA,1965-05-21,false,NM,2025-03-31,"2025Q1",791420.0,704214.0,1275.0,0.6478181231565764,7.59,79.4200187090739,412170.0,31263.0,3947.0,99,3341872.5
"19434",BAC Community Bank,Stockton,CA,1965-05-21,false,NM,2025-06-30,"2025Q2",788427.0,692977.0,2809.0,0.7132630791347908,8.23,77.83874409388812,420564.0,31391.0,4055.0,97,3377264.0
"19434",BAC Community Bank,Stockton,CA,1965-05-21,false,NM,2025-09-30,"2025Q3",787498.0,689979.0,4334.0,0.7336778819219277,8.34,77.38407258064515,428275.0,30734.0,4062.0,94,3414490.5
"19434",BAC Community Bank,Stockton,CA,1965-05-21,false,NM,2025-12-31,"2025Q4",786267.0,670923.0,5517.0,0.7007123718599398,7.86,78.3768466392111,439363.0,31170.0,5898.0,96,3421992.5
"20387",Bank of the Orient,San Francisco,CA,1971-03-17,false,SM,2022-03-31,"2022Q1",868215.0,716569.0,3774.0,1.6636690647482015,13.65,52.1042471042471,667316.0,14067.0,0.0,101,3162422.5
"20387",Bank of the Orient,San Francisco,CA,1971-03-17,false,SM,2022-06-30,"2022Q2",855110.0,704419.0,5790.0,1.3011752526504798,10.4,59.204495853339154,670566.0,10600.0,0.0,103,3146316.0
"20387",Bank of the Orient,San Francisco,CA,1971-03-17,false,SM,2022-09-30,"2022Q3",847478.0,695441.0,8281.0,1.2556030240759293,9.86,60.91966677676245,668894.0,8747.0,1.0,101,3145009.5
"20387",Bank of the Orient,San Francisco,CA,1971-03-17,false,SM,2022-12-31,"2022Q4",845747.0,688557.0,12019.0,1.377340384252641,10.62,58.75562987135575,654739.0,10369.0,0.0,99,3135097.5
"20387",Bank of the Orient,San Francisco,CA,1971-03-17,false,SM,2023-03-31,"2023Q1",838612.0,676521.0,3131.0,1.4870939033780803,10.47,54.07908428720083,651498.0,14116.0,0.0,95,3152233.8
"20387",Bank of the Orient,San Francisco,CA,1971-03-17,false,SM,2023-06-30,"2023Q2",854447.0,688381.0,5960.0,1.4085361386415505,9.85,55.48602640929098,665438.0,14514.0,0.0,93,3191508.0
"20387",Bank of the Orient,San Francisco,CA,1971-03-17,false,SM,2023-09-30,"2023Q3",876308.0,702577.0,8774.0,1.3701884270920386,9.57,56.41070861698,662126.0,17101.0,0.0,99,3223877.8
"20387",Bank of the Orient,San Francisco,CA,1971-03-17,false,SM,2023-12-31,"2023Q4",885240.0,709229.0,10544.0,1.2259455849448673,8.54,58.09924078091107,679016.0,10943.0,0.0,101,3248446.5
"20387",Bank of the Orient,San Francisco,CA,1971-03-17,false,SM,2024-03-31,"2024Q1",895377.0,737387.0,1777.0,0.7983749453138997,5.49,68.82839939789262,707805.0,9635.0,0.0,103,3277174.5
"20387",Bank of the Orient,San Francisco,CA,1971-03-17,false,SM,2024-06-30,"2024Q2",937913.0,785039.0,3272.0,0.7221549881737557,5.09,70.9303058971933,749978.0,10735.0,0.0,104,3287040.8
"20387",Bank of the Orient,San Francisco,CA,1971-03-17,false,SM,2024-09-30,"2024Q3",972892.0,815227.0,5151.0,0.7441932458548494,5.34,70.33627884143348,774983.0,12110.0,0.0,106,3321635.2
"20387",Bank of the Orient,San Francisco,CA,1971-03-17,false,SM,2024-12-31,"2024Q4",965014.0,807732.0,7641.0,0.8204772920748831,5.92,67.88312462731068,784537.0,11134.0,0.0,102,3341863.5
"20387",Bank of the Orient,San Francisco,CA,1971-03-17,false,SM,2025-03-31,"2025Q1",982458.0,825157.0,1886.0,0.7747479809722553,5.72,68.6013986013986,794893.0,10185.0,0.0,95,3341872.5
"20387",Bank of the Orient,San Francisco,CA,1971-03-17,false,SM,2025-06-30,"2025Q2",1021230.0,865072.0,3932.0,0.7946907436313917,6.0,67.93034541821295,816877.0,15415.0,0.0,103,3377264.0
"20387",Bank of the Orient,San Francisco,CA,1971-03-17,false,SM,2025-09-30,"2025Q3",1051726.0,892645.0,6131.0,0.8132927439566136,6.23,67.41200982215939,858406.0,15061.0,0.0,97,3414490.5
"20387",Bank of the Orient,San Francisco,CA,1971-03-17,false,SM,2025-12-31,"2025Q4",1121969.0,953537.0,7021.0,0.682658301177447,5.34,72.29194187582563,920070.0,32371.0,0.0,101,3421992.5
"21606",HCN Bank,Riverside,CA,1974-06-03,false,NM,2022-03-31,"2022Q1",998450.0,906338.0,5153.0,2.099690475960062,23.06,39.98666370304512,619032.0,6725.0,329.0,84,3162422.5
"21606",HCN Bank,Riverside,CA,1974-06-03,false,NM,2022-06-30,"2022Q2",1004552.0,912885.0,10310.0,2.084309756867592,23.35,39.68591526255521,665571.0,6451.0,319.0,80,3146316.0
"21606",HCN Bank,Riverside,CA,1974-06-03,false,NM,2022-09-30,"2022Q3",999200.0,907072.0,16284.0,2.189157561123534,24.77,38.7469778198255,680138.0,9051.0,306.0,83,3145009.5
"21606",HCN Bank,Riverside,CA,1974-06-03,false,NM,2022-12-31,"2022Q4",970584.0,878532.0,22541.0,2.282552935360442,25.84,39.35047224607303,686347.0,6215.0,401.0,83,3135097.5
"21606",HCN Bank,Riverside,CA,1974-06-03,false,NM,2023-03-31,"2023Q1",941703.0,843741.0,6726.0,2.813803576555193,30.47,35.75295953014591,686081.0,6090.0,352.0,84,3152233.8
"21606",HCN Bank,Riverside,CA,1974-06-03,false,NM,2023-06-30,"2023Q2",905329.0,806964.0,12569.0,2.676518020908456,28.18,37.09791362501766,695759.0,6353.0,281.0,86,3191508.0
"21606",HCN Bank,Riverside,CA,1974-06-03,false,NM,2023-09-30,"2023Q3",919894.0,821002.0,18032.0,2.573056992489652,26.83,38.33875068387346,704668.0,7287.0,298.0,88,3223877.8
"21606",HCN Bank,Riverside,CA,1974-06-03,false,NM,2023-12-31,"2023Q4",903701.0,799631.0,21537.0,2.320191863718327,23.66,38.39016634631356,701071.0,7589.0,275.0,92,3248446.5
"21606",HCN Bank,Riverside,CA,1974-06-03,false,NM,2024-03-31,"2024Q1",961584.0,856089.0,5681.0,2.436517743937254,23.37,41.32841328413284,695471.0,7960.0,245.0,88,3277174.5
"21606",HCN Bank,Riverside,CA,1974-06-03,false,NM,2024-06-30,"2024Q2",1045073.0,935894.0,11214.0,2.3118805315359827,22.83,41.23159303882195,702519.0,8161.0,328.0,90,3287040.8
"21606",HCN Bank,Riverside,CA,1974-06-03,false,NM,2024-09-30,"2024Q3",1022768.0,905724.0,18274.0,2.4778991773973167,24.24,40.482711951793256,685884.0,8733.0,267.0,89,3321635.2
"21606",HCN Bank,Riverside,CA,1974-06-03,false,NM,2024-12-31,"2024Q4",939572.0,827573.0,22176.0,2.2755360582576634,21.91,40.89461493920092,681785.0,9295.0,270.0,90,3341863.5
"21606",HCN Bank,Riverside,CA,1974-06-03,false,NM,2025-03-31,"2025Q1",997524.0,881399.0,6085.0,2.513040138434027,22.96,40.87267110724974,682977.0,7874.0,257.0,91,3341872.5
"21606",HCN Bank,Riverside,CA,1974-06-03,false,NM,2025-06-30,"2025Q2",961127.0,843127.0,11618.0,2.405197943705505,21.68,41.79233919537461,710450.0,8994.0,234.0,93,3377264.0
"21606",HCN Bank,Riverside,CA,1974-06-03,false,NM,2025-09-30,"2025Q3",996035.0,873783.0,16994.0,2.327334264961386,20.88,43.24523702610815,735221.0,11784.0,229.0,92,3414490.5
"21606",HCN Bank,Riverside,CA,1974-06-03,false,NM,2025-12-31,"2025Q4",974892.0,853783.0,22653.0,2.326176026616555,20.68,42.24560735203086,735323.0,14254.0,186.0,90,3421992.5
"21716","Citizens Business Bank, National Association",Ontario,CA,1974-08-09,false,N,2022-03-31,"2022Q1",17538128,14548758,46853.0,1.121514107477797,9.2,43.5622077006855,7254096.0,816933.0,7658.0,1038,3162422.5
"21716","Citizens Business Bank, National Association",Ontario,CA,1974-08-09,false,N,2022-06-30,"2022Q2",16758546,14139934,107217.0,1.2819941285927583,10.7,38.69312781283282,7404136.0,772499.0,9123.0,1024,3146316.0
"21716","Citizens Business Bank, National Association",Ontario,CA,1974-08-09,false,N,2022-09-30,"2022Q3",16347538,13938387,173054.0,1.3872968882518373,11.77,36.966228801097934,7475040.0,729610.0,8049.0,1040,3145009.5
"21716","Citizens Business Bank, National Association",Ontario,CA,1974-08-09,false,N,2022-12-31,"2022Q4",16474239,12875276,240512.0,1.4488400641096306,12.3,36.14664326474706,7683985.0,711884.0,8351.0,1034,3135097.5
"21716","Citizens Business Bank, National Association",Ontario,CA,1974-08-09,false,N,2023-03-31,"2023Q1",16271462,12305990,60647.0,1.481647926853055,12.42,36.691053557084864,7800718.0,656029.0,6916.0,1040,3152233.8
"21716","Citizens Business Bank, National Association",Ontario,CA,1974-08-09,false,N,2023-06-30,"2023Q2",16480769,12431655,117806.0,1.435886018233686,11.99,37.178852294228946,7721148.0,688481.0,6888.0,1043,3191508.0
"21716","Citizens Business Bank, National Association",Ontario,CA,1974-08-09,false,N,2023-09-30,"2023Q3",15902022,12392447,177033.0,1.4496764267165896,12.06,37.45489064881621,7664927.0,665993.0,6924.0,1046,3223877.8
"21716","Citizens Business Bank, National Association",Ontario,CA,1974-08-09,false,N,2023-12-31,"2023Q4",16027043,11484334,226932.0,1.3981301460214637,11.47,39.52606773806387,7600659.0,689579.0,7095.0,1052,3248446.5
"21716","Citizens Business Bank, National Association",Ontario,CA,1974-08-09,false,N,2024-03-31,"2024Q1",16476335,11943928,49986.0,1.2302967402341995,9.67,44.39928017806122,7535536.0,691386.0,6709.0,1057,3277174.5
"21716","Citizens Business Bank, National Association",Ontario,CA,1974-08-09,false,N,2024-06-30,"2024Q2",16159023,11840022,101567.0,1.2523056558594383,9.78,43.460595335401905,7447580.0,695190.0,7805.0,1054,3287040.8
"21716","Citizens Business Bank, National Association",Ontario,CA,1974-08-09,false,N,2024-09-30,"2024Q3",15410563,12122295,154206.0,1.2835545413507012,9.78,42.54788189987163,7364482.0,685380.0,9416.0,1059,3321635.2
"21716","Citizens Business Bank, National Association",Ontario,CA,1974-08-09,false,N,2024-12-31,"2024Q4",15160648,12004758,206511.0,1.3031779997610105,9.76,41.66247012914019,7265380.0,673501.0,13412.0,1053,3341863.5
"21716","Citizens Business Bank, National Association",Ontario,CA,1974-08-09,false,N,2025-03-31,"2025Q1",15263140,12039174,52459.0,1.3794206033778569,9.59,43.87747838947193,7246108.0,692236.0,12287.0,1066,3341872.5
"21716","Citizens Business Bank, National Association",Ontario,CA,1974-08-09,false,N,2025-06-30,"2025Q2",15418191,12039373,104368.0,1.366014324992383,9.5,43.47526738761411,7299545.0,658762.0,11623.0,1050,3377264.0
"21716","Citizens Business Bank, National Association",Ontario,CA,1974-08-09,false,N,2025-09-30,"2025Q3",15669875,12175315,158282.0,1.372336399419858,9.53,42.3733950444469,7317900.0,692416.0,12049.0,1043,3414490.5
"21716","Citizens Business Bank, National Association",Ontario,CA,1974-08-09,false,N,2025-12-31,"2025Q4",15634835,12127912,214681.0,1.3913818128993196,9.65,42.419546513286114,7374736.0,720402.0,12580.0,1031,3421992.5
"21943",Tri Counties Bank,Chico,CA,1975-03-11,false,NM,2022-03-31,"2022Q1",10114294,8723016.0,20749.0,0.8865668974468794,7.39,54.500727354440414,5211854.0,489365.0,61675.0,1106,3162422.5
"21943",Tri Counties Bank,Chico,CA,1975-03-11,false,NM,2022-06-30,"2022Q2",10116983,8761905.0,53060.0,1.10388380135473,9.42,53.638023836985774,5468258.0,491140.0,58384.0,1191,3146316.0
"21943",Tri Counties Bank,Chico,CA,1975-03-11,false,NM,2022-09-30,"2022Q3",9970331.0,8660487.0,91526.0,1.2577232691415632,10.94,51.25628477351368,5641912.0,513590.0,56303.0,1205,3145009.5
"21943",Tri Counties Bank,Chico,CA,1975-03-11,false,NM,2022-12-31,"2022Q4",9926655.0,8334487.0,129084.0,1.324292203755432,11.53,50.79036194505411,5756504.0,548657.0,55309.0,1215,3135097.5
"21943",Tri Counties Bank,Chico,CA,1975-03-11,false,NM,2023-03-31,"2023Q1",9839751.0,8032525.0,37119.0,1.50230648910075,12.79,47.76837457455616,5759178.0,532283.0,53549.0,1219,3152233.8
"21943",Tri Counties Bank,Chico,CA,1975-03-11,false,NM,2023-06-30,"2023Q2",9850805.0,8100883.0,63477.0,1.2859482278733134,10.86,51.73555335167829,5816353.0,555414.0,57978.0,1209,3191508.0
"21943",Tri Counties Bank,Chico,CA,1975-03-11,false,NM,2023-09-30,"2023Q3",9894277.0,8015231.0,95481.0,1.288787881640904,10.9,52.14177306710629,5912059.0,579247.0,64890.0,1214,3223877.8
"21943",Tri Counties Bank,Chico,CA,1975-03-11,false,NM,2023-12-31,"2023Q4",9907411.0,7839588.0,123007.0,1.244533999027376,10.38,53.15567593748604,5982709.0,566052.0,71410.0,1207,3248446.5
"21943",Tri Counties Bank,Chico,CA,1975-03-11,false,NM,2024-03-31,"2024Q1",9811273.0,7998031.0,29180.0,1.1838518229715531,9.32,55.06069243188296,6022838.0,529700.0,73842.0,1178,3277174.5
"21943",Tri Counties Bank,Chico,CA,1975-03-11,false,NM,2024-06-30,"2024Q2",9739554.0,8062061.0,59782.0,1.217628834419764,9.52,56.06976558284538,5976313.0,527675.0,67204.0,1159,3287040.8
"21943",Tri Counties Bank,Chico,CA,1975-03-11,false,NM,2024-09-30,"2024Q3",9822019.0,8047158.0,90374.0,1.2270352935827278,9.45,56.594227932871824,5986711.0,461135.0,60876.0,1163,3321635.2
"21943",Tri Counties Bank,Chico,CA,1975-03-11,false,NM,2024-12-31,"2024Q4",9671740.0,8099995.0,120833.0,1.2341988826318977,9.43,56.76227831593249,6081352.0,446246.0,55520.0,1172,3341863.5
"21943",Tri Counties Bank,Chico,CA,1975-03-11,false,NM,2025-03-31,"2025Q1",9815501.0,8211270.0,27763.0,1.139740612845092,8.36,57.9256379388605,6161482.0,427989.0,51526.0,1199,3341872.5
"21943",Tri Counties Bank,Chico,CA,1975-03-11,false,NM,2025-06-30,"2025Q2",9922103.0,8384591.0,56778.0,1.15836653819956,8.49,57.57022913692565,6277781.0,428573.0,46291.0,1160,3377264.0
"21943",Tri Counties Bank,Chico,CA,1975-03-11,false,NM,2025-09-30,"2025Q3",9874826.0,8339803.0,90073.0,1.2228267100972223,8.98,56.70931081552967,6345733.0,410113.0,41691.0,1146,3414490.5
"21943",Tri Counties Bank,Chico,CA,1975-03-11,false,NM,2025-12-31,"2025Q4",9820725.0,8270252.0,124394.0,1.2666150696381695,9.26,55.894724700997344,6431443.0,419490.0,37958.0,1128,3421992.5
"21956",Montecito Bank & Trust,Santa Barbara,CA,1975-03-17,false,NM,2022-03-31,"2022Q1",2398757.0,2186911.0,4813.0,0.8106072838866539,10.77,65.21827825377396,1015678.0,140490.0,15877.0,255,3162422.5
"21956",Montecito Bank & Trust,Santa Barbara,CA,1975-03-17,false,NM,2022-06-30,"2022Q2",2462012.0,2276022.0,9655.0,0.8032411397011465,11.57,66.87477047374219,1036939.0,124190.0,15094.0,253,3146316.0
"21956",Montecito Bank & Trust,Santa Barbara,CA,1975-03-17,false,NM,2022-09-30,"2022Q3",2385228.0,2222874.0,13895.0,0.7721456094912099,11.94,69.4008694008694,1046819.0,134144.0,14669.0,262,3145009.5
"21956",Montecito Bank & Trust,Santa Barbara,CA,1975-03-17,false,NM,2022-12-31,"2022Q4",2285315.0,2112120.0,18266.0,0.768604512793272,12.25,70.66030687891501,1045078.0,122544.0,14437.0,268,3135097.5
"21956",Montecito Bank & Trust,Santa Barbara,CA,1975-03-17,false,NM,2023-03-31,"2023Q1",2111553.0,1917490.0,4827.0,0.8782615261590752,14.6,69.97909345669676,1031340.0,114261.0,14780.0,277,3152233.8
"21956",Montecito Bank & Trust,Santa Barbara,CA,1975-03-17,false,NM,2023-06-30,"2023Q2",2086522.0,1874452.0,7755.0,0.7176801025389495,11.61,74.8992663328287,1042392.0,114158.0,14622.0,277,3191508.0
"21956",Montecito Bank & Trust,Santa Barbara,CA,1975-03-17,false,NM,2023-09-30,"2023Q3",2082967.0,1852464.0,10285.0,0.6403184224052301,10.46,77.4250860578372,1086350.0,93758.0,15232.0,283,3223877.8
"21956",Montecito Bank & Trust,Santa Barbara,CA,1975-03-17,false,NM,2023-12-31,"2023Q4",2132719.0,1845754.0,12242.0,0.5721054790151971,9.1,79.57569610471154,1117739.0,78268.0,14965.0,280,3248446.5
"21956",Montecito Bank & Trust,Santa Barbara,CA,1975-03-17,false,NM,2024-03-31,"2024Q1",2100034.0,1780019.0,1715.0,0.3241389232964928,4.63,91.13007499353505,1125913.0,87298.0,13465.0,275,3277174.5
"21956",Montecito Bank & Trust,Santa Barbara,CA,1975-03-17,false,NM,2024-06-30,"2024Q2",2122580.0,1802015.0,3161.0,0.2984265340620231,4.25,89.22800250208508,1141904.0,91605.0,12723.0,275,3287040.8
"21956",Montecito Bank & Trust,Santa Barbara,CA,1975-03-17,false,NM,2024-09-30,"2024Q3",2128911.0,1794790.0,5462.0,0.3433415917788314,4.73,87.7909804739073,1150118.0,92971.0,13180.0,266,3321635.2
"21956",Montecito Bank & Trust,Santa Barbara,CA,1975-03-17,false,NM,2024-12-31,"2024Q4",2110843.0,1810736.0,6186.0,0.2919277585922607,4.0,89.63229051009078,1151947.0,103399.0,13069.0,269,3341863.5
"21956",Montecito Bank & Trust,Santa Barbara,CA,1975-03-17,false,NM,2025-03-31,"2025Q1",2143357.0,1841726.0,1223.0,0.2299844859197969,3.04,91.89246289547351,1170430.0,105645.0,16430.0,262,3341872.5
"21956",Montecito Bank & Trust,Santa Barbara,CA,1975-03-17,false,NM,2025-06-30,"2025Q2",2132842.0,1875092.0,3286.0,0.3086874957139784,4.01,88.87776836810635,1192236.0,105099.0,17294.0,262,3377264.0
"21956",Montecito Bank & Trust,Santa Barbara,CA,1975-03-17,false,NM,2025-09-30,"2025Q3",2089575.0,1871895.0,6691.0,0.4209750328462405,5.33,85.48023348368268,1194267.0,107041.0,17853.0,260,3414490.5
"21956",Montecito Bank & Trust,Santa Barbara,CA,1975-03-17,false,NM,2025-12-31,"2025Q4",2058386.0,1816276.0,9425.0,0.4473183348879919,5.53,84.72530690942816,1173993.0,120998.0,17922.0,264,3421992.5
"22366",GBC International Bank,Los Angeles,CA,1976-11-15,false,NM,2022-03-31,"2022Q1",666105.0,560977.0,1688.0,0.984141791044776,8.38,61.102977061981456,430537.0,73516.0,0.0,85,3162422.5
"22366",GBC International Bank,Los Angeles,CA,1976-11-15,false,NM,2022-06-30,"2022Q2",624918.0,520574.0,4006.0,1.203558398820677,9.88,56.92529171086528,433285.0,60579.0,0.0,85,3146316.0
"22366",GBC International Bank,Los Angeles,CA,1976-11-15,false,NM,2022-09-30,"2022Q3",621264.0,516285.0,6049.0,1.232097518200449,9.9,56.85041746303189,421420.0,54425.0,0.0,85,3145009.5
"22366",GBC International Bank,Los Angeles,CA,1976-11-15,false,NM,2022-12-31,"2022Q4",627723.0,502820.0,7681.0,1.1831247987948486,9.35,58.45790115924344,429635.0,59349.0,0.0,88,3135097.5
"22366",GBC International Bank,Los Angeles,CA,1976-11-15,false,NM,2023-03-31,"2023Q1",618068.0,454711.0,1669.0,1.071768860105748,7.78,61.68056236717345,431285.0,56816.0,0.0,84,3152233.8
"22366",GBC International Bank,Los Angeles,CA,1976-11-15,false,NM,2023-06-30,"2023Q2",610251.0,421636.0,3552.0,1.1482498779661237,8.19,60.4551241247613,427552.0,54927.0,0.0,86,3191508.0
"22366",GBC International Bank,Los Angeles,CA,1976-11-15,false,NM,2023-09-30,"2023Q3",607418.0,423932.0,5089.0,1.1017290639994153,7.75,61.300141319708665,419951.0,53385.0,0.0,86,3223877.8
"22366",GBC International Bank,Los Angeles,CA,1976-11-15,false,NM,2023-12-31,"2023Q4",637400.0,446486.0,6022.0,0.9710209425772204,6.81,64.4600919171902,422581.0,52354.0,0.0,86,3248446.5
"22366",GBC International Bank,Los Angeles,CA,1976-11-15,false,NM,2024-03-31,"2024Q1",642026.0,464750.0,984.0,0.6152759127921428,4.25,79.7788944723618,417419.0,43418.0,0.0,89,3277174.5
"22366",GBC International Bank,Los Angeles,CA,1976-11-15,false,NM,2024-06-30,"2024Q2",629034.0,482838.0,2150.0,0.6759376670194817,4.62,75.27341892534474,425887.0,46708.0,0.0,89,3287040.8
"22366",GBC International Bank,Los Angeles,CA,1976-11-15,false,NM,2024-09-30,"2024Q3",661901.0,514075.0,2903.0,0.6023387220705574,4.12,76.7222437637327,409388.0,39511.0,0.0,85,3321635.2
"22366",GBC International Bank,Los Angeles,CA,1976-11-15,false,NM,2024-12-31,"2024Q4",670708.0,534614.0,4168.0,0.6429977269845227,4.41,74.23247731222243,412599.0,48464.0,0.0,83,3341863.5
"22366",GBC International Bank,Los Angeles,CA,1976-11-15,false,NM,2025-03-31,"2025Q1",655141.0,522259.0,852.0,0.5140856915078565,3.49,76.58908664189322,400467.0,53212.0,0.0,78,3341872.5
"22366",GBC International Bank,Los Angeles,CA,1976-11-15,false,NM,2025-06-30,"2025Q2",655440.0,512753.0,2004.0,0.6068776437965386,4.07,74.80960185095921,399250.0,47480.0,0.0,81,3377264.0
"22366",GBC International Bank,Los Angeles,CA,1976-11-15,false,NM,2025-09-30,"2025Q3",670884.0,524562.0,3699.0,0.7438242829559006,4.97,70.73006134969326,401938.0,54621.0,0.0,86,3414490.5
"22366",GBC International Bank,Los Angeles,CA,1976-11-15,false,NM,2025-12-31,"2025Q4",681085.0,528018.0,5529.0,0.8293687437336084,5.53,68.10394186302577,400795.0,60698.0,0.0,87,3421992.5
"22460",Monterey County Bank,Monterey,CA,1977-05-05,false,NM,2022-03-31,"2022Q1",223168.0,195536.0,30.0,0.0524879277766113,0.72,98.13548788067122,54728.0,21830.0,162.0,37,3162422.5
"22460",Monterey County Bank,Monterey,CA,1977-05-05,false,NM,2022-06-30,"2022Q2",210621.0,198210.0,2298.0,2.064476716242257,32.9,88.5827889804033,51310.0,20521.0,161.0,36,3146316.0
"22460",Monterey County Bank,Monterey,CA,1977-05-05,false,NM,2022-09-30,"2022Q3",216938.0,209685.0,2503.0,1.5086905505946495,29.28,89.20465030448422,53356.0,19918.0,155.0,36,3145009.5
"22460",Monterey County Bank,Monterey,CA,1977-05-05,false,NM,2022-12-31,"2022Q4",204418.0,196681.0,1989.0,0.9130344970047513,19.99,90.15110631408528,55429.0,17922.0,147.0,36,3135097.5
"22460",Monterey County Bank,Monterey,CA,1977-05-05,false,NM,2023-03-31,"2023Q1",204582.0,179555.0,270.0,0.5281173594132029,20.67,85.93256059009484,50175.0,18224.0,153.0,35,3152233.8
"22460",Monterey County Bank,Monterey,CA,1977-05-05,false,NM,2023-06-30,"2023Q2",209379.0,179582.0,325.0,0.3153405920964328,12.04,91.56692056583242,49291.0,17156.0,151.0,35,3191508.0
"22460",Monterey County Bank,Monterey,CA,1977-05-05,false,NM,2023-09-30,"2023Q3",206871.0,179597.0,1024.0,0.6617627143289913,29.19,83.57212634321068,49000.0,16577.0,163.0,35,3223877.8
"22460",Monterey County Bank,Monterey,CA,1977-05-05,false,NM,2023-12-31,"2023Q4",198889.0,167208.0,-78.0,-0.0380807683332047,-1.53,101.51840710499928,50221.0,17561.0,132.0,35,3248446.5
"22460",Monterey County Bank,Monterey,CA,1977-05-05,false,NM,2024-03-31,"2024Q1",197241.0,166507.0,-537.0,-1.084492464594956,-34.06,146.77700348432057,49872.0,17524.0,112.0,35,3277174.5
"22460",Monterey County Bank,Monterey,CA,1977-05-05,false,NM,2024-06-30,"2024Q2",194893.0,164679.0,-1181.0,-1.1989381123915652,-39.82,152.77161862527717,47154.0,21473.0,112.0,34,3287040.8
"22460",Monterey County Bank,Monterey,CA,1977-05-05,false,NM,2024-09-30,"2024Q3",231486.0,172028.0,-175.0,-0.1134710987964873,-1.78,124.68265162200282,49421.0,22340.0,112.0,38,3321635.2
"22460",Monterey County Bank,Monterey,CA,1977-05-05,false,NM,2024-12-31,"2024Q4",226657.0,172374.0,-1561.0,-0.7439242217151527,-9.58,129.0902140672783,75812.0,10938.0,94.0,44,3341863.5
"22460",Monterey County Bank,Monterey,CA,1977-05-05,false,NM,2025-03-31,"2025Q1",243748.0,188999.0,-1160.0,-1.972768146597081,-15.84,148.08114035087718,88385.0,13715.0,89.0,47,3341872.5
"22460",Monterey County Bank,Monterey,CA,1977-05-05,false,NM,2025-06-30,"2025Q2",245562.0,193253.0,-2281.0,-1.9115406156987684,-15.94,144.26605504587155,98918.0,13382.0,129.0,45,3377264.0
"22460",Monterey County Bank,Monterey,CA,1977-05-05,false,NM,2025-09-30,"2025Q3",257397.0,200887.0,-3025.0,-1.6574405874883391,-13.78,135.8294746926393,112470.0,10441.0,73.0,40,3414490.5
"22460",Monterey County Bank,Monterey,CA,1977-05-05,false,NM,2025-12-31,"2025Q4",282995.0,208494.0,-3554.0,-1.4144046407117712,-11.91,125.69467508026126,137301.0,14849.0,54.0,40,3421992.5
"22597",Bank of the Sierra,Porterville,CA,1978-01-19,false,NM,2022-03-31,"2022Q1",3420378.0,2876516.0,8361.0,0.9848121785259178,8.07,63.17516571503576,1801735.0,84753.0,4325.0,484,3162422.5
"22597",Bank of the Sierra,Porterville,CA,1978-01-19,false,NM,2022-06-30,"2022Q2",3396084.0,2858538.0,18537.0,1.0916919340414777,9.21,59.26762712361726,1857503.0,70473.0,4362.0,504,3146316.0
"22597",Bank of the Sierra,Porterville,CA,1978-01-19,false,NM,2022-09-30,"2022Q3",3531749.0,2897836.0,29559.0,1.1490269295706317,10.0,57.831359871453984,1866889.0,68499.0,4202.0,500,3145009.5
"22597",Bank of the Sierra,Porterville,CA,1978-01-19,false,NM,2022-12-31,"2022Q4",3607850.0,2872262.0,37659.0,1.0866743638111551,9.71,57.23844838625698,1877258.0,75213.0,4232.0,491,3135097.5
"22597",Bank of the Sierra,Porterville,CA,1978-01-19,false,NM,2023-03-31,"2023Q1",3694796.0,2976779.0,10018.0,1.0974652201407544,11.0,61.71140939597315,1858971.0,73216.0,4115.0,500,3152233.8
"22597",Bank of the Sierra,Porterville,CA,1978-01-19,false,NM,2023-06-30,"2023Q2",3760558.0,2937459.0,21381.0,1.1595736641934833,11.61,60.335302745753886,1851956.0,93549.0,4228.0,502,3191508.0
"22597",Bank of the Sierra,Porterville,CA,1978-01-19,false,NM,2023-09-30,"2023Q3",3736329.0,2884435.0,32654.0,1.1767284332552923,11.73,59.55485591053441,1847802.0,99083.0,4177.0,487,3223877.8
"22597",Bank of the Sierra,Porterville,CA,1978-01-19,false,NM,2023-12-31,"2023Q4",3727280.0,2771661.0,40379.0,1.0897449010793168,10.66,54.81180615321747,1812531.0,99300.0,4092.0,485,3248446.5
"22597",Bank of the Sierra,Porterville,CA,1978-01-19,false,NM,2024-03-31,"2024Q1",3550459.0,2871575.0,10735.0,1.1800368218755852,10.58,56.88486491720733,1804865.0,74974.0,3777.0,487,3277174.5
"22597",Bank of the Sierra,Porterville,CA,1978-01-19,false,NM,2024-06-30,"2024Q2",3678508.0,2958225.0,22481.0,1.2311332521072225,10.99,56.107554736343936,1799074.0,77999.0,3560.0,501,3287040.8
"22597",Bank of the Sierra,Porterville,CA,1978-01-19,false,NM,2024-09-30,"2024Q3",3693553.0,2967229.0,34508.0,1.2562496798591107,11.12,55.7071536326585,1811941.0,86507.0,3537.0,489,3321635.2
"22597",Bank of the Sierra,Porterville,CA,1978-01-19,false,NM,2024-12-31,"2024Q4",3607133.0,2904735.0,46221.0,1.2658478836505562,11.12,55.87548393188757,1823359.0,96040.0,3344.0,485,3341863.5
"22597",Bank of the Sierra,Porterville,CA,1978-01-19,false,NM,2025-03-31,"2025Q1",3603679.0,2853421.0,10277.0,1.140176723509086,9.59,57.45233739028982,1838833.0,105075.0,2969.0,489,3341872.5
"22597",Bank of the Sierra,Porterville,CA,1978-01-19,false,NM,2025-06-30,"2025Q2",3766071.0,2983054.0,22250.0,1.2161922469247417,10.37,56.99139776675256,1843119.0,115097.0,2974.0,494,3377264.0
"22597",Bank of the Sierra,Porterville,CA,1978-01-19,false,NM,2025-09-30,"2025Q3",3706266.0,2941140.0,33255.0,1.207885079692374,10.3,56.38285368884113,1850238.0,114989.0,2910.0,476,3414490.5
"22597",Bank of the Sierra,Porterville,CA,1978-01-19,false,NM,2025-12-31,"2025Q4",3826215.0,2883364.0,47435.0,1.2813784417444058,10.96,56.02041712128623,1833125.0,123025.0,2810.0,465,3421992.5
"23030",Community West Bank,Fresno,CA,1980-01-10,false,NM,2022-03-31,"2022Q1",2422837.0,2180933.0,6470.0,1.0622177201557044,10.88,55.72304291026027,826939.0,113201.0,35509.0,247,3162422.5
"23030",Community West Bank,Fresno,CA,1980-01-10,false,NM,2022-06-30,"2022Q2",2352721.0,2110166.0,13381.0,1.1111410973151503,11.79,54.29169740380267,943633.0,111586.0,35456.0,248,3146316.0
"23030",Community West Bank,Fresno,CA,1980-01-10,false,NM,2022-09-30,"2022Q3",2425574.0,2143996.0,20237.0,1.1182948671547828,11.94,54.72087359816346,1005605.0,142517.0,36116.0,247,3145009.5
"23030",Community West Bank,Fresno,CA,1980-01-10,false,NM,2022-12-31,"2022Q4",2421530.0,2102851.0,28583.0,1.183791560576308,12.48,52.913405252652126,1034413.0,136185.0,40536.0,241,3135097.5
"23030",Community West Bank,Fresno,CA,1980-01-10,false,NM,2023-03-31,"2023Q1",2463744.0,2176582.0,7786.0,1.2750154853136182,12.69,53.4100314517464,1068724.0,145596.0,42904.0,247,3152233.8
"23030",Community West Bank,Fresno,CA,1980-01-10,false,NM,2023-06-30,"2023Q2",2489713.0,2200284.0,15031.0,1.222863172504575,12.08,55.69474626102519,1066457.0,99721.0,48067.0,264,3191508.0
"23030",Community West Bank,Fresno,CA,1980-01-10,false,NM,2023-09-30,"2023Q3",2435287.0,2149346.0,22328.0,1.2138263375722227,11.96,55.848003190337835,1095872.0,102831.0,47071.0,250,3223877.8
"23030",Community West Bank,Fresno,CA,1980-01-10,false,NM,2023-12-31,"2023Q4",2431720.0,2042387.0,29220.0,1.193433030599427,11.5,57.163623925777074,1093758.0,102191.0,56775.0,237,3248446.5
"23030",Community West Bank,Fresno,CA,1980-01-10,false,NM,2024-03-31,"2024Q1",2415416.0,2031531.0,4677.0,0.7719197480739142,6.75,67.18636693255982,1101922.0,83851.0,71655.0,253,3277174.5
"23030",Community West Bank,Fresno,CA,1980-01-10,false,NM,2024-06-30,"2024Q2",3484527.0,2868115.0,965.0,0.0694939293632015,0.59,74.05976347386478,1681359.0,134100.0,410692.0,375,3287040.8
"23030",Community West Bank,Fresno,CA,1980-01-10,false,NM,2024-09-30,"2024Q3",3531200.0,2922480.0,5437.0,0.2444317902010669,2.07,76.07328962850899,1725255.0,141012.0,409901.0,356,3321635.2
"23030",Community West Bank,Fresno,CA,1980-01-10,false,NM,2024-12-31,"2024Q4",3518255.0,2911079.0,13523.0,0.4395974336845995,3.69,72.17296412494885,1735048.0,139950.0,416988.0,346,3341863.5
"23030",Community West Bank,Fresno,CA,1980-01-10,false,NM,2025-03-31,"2025Q1",3549790.0,2931170.0,9319.0,1.054775401118697,8.61,63.3616327448555,1754064.0,142417.0,417008.0,344,3341872.5
"23030",Community West Bank,Fresno,CA,1980-01-10,false,NM,2025-06-30,"2025Q2",3573006.0,2995368.0,18113.0,1.0213088913867625,8.28,61.15370218901196,1781884.0,154958.0,430034.0,342,3377264.0
"23030",Community West Bank,Fresno,CA,1980-01-10,false,NM,2025-09-30,"2025Q3",3608166.0,3076791.0,29905.0,1.119284982466054,8.98,59.139368269274094,1845673.0,153513.0,423953.0,338,3414490.5
"23030",Community West Bank,Fresno,CA,1980-01-10,false,NM,2025-12-31,"2025Q4",3685157.0,3097230.0,42452.0,1.1835372675957354,9.44,57.89112519070747,1931315.0,152256.0,417950.0,325,3421992.5
"23086","New OMNI Bank, National Association",Alhambra,CA,1980-02-12,false,N,2022-03-31,"2022Q1",537797.0,423366.0,2092.0,1.5258754227019555,10.36,56.6537358745151,430874.0,805.0,290.0,70,3162422.5
"23086","New OMNI Bank, National Association",Alhambra,CA,1980-02-12,false,N,2022-06-30,"2022Q2",586779.0,406421.0,4291.0,1.5292303598496548,9.08,55.09624487219943,424013.0,435.0,239.0,68,3146316.0
"23086","New OMNI Bank, National Association",Alhambra,CA,1980-02-12,false,N,2022-09-30,"2022Q3",556123.0,398551.0,5858.0,1.39490451240448,7.68,57.0842996602125,417831.0,419.0,272.0,65,3145009.5
"23086","New OMNI Bank, National Association",Alhambra,CA,1980-02-12,false,N,2022-12-31,"2022Q4",549989.0,401793.0,8737.0,1.565936744543507,8.18,52.41660739021376,393950.0,348.0,243.0,68,3135097.5
"23086","New OMNI Bank, National Association",Alhambra,CA,1980-02-12,false,N,2023-03-31,"2023Q1",544255.0,408910.0,2188.0,1.5996432239975729,6.82,52.85568587455381,394543.0,337.0,184.0,69,3152233.8
"23086","New OMNI Bank, National Association",Alhambra,CA,1980-02-12,false,N,2023-06-30,"2023Q2",574558.0,408294.0,4084.0,1.46835873878387,6.37,55.47286386295022,383182.0,326.0,181.0,69,3191508.0
"23086","New OMNI Bank, National Association",Alhambra,CA,1980-02-12,false,N,2023-09-30,"2023Q3",541491.0,362396.0,6059.0,1.4619717295399297,6.28,56.681645013187456,376979.0,314.0,183.0,64,3223877.8
"23086","New OMNI Bank, National Association",Alhambra,CA,1980-02-12,false,N,2023-12-31,"2023Q4",538454.0,359832.0,7805.0,1.4197377932563455,6.03,56.94960212201592,377975.0,303.0,158.0,61,3248446.5
"23086","New OMNI Bank, National Association",Alhambra,CA,1980-02-12,false,N,2024-03-31,"2024Q1",544169.0,364376.0,1452.0,1.0729496786970163,4.38,63.70318515925795,378702.0,291.0,142.0,62,3277174.5
"23086","New OMNI Bank, National Association",Alhambra,CA,1980-02-12,false,N,2024-06-30,"2024Q2",505697.0,367620.0,3180.0,1.201269265639166,4.81,61.813802840295665,360470.0,280.0,144.0,68,3287040.8
"23086","New OMNI Bank, National Association",Alhambra,CA,1980-02-12,false,N,2024-09-30,"2024Q3",545753.0,408197.0,3681.0,0.9199080443827368,3.71,64.62565460090924,374675.0,815.0,355.0,71,3321635.2
"23086","New OMNI Bank, National Association",Alhambra,CA,1980-02-12,false,N,2024-12-31,"2024Q4",531971.0,391764.0,5012.0,0.9399694828742512,3.78,65.27651858567543,361875.0,933.0,495.0,61,3341863.5
"23086","New OMNI Bank, National Association",Alhambra,CA,1980-02-12,false,N,2025-03-31,"2025Q1",530581.0,389476.0,856.0,0.6444861051506185,2.56,76.02499023818821,353283.0,880.0,705.0,64,3341872.5
"23086","New OMNI Bank, National Association",Alhambra,CA,1980-02-12,false,N,2025-06-30,"2025Q2",510445.0,373768.0,1382.0,0.5271465870564279,2.08,81.11534795042898,354086.0,2107.0,914.0,72,3377264.0
"23086","New OMNI Bank, National Association",Alhambra,CA,1980-02-12,false,N,2025-09-30,"2025Q3",525556.0,387312.0,2734.0,0.6948106052122581,2.74,74.80664308411775,373784.0,2088.0,1035.0,76,3414490.5
"23086","New OMNI Bank, National Association",Alhambra,CA,1980-02-12,false,N,2025-12-31,"2025Q4",520138.0,381257.0,3432.0,0.6552892265639588,2.58,75.88589981447124,362357.0,2605.0,1214.0,80,3421992.5
"23242",California Pacific Bank,Hayward,CA,1980-10-16,false,NM,2022-03-31,"2022Q1",92999.0,56271.0,483.0,2.190314772720831,5.39,36.580882352941174,59265.0,3326.0,0.0,8,3162422.5
"23242",California Pacific Bank,Hayward,CA,1980-10-16,false,NM,2022-06-30,"2022Q2",82083.0,45147.0,855.0,1.984556820995296,4.74,34.411384217335055,58803.0,3211.0,0.0,8,3146316.0
"23242",California Pacific Bank,Hayward,CA,1980-10-16,false,NM,2022-09-30,"2022Q3",85987.0,48632.0,1347.0,2.08539184807378,4.95,38.06881243063263,54262.0,3121.0,0.0,9,3145009.5
"23242",California Pacific Bank,Hayward,CA,1980-10-16,false,NM,2022-12-31,"2022Q4",82288.0,43994.0,1944.0,2.2775680634344884,5.32,39.18555512869766,61721.0,3381.0,0.0,8,3135097.5
"23242",California Pacific Bank,Hayward,CA,1980-10-16,false,NM,2023-03-31,"2023Q1",80076.0,40291.0,933.0,4.597078170037693,9.81,26.368159203980102,62525.0,3454.0,0.0,9,3152233.8
"23242",California Pacific Bank,Hayward,CA,1980-10-16,false,NM,2023-06-30,"2023Q2",82983.0,42871.0,1650.0,4.0351013054979274,8.59,32.62897914379803,58982.0,3339.0,0.0,10,3191508.0
"23242",California Pacific Bank,Hayward,CA,1980-10-16,false,NM,2023-09-30,"2023Q3",83466.0,42203.0,2575.0,4.176534991013129,8.84,31.46345779508052,59794.0,3221.0,0.0,10,3223877.8
"23242",California Pacific Bank,Hayward,CA,1980-10-16,false,NM,2023-12-31,"2023Q4",86502.0,44354.0,3562.0,4.288311281798153,9.06,32.05095541401274,61323.0,3529.0,0.0,9,3248446.5
"23242",California Pacific Bank,Hayward,CA,1980-10-16,false,NM,2024-03-31,"2024Q1",87179.0,43687.0,934.0,4.302140130469078,8.98,28.678437667201713,57414.0,3289.0,0.0,9,3277174.5
"23242",California Pacific Bank,Hayward,CA,1980-10-16,false,NM,2024-06-30,"2024Q2",91182.0,47495.0,1816.0,4.1138248830527475,8.64,29.419776627621903,57099.0,3148.0,0.0,9,3287040.8
"23242",California Pacific Bank,Hayward,CA,1980-10-16,false,NM,2024-09-30,"2024Q3",85120.0,45672.0,2487.0,3.789803619032924,8.06,33.179815778934724,60498.0,5247.0,0.0,10,3321635.2
"23242",California Pacific Bank,Hayward,CA,1980-10-16,false,NM,2024-12-31,"2024Q4",82356.0,42281.0,3269.0,3.780598095476004,8.02,34.411764705882355,61346.0,4287.0,0.0,10,3341863.5
"23242",California Pacific Bank,Hayward,CA,1980-10-16,false,NM,2025-03-31,"2025Q1",83071.0,41655.0,674.0,3.2594437425571403,6.81,37.735849056603776,67143.0,2959.0,0.0,10,3341872.5
"23242",California Pacific Bank,Hayward,CA,1980-10-16,false,NM,2025-06-30,"2025Q2",97943.0,56204.0,1328.0,3.025401526369746,6.65,37.4544249254226,72264.0,2843.0,0.0,10,3377264.0
"23242",California Pacific Bank,Hayward,CA,1980-10-16,false,NM,2025-09-30,"2025Q3",98226.0,55797.0,1956.0,2.8849155411011185,6.48,40.14567266495287,72152.0,2701.0,0.0,10,3414490.5
"23242",California Pacific Bank,Hayward,CA,1980-10-16,false,NM,2025-12-31,"2025Q4",97625.0,55334.0,1768.0,1.9249990745196757,4.38,48.15335912768203,76060.0,2803.0,0.0,9,3421992.5
"23275",Plumas Bank,Quincy,CA,1980-12-13,false,SM,2022-03-31,"2022Q1",1620399.0,1468507.0,5840.0,1.4449235770889306,17.07,47.432638535841384,623448.0,101641.0,92400.0,171,3162422.5
"23275",Plumas Bank,Quincy,CA,1980-12-13,false,SM,2022-06-30,"2022Q2",1618717.0,1473637.0,11659.0,1.4417244800505182,17.6,47.92717701250274,648981.0,86426.0,93848.0,171,3146316.0
"23275",Plumas Bank,Quincy,CA,1980-12-13,false,SM,2022-09-30,"2022Q3",1650760.0,1512147.0,19043.0,1.5617748789533723,19.86,46.31957983527633,652100.0,73881.0,97592.0,172,3145009.5
"23275",Plumas Bank,Quincy,CA,1980-12-13,false,SM,2022-12-31,"2022Q4",1618881.0,1458773.0,27040.0,1.664666481238581,21.2,45.385055825937584,700238.0,77150.0,103144.0,180,3135097.5
"23275",Plumas Bank,Quincy,CA,1980-12-13,false,SM,2023-03-31,"2023Q1",1578697.0,1409311.0,6658.0,1.6657607726848256,20.25,46.02694810184948,700716.0,76266.0,106972.0,180,3152233.8
"23275",Plumas Bank,Quincy,CA,1980-12-13,false,SM,2023-06-30,"2023Q2",1573138.0,1398197.0,13465.0,1.6934564958383604,20.25,45.80311146423354,712826.0,74631.0,109400.0,176,3191508.0
"23275",Plumas Bank,Quincy,CA,1980-12-13,false,SM,2023-09-30,"2023Q3",1573008.0,1405938.0,21572.0,1.8135686609316544,21.89,45.87318754858553,728865.0,76130.0,112047.0,180,3223877.8
"23275",Plumas Bank,Quincy,CA,1980-12-13,false,SM,2023-12-31,"2023Q4",1610160.0,1337264.0,29246.0,1.8384728768988832,21.53,46.34312451916407,740827.0,73694.0,104322.0,175,3248446.5
"23275",Plumas Bank,Quincy,CA,1980-12-13,false,SM,2024-03-31,"2024Q1",1639663.0,1309215.0,6435.0,1.5840862717754165,16.07,25.68394437420986,763875.0,81754.0,95467.0,182,3277174.5
"23275",Plumas Bank,Quincy,CA,1980-12-13,false,SM,2024-06-30,"2024Q2",1641605.0,1315149.0,13474.0,1.652768884669262,16.5,33.642891494336745,790742.0,81159.0,86765.0,185,3287040.8
"23275",Plumas Bank,Quincy,CA,1980-12-13,false,SM,2024-09-30,"2024Q3",1663528.0,1362188.0,21528.0,1.7515469150365008,16.99,37.83176882017302,806034.0,81830.0,78223.0,189,3321635.2
"23275",Plumas Bank,Quincy,CA,1980-12-13,false,SM,2024-12-31,"2024Q4",1622958.0,1383361.0,29462.0,1.8013151030935273,17.2,40.13535225668241,834113.0,77200.0,70187.0,183,3341863.5
"23275",Plumas Bank,Quincy,CA,1980-12-13,false,SM,2025-03-31,"2025Q1",1632802.0,1385916.0,7382.0,1.81389291593975,15.95,51.39994510019215,841707.0,77881.0,63494.0,184,3341872.5
"23275",Plumas Bank,Quincy,CA,1980-12-13,false,SM,2025-06-30,"2025Q2",1628187.0,1380747.0,13911.0,1.7089866044819897,14.78,51.81536001504961,849115.0,81324.0,56496.0,182,3377264.0
"23275",Plumas Bank,Quincy,CA,1980-12-13,false,SM,2025-09-30,"2025Q3",2229142.0,1833655.0,19393.0,1.4540342121404637,12.57,51.23683393104227,1227188.0,161975.0,64025.0,233,3414490.5
"23275",Plumas Bank,Quincy,CA,1980-12-13,false,SM,2025-12-31,"2025Q4",2238358.0,1819010.0,30709.0,1.6419384080346069,14.01,47.28154877990772,1244975.0,167515.0,56768.0,234,3421992.5
"23472","The Bank of New York Mellon Trust Company, National Association",Los Angeles,CA,1981-07-01,false,N,2022-03-31,"2022Q1",1451176.0,901.0,36934.0,10.304853784506658,12.76,49.15225959833997,0.0,0.0,0.0,821,3162422.5
"23472","The Bank of New York Mellon Trust Company, National Association",Los Angeles,CA,1981-07-01,false,N,2022-06-30,"2022Q2",1497712.0,1570.0,91962.0,12.640763927596224,15.56,43.863055697496165,0.0,0.0,0.0,847,3146316.0
"23472","The Bank of New York Mellon Trust Company, National Association",Los Angeles,CA,1981-07-01,false,N,2022-09-30,"2022Q3",1487315.0,1354.0,156887.0,14.297021708938104,17.57,40.64633761162317,0.0,0.0,0.0,804,3145009.5
"23472","The Bank of New York Mellon Trust Company, National Association",Los Angeles,CA,1981-07-01,false,N,2022-12-31,"2022Q4",1502758.0,2093.0,222018.0,15.092805068160922,18.52,39.24078734700907,0.0,0.0,0.0,791,3135097.5
"23472","The Bank of New York Mellon Trust Company, National Association",Los Angeles,CA,1981-07-01,false,N,2023-03-31,"2023Q1",1514786.0,1079.0,74715.0,19.80816186938782,24.31,31.05824251157715,0.0,0.0,0.0,774,3152233.8
"23472","The Bank of New York Mellon Trust Company, National Association",Los Angeles,CA,1981-07-01,false,N,2023-06-30,"2023Q2",1466781.0,1366.0,131786.0,17.63288789282668,21.56,34.52682052903362,0.0,0.0,0.0,749,3191508.0
"23472","The Bank of New York Mellon Trust Company, National Association",Los Angeles,CA,1981-07-01,false,N,2023-09-30,"2023Q3",1318872.0,1063.0,194652.0,17.888726617414505,22.0,35.30687410061083,0.0,0.0,0.0,717,3223877.8
"23472","The Bank of New York Mellon Trust Company, National Association",Los Angeles,CA,1981-07-01,false,N,2023-12-31,"2023Q4",1318256.0,1264.0,257020.0,18.045474708602303,22.26,35.99447346735112,0.0,0.0,0.0,704,3248446.5
"23472","The Bank of New York Mellon Trust Company, National Association",Los Angeles,CA,1981-07-01,false,N,2024-03-31,"2024Q1",1333194.0,1444.0,63191.0,19.06609590978521,23.97,35.17049929429746,0.0,0.0,0.0,693,3277174.5
"23472","The Bank of New York Mellon Trust Company, National Association",Los Angeles,CA,1981-07-01,false,N,2024-06-30,"2024Q2",1297171.0,1073.0,126232.0,19.1811774287783,24.08,34.0675227148504,0.0,0.0,0.0,682,3287040.8
"23472","The Bank of New York Mellon Trust Company, National Association",Los Angeles,CA,1981-07-01,false,N,2024-09-30,"2024Q3",1291585.0,1118.0,188351.0,19.1693523727884,24.05,34.24553200717206,0.0,0.0,0.0,660,3321635.2
"23472","The Bank of New York Mellon Trust Company, National Association",Los Angeles,CA,1981-07-01,false,N,2024-12-31,"2024Q4",1301949.0,967.0,248467.0,18.989690705891256,23.82,35.47558498913641,0.0,0.0,0.0,642,3341863.5
"23472","The Bank of New York Mellon Trust Company, National Association",Los Angeles,CA,1981-07-01,false,N,2025-03-31,"2025Q1",1334040.0,882.0,52869.0,16.045286987161177,20.1,39.580246483169766,0.0,0.0,0.0,644,3341872.5
"23472","The Bank of New York Mellon Trust Company, National Association",Los Angeles,CA,1981-07-01,false,N,2025-06-30,"2025Q2",1325659.0,797.0,104848.0,15.879452187574463,19.84,39.43788190951463,0.0,0.0,0.0,608,3377264.0
"23472","The Bank of New York Mellon Trust Company, National Association",Los Angeles,CA,1981-07-01,false,N,2025-09-30,"2025Q3",1337285.0,930.0,164367.0,16.542992417530094,20.65,38.66699546764853,0.0,0.0,0.0,594,3414490.5
"23472","The Bank of New York Mellon Trust Company, National Association",Los Angeles,CA,1981-07-01,false,N,2025-12-31,"2025Q4",1351491.0,1420.0,223737.0,16.82125831375563,21.01,37.8672437941916,0.0,0.0,0.0,588,3421992.5
"23749",Mission National Bank,San Francisco,CA,1982-02-16,false,N,2022-03-31,"2022Q1",213788.0,174357.0,-304.0,-0.5594354118935232,-3.23,124.68249585864164,118315.0,4409.0,52.0,40,3162422.5
"23749",Mission National Bank,San Francisco,CA,1982-02-16,false,N,2022-06-30,"2022Q2",205136.0,165680.0,-344.0,-0.3225705623105054,-1.83,118.58313507798044,124937.0,6560.0,46.0,38,3146316.0
"23749",Mission National Bank,San Francisco,CA,1982-02-16,false,N,2022-09-30,"2022Q3",190131.0,150422.0,-306.0,-0.1966237224259058,-1.09,115.53819444444444,123110.0,6270.0,44.0,41,3145009.5
"23749",Mission National Bank,San Francisco,CA,1982-02-16,false,N,2022-12-31,"2022Q4",186374.0,131807.0,-225.0,-0.1106885813659462,-0.6,113.90977443609025,126453.0,7118.0,38.0,42,3135097.5
"23749",Mission National Bank,San Francisco,CA,1982-02-16,false,N,2023-03-31,"2023Q1",186420.0,137118.0,-228.0,-0.4892782609162164,-2.43,119.49941792782306,128813.0,6756.0,38.0,40,3152233.8
"23749",Mission National Bank,San Francisco,CA,1982-02-16,false,N,2023-06-30,"2023Q2",177617.0,128329.0,-349.0,-0.3804429780654819,-1.87,115.54982817869414,123330.0,5893.0,36.0,40,3191508.0
"23749",Mission National Bank,San Francisco,CA,1982-02-16,false,N,2023-09-30,"2023Q3",189240.0,140362.0,1168.0,0.8421779460853835,4.13,79.06435771517188,133335.0,5741.0,36.0,40,3223877.8
"23749",Mission National Bank,San Francisco,CA,1982-02-16,false,N,2023-12-31,"2023Q4",201297.0,152197.0,1264.0,0.6716630462044662,3.33,82.24798387096774,138439.0,5506.0,69.0,39,3248446.5
"23749",Mission National Bank,San Francisco,CA,1982-02-16,false,N,2024-03-31,"2024Q1",210491.0,166444.0,-182.0,-0.3535799974744286,-1.88,118.8124632569077,147982.0,7507.0,68.0,36,3277174.5
"23749",Mission National Bank,San Francisco,CA,1982-02-16,false,N,2024-06-30,"2024Q2",217286.0,171528.0,-202.0,-0.1926641380823241,-1.05,108.45629965947788,156479.0,8335.0,71.0,34,3287040.8
"23749",Mission National Bank,San Francisco,CA,1982-02-16,false,N,2024-09-30,"2024Q3",215180.0,165986.0,-293.0,-0.1850897478720859,-1.03,107.27379095163808,158630.0,7924.0,70.0,34,3321635.2
"23749",Mission National Bank,San Francisco,CA,1982-02-16,false,N,2024-12-31,"2024Q4",218988.0,176245.0,-541.0,-0.2544105669264382,-1.43,110.90881272949818,165921.0,7456.0,67.0,30,3341863.5
"23749",Mission National Bank,San Francisco,CA,1982-02-16,false,N,2025-03-31,"2025Q1",246284.0,189133.0,-380.0,-0.6533812479581836,-4.12,128.47826086956522,197370.0,7207.0,65.0,31,3341872.5
"23749",Mission National Bank,San Francisco,CA,1982-02-16,false,N,2025-06-30,"2025Q2",243334.0,194430.0,147.0,0.1244697335331622,0.79,87.85545023696683,199815.0,6861.0,62.0,31,3377264.0
"23749",Mission National Bank,San Francisco,CA,1982-02-16,false,N,2025-09-30,"2025Q3",240798.0,199948.0,469.0,0.2634569477272057,1.68,82.16070742022299,192687.0,6513.0,59.0,27,3414490.5
"23749",Mission National Bank,San Francisco,CA,1982-02-16,false,N,2025-12-31,"2025Q4",236745.0,192369.0,520.0,0.2191967450969482,1.4,86.8325857328896,190113.0,7547.0,57.0,25,3421992.5
"23805",United Pacific Bank,City Of Industry,CA,1982-05-11,false,NM,2022-03-31,"2022Q1",167717.0,138466.0,113.0,0.2640950508470615,1.68,87.98507462686567,110059.0,3207.0,0.0,29,3162422.5
"23805",United Pacific Bank,City Of Industry,CA,1982-05-11,false,NM,2022-06-30,"2022Q2",161351.0,131468.0,440.0,0.5241714517166615,3.26,79.52910398953564,115088.0,3377.0,0.0,30,3146316.0
"23805",United Pacific Bank,City Of Industry,CA,1982-05-11,false,NM,2022-09-30,"2022Q3",151988.0,121699.0,758.0,0.616583124885608,3.73,77.3529411764706,109343.0,3366.0,0.0,27,3145009.5
"23805",United Pacific Bank,City Of Industry,CA,1982-05-11,false,NM,2022-12-31,"2022Q4",148675.0,116636.0,1045.0,0.6496211061586568,3.84,77.08911501695961,107917.0,2904.0,0.0,27,3135097.5
"23805",United Pacific Bank,City Of Industry,CA,1982-05-11,false,NM,2023-03-31,"2023Q1",151400.0,119032.0,412.0,1.0983920686495043,5.89,68.94541600423953,111406.0,2714.0,0.0,30,3152233.8
"23805",United Pacific Bank,City Of Industry,CA,1982-05-11,false,NM,2023-06-30,"2023Q2",153136.0,119881.0,724.0,0.9584939465282174,5.14,72.45493107104984,112672.0,2328.0,0.0,26,3191508.0
"23805",United Pacific Bank,City Of Industry,CA,1982-05-11,false,NM,2023-09-30,"2023Q3",154260.0,121074.0,1033.0,0.90690676591969,4.86,72.99075391180654,111248.0,2049.0,0.0,30,3223877.8
"23805",United Pacific Bank,City Of Industry,CA,1982-05-11,false,NM,2023-12-31,"2023Q4",151042.0,118101.0,1359.0,0.8958317128381452,4.77,74.16466185511895,111340.0,2855.0,0.0,29,3248446.5
"23805",United Pacific Bank,City Of Industry,CA,1982-05-11,false,NM,2024-03-31,"2024Q1",155987.0,121167.0,1548.0,4.0334952072931225,20.66,40.18717313515001,109795.0,2911.0,0.0,32,3277174.5
"23805",United Pacific Bank,City Of Industry,CA,1982-05-11,false,NM,2024-06-30,"2024Q2",155646.0,121000.0,1725.0,2.236991408656184,11.39,54.328358208955216,110857.0,3322.0,0.0,31,3287040.8
"23805",United Pacific Bank,City Of Industry,CA,1982-05-11,false,NM,2024-09-30,"2024Q3",155371.0,120293.0,2077.0,1.7922705429692936,9.06,60.113604876697146,112650.0,3801.0,0.0,27,3321635.2
"23805",United Pacific Bank,City Of Industry,CA,1982-05-11,false,NM,2024-12-31,"2024Q4",160386.0,125833.0,2084.0,1.3385883416920168,6.79,67.0396163945656,120415.0,3062.0,0.0,30,3341863.5
"23805",United Pacific Bank,City Of Industry,CA,1982-05-11,false,NM,2025-03-31,"2025Q1",164141.0,131857.0,73.0,0.1799542102814249,0.93,93.8118811881188,125352.0,3068.0,0.0,29,3341872.5
"23805",United Pacific Bank,City Of Industry,CA,1982-05-11,false,NM,2025-06-30,"2025Q2",176478.0,142596.0,288.0,0.34490673745771,1.84,87.94512551079977,127299.0,2939.0,0.0,31,3377264.0
"23805",United Pacific Bank,City Of Industry,CA,1982-05-11,false,NM,2025-09-30,"2025Q3",186789.0,152747.0,518.0,0.4016606134976461,2.19,86.32591474915127,132619.0,7455.0,0.0,31,3414490.5
"23805",United Pacific Bank,City Of Industry,CA,1982-05-11,false,NM,2025-12-31,"2025Q4",186022.0,151758.0,645.0,0.3690708341344173,2.04,91.2128017967434,131143.0,6480.0,0.0,31,3421992.5
"23864",Summit Bank,Oakland,CA,1982-07-01,false,NM,2022-03-31,"2022Q1",384188.0,337537.0,325.0,0.3452786465077057,3.34,79.31167826759474,158628.0,12247.0,152.0,37,3162422.5
"23864",Summit Bank,Oakland,CA,1982-07-01,false,NM,2022-06-30,"2022Q2",376176.0,329838.0,875.0,0.4649346301909951,4.51,75.16717874570757,152084.0,20271.0,154.0,33,3146316.0
"23864",Summit Bank,Oakland,CA,1982-07-01,false,NM,2022-09-30,"2022Q3",397849.0,350648.0,1939.0,0.6771973753143337,6.64,67.30494112468361,158706.0,25095.0,143.0,33,3145009.5
"23864",Summit Bank,Oakland,CA,1982-07-01,false,NM,2022-12-31,"2022Q4",361045.0,312237.0,3408.0,0.9025017411822032,8.68,61.854216152019006,164608.0,27675.0,182.0,34,3135097.5
"23864",Summit Bank,Oakland,CA,1982-07-01,false,NM,2023-03-31,"2023Q1",338368.0,288039.0,1592.0,1.8209555727445732,15.45,45.99593954432664,168847.0,31470.0,167.0,33,3152233.8
"23864",Summit Bank,Oakland,CA,1982-07-01,false,NM,2023-06-30,"2023Q2",330440.0,279741.0,2903.0,1.6913093422070915,13.93,48.74791318864774,166411.0,28240.0,153.0,34,3191508.0
"23864",Summit Bank,Oakland,CA,1982-07-01,false,NM,2023-09-30,"2023Q3",330191.0,277261.0,4227.0,1.657551990964998,13.34,49.29492496795114,158760.0,25701.0,138.0,33,3223877.8
"23864",Summit Bank,Oakland,CA,1982-07-01,false,NM,2023-12-31,"2023Q4",318459.0,264351.0,5502.0,1.6389604308124563,12.85,49.661412394013546,157535.0,21905.0,117.0,33,3248446.5
"23864",Summit Bank,Oakland,CA,1982-07-01,false,NM,2024-03-31,"2024Q1",315524.0,260670.0,1303.0,1.644208125454468,11.47,51.35597361348644,155579.0,29282.0,102.0,34,3277174.5
"23864",Summit Bank,Oakland,CA,1982-07-01,false,NM,2024-06-30,"2024Q2",296128.0,241049.0,2372.0,1.530139951038102,10.39,54.77541954590326,151993.0,30861.0,25.0,33,3287040.8
"23864",Summit Bank,Oakland,CA,1982-07-01,false,NM,2024-09-30,"2024Q3",297741.0,241253.0,3528.0,1.5323939367285306,10.22,55.08083140877598,161972.0,29933.0,221.0,35,3321635.2
"23864",Summit Bank,Oakland,CA,1982-07-01,false,NM,2024-12-31,"2024Q4",294037.0,237439.0,4545.0,1.4932100829955406,9.81,56.36555403896265,168205.0,28029.0,208.0,34,3341863.5
"23864",Summit Bank,Oakland,CA,1982-07-01,false,NM,2025-03-31,"2025Q1",287130.0,230152.0,906.0,1.2471458289957964,7.58,61.30164731298947,167074.0,25597.0,195.0,35,3341872.5
"23864",Summit Bank,Oakland,CA,1982-07-01,false,NM,2025-06-30,"2025Q2",279604.0,222150.0,1728.0,1.2045015457072787,7.2,62.75627970128989,165717.0,24993.0,182.0,32,3377264.0
"23864",Summit Bank,Oakland,CA,1982-07-01,false,NM,2025-09-30,"2025Q3",285225.0,227081.0,2362.0,1.0992201019898846,6.54,66.17371770872332,165260.0,23334.0,168.0,33,3414490.5
"23864",Summit Bank,Oakland,CA,1982-07-01,false,NM,2025-12-31,"2025Q4",278782.0,220388.0,3035.0,1.0650782086753166,6.28,68.19854217285665,156742.0,25758.0,156.0,33,3421992.5
"23998",State Bank of India (California),Los Angeles,CA,1982-09-03,false,NM,2022-03-31,"2022Q1",970852.0,789486.0,3254.0,1.3650495506904166,8.46,55.01822600243014,566660.0,241782.0,0.0,85,3162422.5
"23998",State Bank of India (California),Los Angeles,CA,1982-09-03,false,NM,2022-06-30,"2022Q2",1038834.0,816290.0,5822.0,1.1857953046823844,7.6,52.993765439360075,599769.0,256858.0,0.0,90,3146316.0
"23998",State Bank of India (California),Los Angeles,CA,1982-09-03,false,NM,2022-09-30,"2022Q3",1074737.0,896236.0,9219.0,1.222869048661297,8.05,51.82328715836765,600916.0,294949.0,0.0,92,3145009.5
"23998",State Bank of India (California),Los Angeles,CA,1982-09-03,false,NM,2022-12-31,"2022Q4",1087572.0,923299.0,12473.0,1.2208849335771257,8.14,51.03764872059543,593457.0,303804.0,0.0,88,3135097.5
"23998",State Bank of India (California),Los Angeles,CA,1982-09-03,false,NM,2023-03-31,"2023Q1",1075271.0,869890.0,4523.0,1.6729831985030814,11.6,51.278149726110776,587228.0,303648.0,0.0,93,3152233.8
"23998",State Bank of India (California),Los Angeles,CA,1982-09-03,false,NM,2023-06-30,"2023Q2",1097778.0,879348.0,7639.0,1.405683150540955,9.73,51.41124817060422,587839.0,339284.0,0.0,90,3191508.0
"23998",State Bank of India (California),Los Angeles,CA,1982-09-03,false,NM,2023-09-30,"2023Q3",1151346.0,935269.0,10757.0,1.300309644201781,9.09,51.350685895181144,608341.0,354580.0,0.0,91,3223877.8
"23998",State Bank of India (California),Los Angeles,CA,1982-09-03,false,NM,2023-12-31,"2023Q4",1143704.0,961030.0,13623.0,1.2260445227948165,8.54,51.59990456244532,630517.0,356798.0,0.0,90,3248446.5
"23998",State Bank of India (California),Los Angeles,CA,1982-09-03,false,NM,2024-03-31,"2024Q1",1172211.0,993281.0,3977.0,1.3737982611624349,9.59,55.20597555454957,638861.0,377547.0,0.0,92,3277174.5
"23998",State Bank of India (California),Los Angeles,CA,1982-09-03,false,NM,2024-06-30,"2024Q2",1163969.0,982597.0,6473.0,1.1160716851481256,7.77,56.75226412931331,641042.0,341552.0,0.0,95,3287040.8
"23998",State Bank of India (California),Los Angeles,CA,1982-09-03,false,NM,2024-09-30,"2024Q3",1233145.0,1048450.0,7888.0,0.8925954327885526,6.27,58.36511421857544,654497.0,398892.0,0.0,97,3321635.2
"23998",State Bank of India (California),Los Angeles,CA,1982-09-03,false,NM,2024-12-31,"2024Q4",1240830.0,1054025.0,10265.0,0.862045943647641,6.08,58.91728020788221,668848.0,396535.0,0.0,99,3341863.5
"23998",State Bank of India (California),Los Angeles,CA,1982-09-03,false,NM,2025-03-31,"2025Q1",1271606.0,1085677.0,2800.0,0.891564999068633,6.48,61.30404783808648,650708.0,447364.0,0.0,96,3341872.5
"23998",State Bank of India (California),Los Angeles,CA,1982-09-03,false,NM,2025-06-30,"2025Q2",1304087.0,1115005.0,5094.0,0.8008336383666494,5.86,57.46831293706294,658394.0,470272.0,0.0,101,3377264.0
"23998",State Bank of India (California),Los Angeles,CA,1982-09-03,false,NM,2025-09-30,"2025Q3",1320323.0,1126636.0,7981.0,0.8286070713429992,6.07,57.946529345372454,647706.0,485721.0,0.0,100,3414490.5
"23998",State Bank of India (California),Los Angeles,CA,1982-09-03,false,NM,2025-12-31,"2025Q4",1342534.0,1142963.0,10372.0,0.8003852220428497,5.87,58.59242359932089,659504.0,501678.0,0.0,100,3421992.5
"24045",Banc of California,Los Angeles,CA,1982-08-26,false,SM,2022-03-31,"2022Q1",39197693,33396487,130424.0,1.3115065495824485,12.97,48.76942071042444,15844037,3032578.0,504567.0,2271,3162422.5
"24045",Banc of California,Los Angeles,CA,1982-08-26,false,SM,2022-06-30,"2022Q2",40909816,34345709,257153.0,1.2807852323043287,12.83,48.8502214000187,17647029,3190919.0,482532.0,2366,3146316.0
"24045",Banc of California,Los Angeles,CA,1982-08-26,false,SM,2022-09-30,"2022Q3",41359200,34543951,392089.0,1.2921854742699903,13.12,49.32268424252545,18958639,3255563.0,463501.0,2434,3145009.5
"24045",Banc of California,Los Angeles,CA,1982-08-26,false,SM,2022-12-31,"2022Q4",41183756,34285463,448139.0,1.10373886253602,11.25,50.326623744114066,19971380,3318489.0,443635.0,2418,3135097.5
"24045",Banc of California,Los Angeles,CA,1982-08-26,false,SM,2023-03-31,"2023Q1",44254517,28527246,-1186710.0,-11.111741455729096,-139.61,58.82833375968144,20132727,3421901.0,426195.0,2327,3152233.8
"24045",Banc of California,Los Angeles,CA,1982-08-26,false,SM,2023-06-30,"2023Q2",38172074,28102334,-1376219.0,-6.6801155408131,-87.9,130.10840268552943,17081247,3067670.0,408789.0,1864,3191508.0
"24045",Banc of California,Los Angeles,CA,1982-08-26,false,SM,2023-09-30,"2023Q3",36711566,26782405,-1389451.0,-4.622088106695683,-62.4,123.04025191819665,16798386,2890244.0,393435.0,1761,3223877.8
"24045",Banc of California,Los Angeles,CA,1982-08-26,false,SM,2023-12-31,"2023Q4",38369415,30582650,-1863064.0,-4.6883374799326925,-59.67,137.3853270682756,19414752,3887562.0,452029.0,2290,3248446.5
"24045",Banc of California,Los Angeles,CA,1982-08-26,false,SM,2024-03-31,"2024Q1",35994085,29123530,41828.0,0.4499841992375291,4.45,73.01239202814621,19324394,3889595.0,438652.0,2196,3277174.5
"24045",Banc of California,Los Angeles,CA,1982-08-26,false,SM,2024-06-30,"2024Q2",35160391,28990696,84716.0,0.4640960025790172,4.48,71.19513417022809,18910867,4016451.0,425858.0,2057,3287040.8
"24045",Banc of California,Los Angeles,CA,1982-08-26,false,SM,2024-09-30,"2024Q3",33345197,27017883,105445.0,0.3936185789888993,3.68,68.57004114020516,16885682,4332022.0,414407.0,1957,3321635.2
"24045",Banc of California,Los Angeles,CA,1982-08-26,false,SM,2024-12-31,"2024Q4",33458298,27380375,171367.0,0.4859341588606094,4.47,66.7997168063708,16709291,4567387.0,402728.0,1897,3341863.5
"24045",Banc of California,Los Angeles,CA,1982-08-26,false,SM,2025-03-31,"2025Q1",33692415,27517035,63722.0,0.7591520286612593,6.55,63.3493983709404,16483367,4741833.0,391918.0,1866,3341872.5
"24045",Banc of California,Los Angeles,CA,1982-08-26,false,SM,2025-06-30,"2025Q2",34163241,27672235,99369.0,0.5884816221860218,5.17,62.77182137681289,16658299,2893255.0,380666.0,1903,3377264.0
"24045",Banc of California,Los Angeles,CA,1982-08-26,false,SM,2025-09-30,"2025Q3",33923978,27339442,177946.0,0.7017421763000635,6.19,61.67216142597447,16022747,2978527.0,367115.0,1899,3414490.5
"24045",Banc of California,Los Angeles,CA,1982-08-26,false,SM,2025-12-31,"2025Q4",34710463,27999648,265551.0,0.7812695141957652,6.92,60.4887202490751,15942978,3129853.0,354947.0,1902,3421992.5
"24170",Hanmi Bank,Los Angeles,CA,1982-12-15,false,NM,2022-03-31,"2022Q1",6726735.0,5801391.0,23994.0,1.413210282615552,13.01,48.49202963805552,4212411.0,1085138.0,5528.0,608,3162422.5
"24170",Hanmi Bank,Los Angeles,CA,1982-12-15,false,NM,2022-06-30,"2022Q2",6940385.0,6001778.0,50864.0,1.4870284801835514,13.96,45.83749296303246,4350841.0,1216599.0,6176.0,611,3146316.0
"24170",Hanmi Bank,Los Angeles,CA,1982-12-15,false,NM,2022-09-30,"2022Q3",7105394.0,6216304.0,79949.0,1.543277609535468,14.77,45.05255527364987,4498787.0,1229051.0,6055.0,623,3145009.5
"24170",Hanmi Bank,Los Angeles,CA,1982-12-15,false,NM,2022-12-31,"2022Q4",7348419.0,6178629.0,110388.0,1.5780133682554396,15.27,44.800896003652504,4561943.0,1329719.0,5401.0,624,3135097.5
"24170",Hanmi Bank,Los Angeles,CA,1982-12-15,false,NM,2023-03-31,"2023Q1",7407990.0,6214113.0,25975.0,1.408201683756529,14.03,47.04746863209617,4590087.0,1321334.0,7523.0,622,3152233.8
"24170",Hanmi Bank,Los Angeles,CA,1982-12-15,false,NM,2023-06-30,"2023Q2",7317785.0,6328339.0,48467.0,1.3173844535388244,12.98,48.35725842796244,4626570.0,1310905.0,5444.0,618,3191508.0
"24170",Hanmi Bank,Los Angeles,CA,1982-12-15,false,NM,2023-09-30,"2023Q3",7319729.0,6268788.0,69291.0,1.2572080331026247,12.34,48.450385249735376,4701652.0,1288260.0,5072.0,615,3223877.8
"24170",Hanmi Bank,Los Angeles,CA,1982-12-15,false,NM,2023-12-31,"2023Q4",7534939.0,6288066.0,89843.0,1.2164333685668407,11.86,50.018914318138826,4858079.0,1271015.0,5357.0,614,3248446.5
"24170",Hanmi Bank,Los Angeles,CA,1982-12-15,false,NM,2024-03-31,"2024Q1",7476932.0,6382715.0,17300.0,0.9219370456887086,8.75,58.26036096256685,4847315.0,1283544.0,6201.0,610,3277174.5
"24170",Hanmi Bank,Los Angeles,CA,1982-12-15,false,NM,2024-06-30,"2024Q2",7547891.0,6336832.0,33935.0,0.9025361171806688,8.58,58.00814733090045,4853209.0,1286663.0,5816.0,602,3287040.8
"24170",Hanmi Bank,Los Angeles,CA,1982-12-15,false,NM,2024-09-30,"2024Q3",7678240.0,6416965.0,50932.0,0.8983085006740854,8.51,57.2871394149571,4911966.0,1316650.0,7656.0,607,3321635.2
"24170",Hanmi Bank,Los Angeles,CA,1982-12-15,false,NM,2024-12-31,"2024Q4",7637519.0,6447162.0,70915.0,0.9361587395721896,8.85,56.474122570753735,4897356.0,1271119.0,4848.0,595,3341863.5
"24170",Hanmi Bank,Los Angeles,CA,1982-12-15,false,NM,2025-03-31,"2025Q1",7684437.0,6626112.0,19654.0,1.026187518094948,9.57,52.36132283856516,4950574.0,1258125.0,6866.0,603,3341872.5
"24170",Hanmi Bank,Los Angeles,CA,1982-12-15,false,NM,2025-06-30,"2025Q2",7817839.0,6738050.0,36834.0,0.9550819270438652,8.89,52.559306569343065,4981094.0,1268622.0,7740.0,597,3377264.0
"24170",Hanmi Bank,Los Angeles,CA,1982-12-15,false,NM,2025-09-30,"2025Q3",7811870.0,6772314.0,60964.0,1.0504546517933688,9.72,51.50614814379008,5052195.0,1223128.0,7274.0,609,3414490.5
"24170",Hanmi Bank,Los Angeles,CA,1982-12-15,false,NM,2025-12-31,"2025Q4",7822274.0,6686435.0,84169.0,1.0853810854759944,9.98,51.63125797554107,5081125.0,1246216.0,4387.0,609,3421992.5
"24211","Bank of Whittier, National Association",Whittier,CA,1982-12-20,false,N,2022-03-31,"2022Q1",170368.0,149493.0,380.0,0.907338096858342,7.73,54.044750430292595,44655.0,4.0,1087.0,25,3162422.5
"24211","Bank of Whittier, National Association",Whittier,CA,1982-12-20,false,N,2022-06-30,"2022Q2",177467.0,155234.0,559.0,0.6544224244067955,5.56,62.009569377990424,48798.0,1.0,1130.0,25,3146316.0
"24211","Bank of Whittier, National Association",Whittier,CA,1982-12-20,false,N,2022-09-30,"2022Q3",184242.0,161605.0,923.0,0.7064956261526648,6.03,61.02853745541022,48236.0,0.0,1364.0,25,3145009.5
"24211","Bank of Whittier, National Association",Whittier,CA,1982-12-20,false,N,2022-12-31,"2022Q4",181729.0,158394.0,1126.0,0.6408767831855788,5.45,58.92896174863388,58051.0,0.0,1630.0,21,3135097.5
"24211","Bank of Whittier, National Association",Whittier,CA,1982-12-20,false,N,2023-03-31,"2023Q1",177630.0,153835.0,327.0,0.7279628449544884,6.03,60.17167381974249,58213.0,0.0,1885.0,22,3152233.8
"24211","Bank of Whittier, National Association",Whittier,CA,1982-12-20,false,N,2023-06-30,"2023Q2",168494.0,144211.0,826.0,0.938897761308546,7.54,48.67042707493957,62371.0,395.0,2295.0,23,3191508.0
"24211","Bank of Whittier, National Association",Whittier,CA,1982-12-20,false,N,2023-09-30,"2023Q3",171339.0,146943.0,1055.0,0.8047183034130825,6.37,52.702702702702695,71812.0,388.0,1176.0,22,3223877.8
"24211","Bank of Whittier, National Association",Whittier,CA,1982-12-20,false,N,2023-12-31,"2023Q4",175831.0,151190.0,1204.0,0.6879819159039248,5.42,58.41213987244337,73134.0,381.0,1302.0,23,3248446.5
"24211","Bank of Whittier, National Association",Whittier,CA,1982-12-20,false,N,2024-03-31,"2024Q1",175659.0,150830.0,218.0,0.4961734330990924,3.82,72.11191335740072,72149.0,373.0,1271.0,23,3277174.5
"24211","Bank of Whittier, National Association",Whittier,CA,1982-12-20,false,N,2024-06-30,"2024Q2",172453.0,147043.0,733.0,0.8394042863441253,6.36,58.209554395824966,75831.0,366.0,1283.0,24,3287040.8
"24211","Bank of Whittier, National Association",Whittier,CA,1982-12-20,false,N,2024-09-30,"2024Q3",183149.0,157837.0,898.0,0.6773112409700577,5.16,64.96655518394648,82768.0,357.0,1367.0,23,3321635.2
"24211","Bank of Whittier, National Association",Whittier,CA,1982-12-20,false,N,2024-12-31,"2024Q4",181262.0,156004.0,1178.0,0.6630239746767618,5.05,64.50172518774102,83902.0,349.0,1250.0,21,3341863.5
"24211","Bank of Whittier, National Association",Whittier,CA,1982-12-20,false,N,2025-03-31,"2025Q1",173360.0,147931.0,175.0,0.3947865614654477,2.91,76.98658410732713,83255.0,341.0,1090.0,21,3341872.5
"24211","Bank of Whittier, National Association",Whittier,CA,1982-12-20,false,N,2025-06-30,"2025Q2",173813.0,147919.0,588.0,0.6676317806352721,4.86,63.01546391752577,85213.0,333.0,954.0,20,3377264.0
"24211","Bank of Whittier, National Association",Whittier,CA,1982-12-20,false,N,2025-09-30,"2025Q3",167363.0,141232.0,872.0,0.6683765115737613,4.78,63.56353591160221,83184.0,325.0,1001.0,22,3414490.5
"24211","Bank of Whittier, National Association",Whittier,CA,1982-12-20,false,N,2025-12-31,"2025Q4",168938.0,141565.0,1318.0,0.7620823002627392,5.38,61.44144144144145,83598.0,316.0,936.0,22,3421992.5
"24332",First Credit Bank,Los Angeles,CA,1983-02-18,false,NM,2022-03-31,"2022Q1",498852.0,286228.0,5237.0,4.262696723413088,10.19,15.174097391751252,386524.0,10398.0,0.0,24,3162422.5
"24332",First Credit Bank,Los Angeles,CA,1983-02-18,false,NM,2022-06-30,"2022Q2",512496.0,297948.0,11613.0,4.659651131375439,11.25,12.79626908579825,403920.0,10607.0,0.0,24,3146316.0
"24332",First Credit Bank,Los Angeles,CA,1983-02-18,false,NM,2022-09-30,"2022Q3",524065.0,302638.0,20802.0,5.493736367944546,13.31,5.791866222907704,404733.0,9701.0,0.0,24,3145009.5
"24332",First Credit Bank,Los Angeles,CA,1983-02-18,false,NM,2022-12-31,"2022Q4",581115.0,359791.0,27525.0,5.292194508192183,13.11,6.944931602946334,459027.0,10030.0,0.0,24,3135097.5
"24332",First Credit Bank,Los Angeles,CA,1983-02-18,false,NM,2023-03-31,"2023Q1",595459.0,377875.0,7871.0,5.351809575938275,14.71,15.364744781979748,455512.0,7770.0,0.0,23,3152233.8
"24332",First Credit Bank,Los Angeles,CA,1983-02-18,false,NM,2023-06-30,"2023Q2",560270.0,339172.0,16428.0,5.675121081686093,15.39,14.14478754559934,461046.0,7409.0,0.0,23,3191508.0
"24332",First Credit Bank,Los Angeles,CA,1983-02-18,false,NM,2023-09-30,"2023Q3",555049.0,327726.0,24673.0,5.741369409479413,15.34,13.060587556822036,464341.0,4210.0,0.0,24,3223877.8
"24332",First Credit Bank,Los Angeles,CA,1983-02-18,false,NM,2023-12-31,"2023Q4",578104.0,350144.0,32723.0,5.700877039244292,15.16,14.778546626364566,479402.0,2128.0,0.0,23,3248446.5
"24332",First Credit Bank,Los Angeles,CA,1983-02-18,false,NM,2024-03-31,"2024Q1",578206.0,340388.0,8341.0,5.770770814055055,14.79,7.391441488802439,485000.0,1337.0,0.0,23,3277174.5
"24332",First Credit Bank,Los Angeles,CA,1983-02-18,false,NM,2024-06-30,"2024Q2",562688.0,321861.0,16790.0,5.86039076252561,14.76,12.398723299779032,453049.0,1990.0,0.0,24,3287040.8
"24332",First Credit Bank,Los Angeles,CA,1983-02-18,false,NM,2024-09-30,"2024Q3",562346.0,312715.0,28205.0,6.593609118133871,16.33,11.068846274756366,412842.0,4625.0,0.0,25,3321635.2
"24332",First Credit Bank,Los Angeles,CA,1983-02-18,false,NM,2024-12-31,"2024Q4",534288.0,299913.0,34078.0,6.05157208044233,14.83,13.012921144789278,412611.0,3204.0,0.0,24,3341863.5
"24332",First Credit Bank,Los Angeles,CA,1983-02-18,false,NM,2025-03-31,"2025Q1",533459.0,291352.0,6168.0,4.621319469874418,10.68,21.770334928229666,412374.0,3201.0,0.0,24,3341872.5
"24332",First Credit Bank,Los Angeles,CA,1983-02-18,false,NM,2025-06-30,"2025Q2",526240.0,282355.0,12919.0,4.862900387518844,11.13,18.70881132536002,428025.0,3173.0,0.0,25,3377264.0
"24332",First Credit Bank,Los Angeles,CA,1983-02-18,false,NM,2025-09-30,"2025Q3",524056.0,270182.0,22434.0,5.648847015853786,12.73,19.158896734677956,392670.0,3155.0,0.0,25,3414490.5
"24332",First Credit Bank,Los Angeles,CA,1983-02-18,false,NM,2025-12-31,"2025Q4",500519.0,259394.0,30849.0,5.890446741379429,13.13,18.782321106434154,386076.0,4129.0,0.0,25,3421992.5
"25178","Bank of America California, National Association",San Francisco,CA,1984-05-18,false,N,2022-03-31,"2022Q1",29855000,27323000,55000.0,0.7482102470794293,9.75,26.31578947368421,14256000,0.0,0.0,0,3162422.5
"25178","Bank of America California, National Association",San Francisco,CA,1984-05-18,false,N,2022-06-30,"2022Q2",26568000,23985000,134000.0,0.9417276720351392,11.7,21.551724137931032,13301000,0.0,0.0,0,3146316.0
"25178","Bank of America California, National Association",San Francisco,CA,1984-05-18,false,N,2022-09-30,"2022Q3",20139000,17450000,237000.0,1.197915347726368,13.54,18.86304909560723,13319000,0.0,0.0,0,3145009.5
"25178","Bank of America California, National Association",San Francisco,CA,1984-05-18,false,N,2022-12-31,"2022Q4",18204000,13984000,316000.0,1.2770979162288432,13.58,19.5357833655706,13046000,0.0,0.0,0,3135097.5
"25178","Bank of America California, National Association",San Francisco,CA,1984-05-18,false,N,2023-03-31,"2023Q1",16550000,10144000,57000.0,1.312079185129769,9.98,23.0,12773000,0.0,0.0,0,3152233.8
"25178","Bank of America California, National Association",San Francisco,CA,1984-05-18,false,N,2023-06-30,"2023Q2",15412000,8616000.0,92000.0,1.1003468484631025,8.1,27.32558139534883,12427000,0.0,0.0,0,3191508.0
"25178","Bank of America California, National Association",San Francisco,CA,1984-05-18,false,N,2023-09-30,"2023Q3",15156000,7616000.0,120000.0,0.9797373013686048,7.06,29.694323144104807,12110000,0.0,0.0,0,3223877.8
"25178","Bank of America California, National Association",San Francisco,CA,1984-05-18,false,N,2023-12-31,"2023Q4",15440000,11606000,137000.0,0.8481711696094698,6.06,33.45070422535211,11757000,0.0,0.0,0,3248446.5
"25178","Bank of America California, National Association",San Francisco,CA,1984-05-18,false,N,2024-03-31,"2024Q1",14667000,10909000,24000.0,0.6377254459095891,4.28,38.18181818181819,11522000,0.0,0.0,0,3277174.5
"25178","Bank of America California, National Association",San Francisco,CA,1984-05-18,false,N,2024-06-30,"2024Q2",15007000,11725000,34000.0,0.4521877909296448,3.26,46.666666666666664,11241000,0.0,0.0,0,3287040.8
"25178","Bank of America California, National Association",San Francisco,CA,1984-05-18,false,N,2024-09-30,"2024Q3",16200000,13219000,41000.0,0.3566252405649606,2.72,54.54545454545454,10953000,0.0,0.0,0,3321635.2
"25178","Bank of America California, National Association",San Francisco,CA,1984-05-18,false,N,2024-12-31,"2024Q4",15691000,12685000,69000.0,0.4480228556587234,3.51,44.91017964071856,10672000,0.0,0.0,0,3341863.5
"25178","Bank of America California, National Association",San Francisco,CA,1984-05-18,false,N,2025-03-31,"2025Q1",16118000,13313000,22000.0,0.5533025244427677,4.85,49.15254237288136,10587000,0.0,0.0,0,3341872.5
"25178","Bank of America California, National Association",San Francisco,CA,1984-05-18,false,N,2025-06-30,"2025Q2",14984000,12599000,45000.0,0.5770093817451328,4.93,48.739495798319325,10267000,0.0,0.0,0,3377264.0
"25178","Bank of America California, National Association",San Francisco,CA,1984-05-18,false,N,2025-09-30,"2025Q3",15015000,12625000,60000.0,0.5177193890758478,4.36,53.97727272727273,9986000.0,0.0,0.0,0,3414490.5
"25178","Bank of America California, National Association",San Francisco,CA,1984-05-18,false,N,2025-12-31,"2025Q4",15505000,13089000,84000.0,0.5432462845834465,4.55,52.30125523012552,9734000.0,0.0,0.0,0,3421992.5
"25249","C3bank, National Association",Encinitas,CA,1984-06-01,false,N,2022-03-31,"2022Q1",716952.0,648408.0,2171.0,1.1603893531203504,14.9,53.00874335676325,442937.0,37520.0,24.0,43,3162422.5
"25249","C3bank, National Association",Encinitas,CA,1984-06-01,false,N,2022-06-30,"2022Q2",735830.0,664386.0,3956.0,1.0631698281217736,13.26,51.41413318118836,481551.0,19199.0,22.0,52,3146316.0
"25249","C3bank, National Association",Encinitas,CA,1984-06-01,false,N,2022-09-30,"2022Q3",688231.0,604829.0,5994.0,1.09446729663106,13.15,50.515142054324066,525802.0,8412.0,21.0,48,3145009.5
"25249","C3bank, National Association",Encinitas,CA,1984-06-01,false,N,2022-12-31,"2022Q4",731074.0,656318.0,8425.0,1.1535173447933855,13.62,49.94360902255639,545084.0,16685.0,19.0,51,3135097.5
"25249","C3bank, National Association",Encinitas,CA,1984-06-01,false,N,2023-03-31,"2023Q1",833700.0,698817.0,2980.0,1.5235426969006387,17.39,46.13642084067455,540454.0,15250.0,0.0,54,3152233.8
"25249","C3bank, National Association",Encinitas,CA,1984-06-01,false,N,2023-06-30,"2023Q2",861317.0,731262.0,6752.0,1.6698466792877924,19.16,46.1921573572059,554295.0,19569.0,3.0,55,3191508.0
"25249","C3bank, National Association",Encinitas,CA,1984-06-01,false,N,2023-09-30,"2023Q3",860862.0,722166.0,9699.0,1.573697792453984,17.95,47.48480965568553,557242.0,19879.0,2.0,54,3223877.8
"25249","C3bank, National Association",Encinitas,CA,1984-06-01,false,N,2023-12-31,"2023Q4",885366.0,749960.0,11869.0,1.4223504962108602,16.18,50.137176374128856,551421.0,17495.0,3.0,60,3248446.5
"25249","C3bank, National Association",Encinitas,CA,1984-06-01,false,N,2024-03-31,"2024Q1",883174.0,742722.0,2474.0,1.1191152023703168,12.41,55.06713959969597,555326.0,18026.0,1.0,60,3277174.5
"25249","C3bank, National Association",Encinitas,CA,1984-06-01,false,N,2024-06-30,"2024Q2",772759.0,669316.0,5207.0,1.229371278232117,12.98,51.29950495049505,588857.0,18163.0,2.0,63,3287040.8
"25249","C3bank, National Association",Encinitas,CA,1984-06-01,false,N,2024-09-30,"2024Q3",809231.0,707130.0,7732.0,1.2307396859601316,12.72,52.52808988764045,574129.0,12330.0,2.0,65,3321635.2
"25249","C3bank, National Association",Encinitas,CA,1984-06-01,false,N,2024-12-31,"2024Q4",950499.0,848131.0,10300.0,1.1973878809001286,12.57,53.43793692713997,550267.0,12641.0,1.0,60,3341863.5
"25249","C3bank, National Association",Encinitas,CA,1984-06-01,false,N,2025-03-31,"2025Q1",928807.0,824623.0,2637.0,1.1225420447761034,12.14,55.01602754363053,537300.0,12089.0,2.0,60,3341872.5
"25249","C3bank, National Association",Encinitas,CA,1984-06-01,false,N,2025-06-30,"2025Q2",952057.0,848863.0,5377.0,1.1394512113070632,12.4,54.416582286020606,562667.0,11790.0,1.0,57,3377264.0
"25249","C3bank, National Association",Encinitas,CA,1984-06-01,false,N,2025-09-30,"2025Q3",934021.0,825621.0,8390.0,1.1883395690851184,12.81,53.45245542696277,570783.0,13481.0,1.0,58,3414490.5
"25249","C3bank, National Association",Encinitas,CA,1984-06-01,false,N,2025-12-31,"2025Q4",996220.0,885777.0,11331.0,1.1898301496722532,12.84,53.100808906671304,594163.0,13065.0,2.0,62,3421992.5
"25644","BEACON BUSINESS BANK, NATIONAL ASSOCIATION",San Francisco,CA,1984-08-21,false,N,2022-03-31,"2022Q1",155485.0,136597.0,211.0,0.5320926244649128,4.6,98.4278879015721,64332.0,4368.0,0.0,24,3162422.5
"25644","BEACON BUSINESS BANK, NATIONAL ASSOCIATION",San Francisco,CA,1984-08-21,false,N,2022-06-30,"2022Q2",154240.0,137781.0,295.0,0.375415183741341,3.44,93.9413895291406,75067.0,2281.0,0.0,23,3146316.0
"25644","BEACON BUSINESS BANK, NATIONAL ASSOCIATION",San Francisco,CA,1984-08-21,false,N,2022-09-30,"2022Q3",153554.0,139793.0,725.0,0.6186195266802339,6.04,86.7965367965368,78097.0,1931.0,0.0,22,3145009.5
"25644","BEACON BUSINESS BANK, NATIONAL ASSOCIATION",San Francisco,CA,1984-08-21,false,N,2022-12-31,"2022Q4",148117.0,116233.0,893.0,0.5775083457393078,5.79,88.20967257434665,82558.0,1725.0,0.0,19,3135097.5
"25644","BEACON BUSINESS BANK, NATIONAL ASSOCIATION",San Francisco,CA,1984-08-21,false,N,2023-03-31,"2023Q1",158264.0,123447.0,58.0,0.1514454225294649,1.7,105.09505703422052,82593.0,1662.0,0.0,18,3152233.8
"25644","BEACON BUSINESS BANK, NATIONAL ASSOCIATION",San Francisco,CA,1984-08-21,false,N,2023-06-30,"2023Q2",165243.0,130479.0,253.0,0.3218665716757417,3.71,100.51546391752578,83155.0,1592.0,0.0,19,3191508.0
"25644","BEACON BUSINESS BANK, NATIONAL ASSOCIATION",San Francisco,CA,1984-08-21,false,N,2023-09-30,"2023Q3",183792.0,139558.0,80.0,0.0650969765767085,0.79,98.54721549636804,89638.0,1285.0,0.0,20,3223877.8
"25644","BEACON BUSINESS BANK, NATIONAL ASSOCIATION",San Francisco,CA,1984-08-21,false,N,2023-12-31,"2023Q4",165611.0,119519.0,95.0,0.057854370197326,0.69,96.14409847936278,93582.0,2076.0,0.0,20,3248446.5
"25644","BEACON BUSINESS BANK, NATIONAL ASSOCIATION",San Francisco,CA,1984-08-21,false,N,2024-03-31,"2024Q1",165708.0,120480.0,40.0,0.0965836550273301,1.1,109.39542483660132,89667.0,2657.0,0.0,20,3277174.5
"25644","BEACON BUSINESS BANK, NATIONAL ASSOCIATION",San Francisco,CA,1984-08-21,false,N,2024-06-30,"2024Q2",174324.0,128536.0,35.0,0.0415312779965311,0.48,104.49210845811412,92079.0,1336.0,0.0,20,3287040.8
"25644","BEACON BUSINESS BANK, NATIONAL ASSOCIATION",San Francisco,CA,1984-08-21,false,N,2024-09-30,"2024Q3",180193.0,132716.0,53.0,0.0412138762036405,0.47,105.63418617310832,94420.0,3666.0,0.0,20,3321635.2
"25644","BEACON BUSINESS BANK, NATIONAL ASSOCIATION",San Francisco,CA,1984-08-21,false,N,2024-12-31,"2024Q4",177003.0,148315.0,-25.0,-0.0144870595789017,-0.17,103.03151977514555,101484.0,3465.0,0.0,18,3341863.5
"25644","BEACON BUSINESS BANK, NATIONAL ASSOCIATION",San Francisco,CA,1984-08-21,false,N,2025-03-31,"2025Q1",169196.0,140024.0,-203.0,-0.469094364801747,-5.25,107.53623188405795,108585.0,3506.0,0.0,23,3341872.5
"25644","BEACON BUSINESS BANK, NATIONAL ASSOCIATION",San Francisco,CA,1984-08-21,false,N,2025-06-30,"2025Q2",176440.0,140788.0,-178.0,-0.2043475515604461,-2.29,103.22913088285812,111060.0,7255.0,0.0,25,3377264.0
"25644","BEACON BUSINESS BANK, NATIONAL ASSOCIATION",San Francisco,CA,1984-08-21,false,N,2025-09-30,"2025Q3",176326.0,146522.0,-43.0,-0.0328095970470624,-0.36,99.38944614042738,110709.0,4958.0,0.0,24,3414490.5
"25644","BEACON BUSINESS BANK, NATIONAL ASSOCIATION",San Francisco,CA,1984-08-21,false,N,2025-12-31,"2025Q4",167237.0,131958.0,400.0,0.2308930249526092,2.48,94.49644932214332,105160.0,8270.0,0.0,23,3421992.5
"25726",Murphy Bank,Fresno,CA,1984-02-01,false,NM,2022-03-31,"2022Q1",359480.0,311674.0,2363.0,2.6616355034917776,22.58,42.60926861410059,56666.0,102122.0,76731.0,33,3162422.5
"25726",Murphy Bank,Fresno,CA,1984-02-01,false,NM,2022-06-30,"2022Q2",361050.0,316853.0,4843.0,2.712430807717798,22.88,42.243722143711274,57449.0,103270.0,78624.0,36,3146316.0
"25726",Murphy Bank,Fresno,CA,1984-02-01,false,NM,2022-09-30,"2022Q3",366434.0,320964.0,7124.0,2.642629378100386,22.14,43.166509741435505,59322.0,104351.0,78883.0,35,3145009.5
"25726",Murphy Bank,Fresno,CA,1984-02-01,false,NM,2022-12-31,"2022Q4",359341.0,310739.0,9266.0,2.5780926121203187,21.36,43.91766122851199,58702.0,103903.0,75771.0,35,3135097.5
"25726",Murphy Bank,Fresno,CA,1984-02-01,false,NM,2023-03-31,"2023Q1",370721.0,317801.0,1828.0,2.003117543441516,15.97,50.19059720457433,60557.0,104694.0,75681.0,35,3152233.8
"25726",Murphy Bank,Fresno,CA,1984-02-01,false,NM,2023-06-30,"2023Q2",377698.0,310405.0,3555.0,1.9255073301076049,15.37,50.27738356341117,61503.0,105219.0,76681.0,33,3191508.0
"25726",Murphy Bank,Fresno,CA,1984-02-01,false,NM,2023-09-30,"2023Q3",378207.0,310081.0,4990.0,1.7909326384771669,14.26,52.729363885694056,61660.0,105309.0,76731.0,35,3223877.8
"25726",Murphy Bank,Fresno,CA,1984-02-01,false,NM,2023-12-31,"2023Q4",368404.0,301017.0,6204.0,1.672804417239053,13.21,55.287682333873576,62145.0,102630.0,74884.0,35,3248446.5
"25726",Murphy Bank,Fresno,CA,1984-02-01,false,NM,2024-03-31,"2024Q1",370986.0,304121.0,1237.0,1.3384005734456783,10.2,61.05580693815988,62759.0,100886.0,74216.0,36,3277174.5
"25726",Murphy Bank,Fresno,CA,1984-02-01,false,NM,2024-06-30,"2024Q2",364464.0,300559.0,2618.0,1.4230142754385997,10.72,59.49757602468048,62761.0,98695.0,75678.0,36,3287040.8
"25726",Murphy Bank,Fresno,CA,1984-02-01,false,NM,2024-09-30,"2024Q3",364539.0,299901.0,4062.0,1.4753174661006965,11.02,58.70617857834593,61614.0,96757.0,75697.0,36,3321635.2
"25726",Murphy Bank,Fresno,CA,1984-02-01,false,NM,2024-12-31,"2024Q4",356402.0,292089.0,5512.0,1.510306637183903,11.14,58.818931210915295,62583.0,91700.0,75747.0,34,3341863.5
"25726",Murphy Bank,Fresno,CA,1984-02-01,false,NM,2025-03-31,"2025Q1",351951.0,285379.0,1524.0,1.721175741473531,11.94,56.30642954856361,63121.0,91066.0,76620.0,34,3341872.5
"25726",Murphy Bank,Fresno,CA,1984-02-01,false,NM,2025-06-30,"2025Q2",358468.0,295417.0,3251.0,1.828422950054414,12.67,53.77138413685848,62936.0,93031.0,79690.0,36,3377264.0
"25726",Murphy Bank,Fresno,CA,1984-02-01,false,NM,2025-09-30,"2025Q3",360838.0,296485.0,5327.0,1.989967940523612,13.73,51.53440026398284,64975.0,92850.0,82299.0,36,3414490.5
"25726",Murphy Bank,Fresno,CA,1984-02-01,false,NM,2025-12-31,"2025Q4",365328.0,304222.0,7093.0,1.9779842240908605,13.61,51.53966912208671,66621.0,84121.0,85607.0,35,3421992.5
"25803",Hatch Bank,San Marcos,CA,1982-01-02,false,NM,2022-03-31,"2022Q1",269046.0,240111.0,62.0,0.0730445129727644,0.88,77.8829095209935,46988.0,3790.0,48718.0,13,3162422.5
"25803",Hatch Bank,San Marcos,CA,1982-01-02,false,NM,2022-06-30,"2022Q2",226508.0,197680.0,1722.0,1.1409690948886086,12.48,60.32583754015604,45878.0,3591.0,62154.0,15,3146316.0
"25803",Hatch Bank,San Marcos,CA,1982-01-02,false,NM,2022-09-30,"2022Q3",327814.0,299797.0,3805.0,1.6453286955957709,18.41,51.535792314612515,45563.0,3042.0,74225.0,14,3145009.5
"25803",Hatch Bank,San Marcos,CA,1982-01-02,false,NM,2022-12-31,"2022Q4",177865.0,147904.0,4103.0,1.4537015713298729,14.76,53.26767304860088,44226.0,2666.0,72800.0,15,3135097.5
"25803",Hatch Bank,San Marcos,CA,1982-01-02,false,NM,2023-03-31,"2023Q1",178021.0,96524.0,-398.0,-0.8946685174465981,-5.55,111.97604790419162,43920.0,2122.0,86170.0,18,3152233.8
"25803",Hatch Bank,San Marcos,CA,1982-01-02,false,NM,2023-06-30,"2023Q2",186586.0,120732.0,-483.0,-0.5342211210901208,-3.4,100.91743119266054,43623.0,1965.0,93065.0,17,3191508.0
"25803",Hatch Bank,San Marcos,CA,1982-01-02,false,NM,2023-09-30,"2023Q3",150811.0,82611.0,-830.0,-0.6384919289813827,-3.95,99.76076555023924,43335.0,1720.0,64078.0,17,3223877.8
"25803",Hatch Bank,San Marcos,CA,1982-01-02,false,NM,2023-12-31,"2023Q4",163064.0,80248.0,-795.0,-0.4641809920511194,-2.82,96.29853452183109,43035.0,7354.0,69586.0,16,3248446.5
"25803",Hatch Bank,San Marcos,CA,1982-01-02,false,NM,2024-03-31,"2024Q1",159324.0,81030.0,292.0,0.7245927267764309,4.04,76.81017612524462,41916.0,8678.0,62269.0,16,3277174.5
"25803",Hatch Bank,San Marcos,CA,1982-01-02,false,NM,2024-06-30,"2024Q2",125650.0,47060.0,893.0,1.1958807065472123,6.16,74.53355948630967,1004.0,9479.0,68603.0,19,3287040.8
"25803",Hatch Bank,San Marcos,CA,1982-01-02,false,NM,2024-09-30,"2024Q3",121817.0,37933.0,1406.0,1.3158574023216432,6.37,74.68637992831542,999.0,8995.0,66085.0,18,3321635.2
"25803",Hatch Bank,San Marcos,CA,1982-01-02,false,NM,2024-12-31,"2024Q4",117740.0,34044.0,1558.0,1.1329343581614175,5.27,76.03671348003981,994.0,8390.0,64181.0,20,3341863.5
"25803",Hatch Bank,San Marcos,CA,1982-01-02,false,NM,2025-03-31,"2025Q1",134347.0,40741.0,729.0,2.313487010436873,9.46,67.90393013100436,989.0,8462.0,76338.0,24,3341872.5
"25803",Hatch Bank,San Marcos,CA,1982-01-02,false,NM,2025-06-30,"2025Q2",147679.0,40722.0,2019.0,3.030272709535078,12.82,62.33533907952512,985.0,8457.0,88135.0,23,3377264.0
"25803",Hatch Bank,San Marcos,CA,1982-01-02,false,NM,2025-09-30,"2025Q3",162946.0,53502.0,3922.0,3.717143121170332,16.11,57.7637335926106,657.0,8375.0,90750.0,22,3414490.5
"25803",Hatch Bank,San Marcos,CA,1982-01-02,false,NM,2025-12-31,"2025Q4",182351.0,55934.0,5208.0,3.4950064625407515,15.62,58.795404267465926,654.0,8619.0,109552.0,24,3421992.5
"25869",Metropolitan Bank,Oakland,CA,1983-09-01,false,NM,2022-03-31,"2022Q1",210116.0,169851.0,532.0,1.009746329704953,8.81,61.79775280898876,169664.0,4851.0,673.0,45,3162422.5
"25869",Metropolitan Bank,Oakland,CA,1983-09-01,false,NM,2022-06-30,"2022Q2",230453.0,189624.0,1066.0,0.9810643535881094,8.75,63.374678212029025,171203.0,5502.0,662.0,45,3146316.0
"25869",Metropolitan Bank,Oakland,CA,1983-09-01,false,NM,2022-09-30,"2022Q3",219885.0,176931.0,1689.0,1.0332031244623376,9.16,62.79489105935387,175273.0,8413.0,653.0,45,3145009.5
"25869",Metropolitan Bank,Oakland,CA,1983-09-01,false,NM,2022-12-31,"2022Q4",228142.0,185299.0,2340.0,1.0636634387057124,9.43,63.59878154917319,176540.0,6545.0,645.0,42,3135097.5
"25869",Metropolitan Bank,Oakland,CA,1983-09-01,false,NM,2023-03-31,"2023Q1",224469.0,183072.0,578.0,1.0216278437775486,8.89,63.878163878163875,174009.0,8354.0,637.0,42,3152233.8
"25869",Metropolitan Bank,Oakland,CA,1983-09-01,false,NM,2023-06-30,"2023Q2",219175.0,179628.0,1110.0,0.9913871381660232,8.47,63.836408090686824,175541.0,5993.0,629.0,43,3191508.0
"25869",Metropolitan Bank,Oakland,CA,1983-09-01,false,NM,2023-09-30,"2023Q3",224520.0,184981.0,1551.0,0.922876026714091,7.85,65.5355249204666,179555.0,4450.0,816.0,42,3223877.8
"25869",Metropolitan Bank,Oakland,CA,1983-09-01,false,NM,2023-12-31,"2023Q4",222389.0,182832.0,1762.0,0.7875247498201029,6.66,69.29617383089277,177039.0,6276.0,801.0,44,3248446.5
"25869",Metropolitan Bank,Oakland,CA,1983-09-01,false,NM,2024-03-31,"2024Q1",229560.0,186889.0,266.0,0.4708495870109238,3.94,78.63874345549739,183530.0,5960.0,992.0,44,3277174.5
"25869",Metropolitan Bank,Oakland,CA,1983-09-01,false,NM,2024-06-30,"2024Q2",235034.0,192110.0,471.0,0.4113638911006532,3.48,78.55316973415133,195251.0,5662.0,868.0,45,3287040.8
"25869",Metropolitan Bank,Oakland,CA,1983-09-01,false,NM,2024-09-30,"2024Q3",239436.0,198068.0,797.0,0.458816194400158,3.9,77.88072776280323,189608.0,5642.0,852.0,43,3321635.2
"25869",Metropolitan Bank,Oakland,CA,1983-09-01,false,NM,2024-12-31,"2024Q4",236697.0,194625.0,1785.0,0.7673353302680042,6.49,69.47628680602382,188752.0,5941.0,840.0,44,3341863.5
"25869",Metropolitan Bank,Oakland,CA,1983-09-01,false,NM,2025-03-31,"2025Q1",243181.0,200890.0,353.0,0.58848290607196,4.92,75.72859744990893,191895.0,5565.0,828.0,45,3341872.5
"25869",Metropolitan Bank,Oakland,CA,1983-09-01,false,NM,2025-06-30,"2025Q2",243679.0,204042.0,716.0,0.5937334584559336,4.96,75.28242205151379,181570.0,6449.0,815.0,44,3377264.0
"25869",Metropolitan Bank,Oakland,CA,1983-09-01,false,NM,2025-09-30,"2025Q3",238232.0,200234.0,1113.0,0.617167757169192,5.11,75.61156412157153,182229.0,7743.0,683.0,45,3414490.5
"25869",Metropolitan Bank,Oakland,CA,1983-09-01,false,NM,2025-12-31,"2025Q4",234246.0,195827.0,1540.0,0.6437938689085185,5.27,75.42345098896295,180326.0,4919.0,1004.0,45,3421992.5
"26271",Home Bank of California,San Diego,CA,1981-10-31,false,NM,2022-03-31,"2022Q1",203570.0,157674.0,1128.0,2.256039480690912,17.15,52.4264705882353,181484.0,7891.0,0.0,25,3162422.5
"26271",Home Bank of California,San Diego,CA,1981-10-31,false,NM,2022-06-30,"2022Q2",226118.0,158919.0,2569.0,2.461863790925251,19.47,46.78468208092485,200963.0,9589.0,0.0,24,3146316.0
"26271",Home Bank of California,San Diego,CA,1981-10-31,false,NM,2022-09-30,"2022Q3",241496.0,169287.0,3876.0,2.3825860326161497,19.45,45.379777455249155,214564.0,9821.0,0.0,26,3145009.5
"26271",Home Bank of California,San Diego,CA,1981-10-31,false,NM,2022-12-31,"2022Q4",239807.0,172326.0,5123.0,2.3130464306934897,19.14,45.44788422788056,213424.0,10686.0,0.0,27,3135097.5
"26271",Home Bank of California,San Diego,CA,1981-10-31,false,NM,2023-03-31,"2023Q1",242818.0,171098.0,930.0,1.5415695415695416,13.49,58.91413169041202,214866.0,10065.0,0.0,28,3152233.8
"26271",Home Bank of California,San Diego,CA,1981-10-31,false,NM,2023-06-30,"2023Q2",241061.0,180653.0,1948.0,1.6150650972935776,14.06,56.24755189972581,211814.0,11740.0,0.0,27,3191508.0
"26271",Home Bank of California,San Diego,CA,1981-10-31,false,NM,2023-09-30,"2023Q3",236830.0,183593.0,2950.0,1.6379675091305088,14.11,55.87007565875294,206758.0,11448.0,0.0,27,3223877.8
"26271",Home Bank of California,San Diego,CA,1981-10-31,false,NM,2023-12-31,"2023Q4",231506.0,182550.0,3786.0,1.5880579385279805,13.52,56.76590660161306,202351.0,11105.0,0.0,26,3248446.5
"26271",Home Bank of California,San Diego,CA,1981-10-31,false,NM,2024-03-31,"2024Q1",234412.0,182549.0,570.0,0.9787129924149744,8.0,73.26810176125245,201823.0,13683.0,0.0,25,3277174.5
"26271",Home Bank of California,San Diego,CA,1981-10-31,false,NM,2024-06-30,"2024Q2",243236.0,189234.0,1400.0,1.1845099935980057,9.79,68.84219034148312,209753.0,12305.0,0.0,25,3287040.8
"26271",Home Bank of California,San Diego,CA,1981-10-31,false,NM,2024-09-30,"2024Q3",240152.0,195063.0,2551.0,1.4331515022553316,11.82,60.70381231671554,205443.0,11310.0,0.0,25,3321635.2
"26271",Home Bank of California,San Diego,CA,1981-10-31,false,NM,2024-12-31,"2024Q4",240078.0,189094.0,3826.0,1.6083956064651954,13.25,56.94402420574887,212885.0,10458.0,0.0,25,3341863.5
"26271",Home Bank of California,San Diego,CA,1981-10-31,false,NM,2025-03-31,"2025Q1",253791.0,204583.0,903.0,1.462736069686496,12.24,62.61980830670927,222775.0,10155.0,0.0,21,3341872.5
"26271",Home Bank of California,San Diego,CA,1981-10-31,false,NM,2025-06-30,"2025Q2",250932.0,205349.0,2394.0,1.928568839193288,15.96,51.98374298432359,217156.0,11435.0,0.0,19,3377264.0
"26271",Home Bank of California,San Diego,CA,1981-10-31,false,NM,2025-09-30,"2025Q3",254070.0,197442.0,4066.0,2.1709301000829937,17.91,47.4819247070556,225254.0,10909.0,5.0,19,3414490.5
"26271",Home Bank of California,San Diego,CA,1981-10-31,false,NM,2025-12-31,"2025Q4",246729.0,195648.0,5566.0,2.2342646114322413,18.28,46.38906961613533,217973.0,11108.0,0.0,19,3421992.5
"26312","First American Trust, FSB",Santa Ana,CA,1985-07-30,false,SB,2022-03-31,"2022Q1",7602321.0,7310607.0,13308.0,0.7096202994170547,13.87,43.49318134343947,0.0,0.0,0.0,148,3162422.5
"26312","First American Trust, FSB",Santa Ana,CA,1985-07-30,false,SB,2022-06-30,"2022Q2",7281868.0,7140265.0,32661.0,0.8793698634599757,21.95,37.18769497870493,0.0,0.0,0.0,157,3146316.0
"26312","First American Trust, FSB",Santa Ana,CA,1985-07-30,false,SB,2022-09-30,"2022Q3",7741429.0,7702373.0,55114.0,0.978923391365888,35.15,34.261555142763484,0.0,0.0,0.0,165,3145009.5
"26312","First American Trust, FSB",Santa Ana,CA,1985-07-30,false,SB,2022-12-31,"2022Q4",6685012.0,6639061.0,83257.0,1.1339435838517349,48.14,32.39767580962146,0.0,0.0,0.0,177,3135097.5
"26312","First American Trust, FSB",Santa Ana,CA,1985-07-30,false,SB,2023-03-31,"2023Q1",6891506.0,6755912.0,14573.0,0.8587179717214679,82.34,35.526495399819815,0.0,0.0,0.0,182,3152233.8
"26312","First American Trust, FSB",Santa Ana,CA,1985-07-30,false,SB,2023-06-30,"2023Q2",7010302.0,6904517.0,32902.0,0.9589242049039142,90.72,35.33687666093481,0.0,0.0,0.0,185,3191508.0
"26312","First American Trust, FSB",Santa Ana,CA,1985-07-30,false,SB,2023-09-30,"2023Q3",6216552.0,6186716.0,49933.0,0.993541691694612,119.52,35.1019403391857,0.0,0.0,0.0,186,3223877.8
"26312","First American Trust, FSB",Santa Ana,CA,1985-07-30,false,SB,2023-12-31,"2023Q4",8093126.0,7874654.0,44155.0,0.6326566064021668,52.66,35.21757110079505,0.0,0.0,0.0,189,3248446.5
"26312","First American Trust, FSB",Santa Ana,CA,1985-07-30,false,SB,2024-03-31,"2024Q1",5946532.0,5747861.0,14150.0,0.8062874466030441,29.89,41.65391831433107,0.0,0.0,0.0,189,3277174.5
"26312","First American Trust, FSB",Santa Ana,CA,1985-07-30,false,SB,2024-06-30,"2024Q2",6388676.0,6131080.0,28420.0,0.8347229881790654,29.64,42.23938223938224,0.0,0.0,0.0,196,3287040.8
"26312","First American Trust, FSB",Santa Ana,CA,1985-07-30,false,SB,2024-09-30,"2024Q3",7335545.0,6952985.0,-183252.0,-3.520111748073819,-107.79,39.81522608154926,0.0,0.0,0.0,196,3321635.2
"26312","First American Trust, FSB",Santa Ana,CA,1985-07-30,false,SB,2024-12-31,"2024Q4",6120210.0,5853859.0,-151201.0,-2.2311504375991933,-65.17,36.34725125049903,0.0,0.0,0.0,195,3341863.5
"26312","First American Trust, FSB",Santa Ana,CA,1985-07-30,false,SB,2025-03-31,"2025Q1",6622592.0,6257640.0,25292.0,1.587845436192134,33.32,31.84656556645852,0.0,0.0,0.0,206,3341872.5
"26312","First American Trust, FSB",Santa Ana,CA,1985-07-30,false,SB,2025-06-30,"2025Q2",7059442.0,6642940.0,53070.0,1.607999578229619,31.71,31.415456087309195,0.0,0.0,0.0,213,3377264.0
"26312","First American Trust, FSB",Santa Ana,CA,1985-07-30,false,SB,2025-09-30,"2025Q3",7975301.0,7488932.0,80718.0,1.5497598423474788,29.29,31.650903414253396,0.0,0.0,0.0,216,3414490.5
"26312","First American Trust, FSB",Santa Ana,CA,1985-07-30,false,SB,2025-12-31,"2025Q4",6769876.0,6243851.0,109575.0,1.585863674165432,27.68,31.98751882547097,0.0,0.0,0.0,221,3421992.5
"26363",Community Commerce Bank,Claremont,CA,1976-10-01,false,NM,2022-03-31,"2022Q1",316372.0,223768.0,752.0,0.9530538595829756,5.29,66.89513365318712,168825.0,2577.0,49894.0,48,3162422.5
"26363",Community Commerce Bank,Claremont,CA,1976-10-01,false,NM,2022-06-30,"2022Q2",309834.0,222344.0,1397.0,0.8906901520400227,4.9,68.35111033397447,173870.0,519.0,52259.0,48,3146316.0
"26363",Community Commerce Bank,Claremont,CA,1976-10-01,false,NM,2022-09-30,"2022Q3",321703.0,233290.0,2310.0,0.9756077705300484,5.37,67.23666210670315,185587.0,308.0,55558.0,48,3145009.5
"26363",Community Commerce Bank,Claremont,CA,1976-10-01,false,NM,2022-12-31,"2022Q4",330579.0,239870.0,2797.0,0.8777104841999561,4.87,69.01252449518617,189550.0,115.0,59923.0,51,3135097.5
"26363",Community Commerce Bank,Claremont,CA,1976-10-01,false,NM,2023-03-31,"2023Q1",335120.0,240993.0,728.0,0.8748698736215618,5.0,64.01703335699077,190169.0,84.0,63418.0,48,3152233.8
"26363",Community Commerce Bank,Claremont,CA,1976-10-01,false,NM,2023-06-30,"2023Q2",356364.0,249257.0,1392.0,0.8171707614892623,4.78,66.63743202946851,196907.0,77.0,71205.0,42,3191508.0
"26363",Community Commerce Bank,Claremont,CA,1976-10-01,false,NM,2023-09-30,"2023Q3",375466.0,277890.0,2194.0,0.8372664037740898,5.0,67.31512949724599,199934.0,1.0,75578.0,45,3223877.8
"26363",Community Commerce Bank,Claremont,CA,1976-10-01,false,NM,2023-12-31,"2023Q4",378093.0,275335.0,2720.0,0.7659287843921735,4.64,69.61238953539242,198758.0,0.0,83166.0,45,3248446.5
"26363",Community Commerce Bank,Claremont,CA,1976-10-01,false,NM,2024-03-31,"2024Q1",387883.0,289953.0,618.0,0.6454510324083261,4.16,72.20533603512327,197597.0,0.0,93505.0,45,3277174.5
"26363",Community Commerce Bank,Claremont,CA,1976-10-01,false,NM,2024-06-30,"2024Q2",392223.0,299586.0,1267.0,0.6563638891071396,4.25,71.05352303523034,193397.0,0.0,99509.0,42,3287040.8
"26363",Community Commerce Bank,Claremont,CA,1976-10-01,false,NM,2024-09-30,"2024Q3",395024.0,301667.0,2176.0,0.7471588561333434,4.85,68.88840166630125,198149.0,0.0,96702.0,43,3321635.2
"26363",Community Commerce Bank,Claremont,CA,1976-10-01,false,NM,2024-12-31,"2024Q4",400305.0,307194.0,2730.0,0.6987358256446798,4.55,69.35017752456444,201192.0,0.0,95719.0,40,3341863.5
"26363",Community Commerce Bank,Claremont,CA,1976-10-01,false,NM,2025-03-31,"2025Q1",395456.0,302399.0,548.0,0.5509191830210327,3.6,75.27975584944049,196561.0,0.0,95958.0,39,3341872.5
"26363",Community Commerce Bank,Claremont,CA,1976-10-01,false,NM,2025-06-30,"2025Q2",397123.0,298478.0,1274.0,0.6407999436659391,4.17,73.23092008498121,193109.0,0.0,100783.0,44,3377264.0
"26363",Community Commerce Bank,Claremont,CA,1976-10-01,false,NM,2025-09-30,"2025Q3",398405.0,298541.0,2112.0,0.7078361253047059,4.59,71.15053763440861,190612.0,0.0,101327.0,42,3414490.5
"26363",Community Commerce Bank,Claremont,CA,1976-10-01,false,NM,2025-12-31,"2025Q4",411533.0,310462.0,2784.0,0.6950193277285749,4.53,70.37653586999603,198460.0,0.0,104366.0,44,3421992.5
"26610",Bank of Hope,Los Angeles,CA,1986-03-18,false,NM,2022-03-31,"2022Q1",17798586,14588916,64121.0,1.4375947701691854,11.0,48.03004762669235,9910887.0,3886381.0,31061.0,1494,3162422.5
"26610",Bank of Hope,Los Angeles,CA,1986-03-18,false,NM,2022-06-30,"2022Q2",18083352,15066162,119451.0,1.3330164028276004,10.33,48.76660156567347,10148684,4047921.0,34843.0,1548,3146316.0
"26610",Bank of Hope,Los Angeles,CA,1986-03-18,false,NM,2022-09-30,"2022Q3",19078922,15564405,176286.0,1.290648619201311,10.25,48.72142710373256,10347221,4626973.0,30394.0,1550,3145009.5
"26610",Bank of Hope,Los Angeles,CA,1986-03-18,false,NM,2022-12-31,"2022Q4",19159409,15801893,231354.0,1.2573031966491133,10.11,48.984180755842864,10293072,4692732.0,26241.0,1555,3135097.5
"26610",Bank of Hope,Los Angeles,CA,1986-03-18,false,NM,2023-03-31,"2023Q1",20563590,16073804,42750.0,0.8609621846527751,7.77,58.35123849677707,10319568,4171547.0,25445.0,1479,3152233.8
"26610",Bank of Hope,Los Angeles,CA,1986-03-18,false,NM,2023-06-30,"2023Q2",20360549,15650880,84078.0,0.8396108698507619,7.72,57.34644310815564,10091617,4087253.0,23487.0,1469,3191508.0
"26610",Bank of Hope,Los Angeles,CA,1986-03-18,false,NM,2023-09-30,"2023Q3",20070938,15772186,117457.0,0.7815179207811276,7.26,57.45978574881128,9831241.0,3789248.0,29419.0,1460,3223877.8
"26610",Bank of Hope,Los Angeles,CA,1986-03-18,false,NM,2023-12-31,"2023Q4",19126316,14781338,146941.0,0.7400272612624544,6.79,60.4251431795934,9838198.0,3420630.0,28631.0,1248,3248446.5
"26610",Bank of Hope,Los Angeles,CA,1986-03-18,false,NM,2024-03-31,"2024Q1",18082905,14776112,29762.0,0.6398843985473386,5.44,64.6277230558694,9848338.0,3313230.0,26062.0,1235,3277174.5
"26610",Bank of Hope,Los Angeles,CA,1986-03-18,false,NM,2024-06-30,"2024Q2",17369665,14731956,59451.0,0.6535604262791292,5.43,64.55787321063394,9885222.0,3076808.0,26205.0,1251,3287040.8
"26610",Bank of Hope,Los Angeles,CA,1986-03-18,false,NM,2024-09-30,"2024Q3",17349516,14751313,87337.0,0.6475685201514695,5.28,64.84754027613998,9905732.0,3107617.0,29540.0,1247,3321635.2
"26610",Bank of Hope,Los Angeles,CA,1986-03-18,false,NM,2024-12-31,"2024Q4",17048804,14348619,115282.0,0.6478175994872215,5.23,64.15908775663574,9829162.0,3121548.0,34620.0,1259,3341863.5
"26610",Bank of Hope,Los Angeles,CA,1986-03-18,false,NM,2025-03-31,"2025Q1",17063123,14514368,24286.0,0.5695603183015724,4.37,68.67648805987882,9746797.0,2969902.0,35930.0,1242,3341872.5
"26610",Bank of Hope,Los Angeles,CA,1986-03-18,false,NM,2025-06-30,"2025Q2",18540032,15960251,204.0,0.0023246998274081,0.02,73.49239923300452,10879114,2874714.0,31005.0,1442,3377264.0
"26610",Bank of Hope,Los Angeles,CA,1986-03-18,false,NM,2025-09-30,"2025Q3",18501184,15849201,34044.0,0.2551727908913314,2.0,70.4343219002687,11135084,2769930.0,28228.0,1467,3414490.5
"26610",Bank of Hope,Los Angeles,CA,1986-03-18,false,NM,2025-12-31,"2025Q4",18526390,15620679,75599.0,0.421495281426142,3.3,69.20250423336445,11280350,2729961.0,30152.0,1435,3421992.5
"26704",Balboa Thrift and Loan Association,Chula Vista,CA,1980-12-11,false,NM,2022-03-31,"2022Q1",305093.0,254491.0,1316.0,1.6981439454426095,10.63,55.511884708965,70614.0,0.0,215789.0,87,3162422.5
"26704",Balboa Thrift and Loan Association,Chula Vista,CA,1980-12-11,false,NM,2022-06-30,"2022Q2",308488.0,256699.0,2311.0,1.493442359867264,9.23,59.476879962634285,76008.0,0.0,215341.0,86,3146316.0
"26704",Balboa Thrift and Loan Association,Chula Vista,CA,1980-12-11,false,NM,2022-09-30,"2022Q3",332375.0,279756.0,2949.0,1.247397103821756,7.78,62.34926585442049,92837.0,0.0,221084.0,88,3145009.5
"26704",Balboa Thrift and Loan Association,Chula Vista,CA,1980-12-11,false,NM,2022-12-31,"2022Q4",363166.0,308706.0,3477.0,1.0705049261083743,6.85,65.11671422556954,106086.0,0.0,230914.0,89,3135097.5
"26704",Balboa Thrift and Loan Association,Chula Vista,CA,1980-12-11,false,NM,2023-03-31,"2023Q1",370642.0,318478.0,373.0,0.4066458801212306,2.95,69.16027280477408,111062.0,0.0,237080.0,89,3152233.8
"26704",Balboa Thrift and Loan Association,Chula Vista,CA,1980-12-11,false,NM,2023-06-30,"2023Q2",381853.0,329651.0,468.0,0.2516893572509929,1.86,70.24793388429752,115473.0,0.0,243559.0,92,3191508.0
"26704",Balboa Thrift and Loan Association,Chula Vista,CA,1980-12-11,false,NM,2023-09-30,"2023Q3",393823.0,341943.0,75.0,0.0264984590760816,0.2,74.37730127788608,121529.0,0.0,246622.0,90,3223877.8
"26704",Balboa Thrift and Loan Association,Chula Vista,CA,1980-12-11,false,NM,2023-12-31,"2023Q4",405063.0,353347.0,60.0,0.015669503020819,0.12,74.3631702394589,133903.0,0.0,242285.0,88,3248446.5
"26704",Balboa Thrift and Loan Association,Chula Vista,CA,1980-12-11,false,NM,2024-03-31,"2024Q1",418711.0,367556.0,-566.0,-0.5496653208282855,-4.62,86.83641604612059,141811.0,0.0,241890.0,90,3277174.5
"26704",Balboa Thrift and Loan Association,Chula Vista,CA,1980-12-11,false,NM,2024-06-30,"2024Q2",412722.0,362184.0,-1110.0,-0.5386188066924601,-4.55,82.2875665663348,146216.0,297.0,240067.0,88,3287040.8
"26704",Balboa Thrift and Loan Association,Chula Vista,CA,1980-12-11,false,NM,2024-09-30,"2024Q3",425709.0,375892.0,-1708.0,-0.5480133677855619,-4.7,81.38658628485305,158483.0,297.0,236698.0,91,3321635.2
"26704",Balboa Thrift and Loan Association,Chula Vista,CA,1980-12-11,false,NM,2024-12-31,"2024Q4",421962.0,372414.0,-1820.0,-0.436625280027944,-3.77,78.8484649841582,148416.0,297.0,232432.0,90,3341863.5
"26704",Balboa Thrift and Loan Association,Chula Vista,CA,1980-12-11,false,NM,2025-03-31,"2025Q1",416037.0,366779.0,-513.0,-0.4897380545800174,-4.34,80.13425634571009,154648.0,298.0,234332.0,92,3341872.5
"26704",Balboa Thrift and Loan Association,Chula Vista,CA,1980-12-11,false,NM,2025-06-30,"2025Q2",418799.0,369664.0,-656.0,-0.3131768191865359,-2.78,76.3287451019793,152329.0,299.0,234139.0,91,3377264.0
"26704",Balboa Thrift and Loan Association,Chula Vista,CA,1980-12-11,false,NM,2025-09-30,"2025Q3",423758.0,375340.0,-1407.0,-0.446507727204568,-4.0,76.73148641449121,150325.0,299.0,232668.0,91,3414490.5
"26704",Balboa Thrift and Loan Association,Chula Vista,CA,1980-12-11,false,NM,2025-12-31,"2025Q4",409500.0,361383.0,-2120.0,-0.5071634444244556,-4.55,75.65263978180401,140822.0,299.0,234288.0,91,3421992.5
"30722",Universal Bank,West Covina,CA,1954-11-17,false,SB,2022-03-31,"2022Q1",370637.0,266072.0,108.0,0.1155100289176148,0.69,96.1161769672408,274807.0,1417.0,0.0,60,3162422.5
"30722",Universal Bank,West Covina,CA,1954-11-17,false,SB,2022-06-30,"2022Q2",350920.0,246241.0,321.0,0.1752650588266341,1.03,94.0626537641463,263002.0,1730.0,0.0,60,3146316.0
"30722",Universal Bank,West Covina,CA,1954-11-17,false,SB,2022-09-30,"2022Q3",324983.0,218766.0,531.0,0.1988867960305922,1.13,93.19880418535126,257401.0,1383.0,0.0,60,3145009.5
"30722",Universal Bank,West Covina,CA,1954-11-17,false,SB,2022-12-31,"2022Q4",334499.0,225059.0,945.0,0.2687118720601641,1.51,90.68708284255987,263098.0,1336.0,0.0,60,3135097.5
"30722",Universal Bank,West Covina,CA,1954-11-17,false,SB,2023-03-31,"2023Q1",361210.0,226568.0,238.0,0.2736776439574592,1.51,90.71140105622864,270397.0,1644.0,0.0,58,3152233.8
"30722",Universal Bank,West Covina,CA,1954-11-17,false,SB,2023-06-30,"2023Q2",341039.0,216721.0,377.0,0.2181822390783488,1.19,92.44253348767984,282309.0,1297.0,0.0,58,3191508.0
"30722",Universal Bank,West Covina,CA,1954-11-17,false,SB,2023-09-30,"2023Q3",367029.0,252837.0,516.0,0.1960376327579095,1.09,93.1308830121022,278553.0,3115.0,0.0,58,3223877.8
"30722",Universal Bank,West Covina,CA,1954-11-17,false,SB,2023-12-31,"2023Q4",370662.0,254844.0,1378.0,0.3882917361487208,2.16,95.3440602533379,277014.0,3182.0,0.0,51,3248446.5
"30722",Universal Bank,West Covina,CA,1954-11-17,false,SB,2024-03-31,"2024Q1",374688.0,259379.0,191.0,0.2050043603676125,1.18,91.38125705683102,278602.0,3081.0,0.0,53,3277174.5
"30722",Universal Bank,West Covina,CA,1954-11-17,false,SB,2024-06-30,"2024Q2",384219.0,268171.0,1103.0,0.5858871835186695,3.39,81.22940013183916,273284.0,3065.0,0.0,54,3287040.8
"30722",Universal Bank,West Covina,CA,1954-11-17,false,SB,2024-09-30,"2024Q3",361798.0,245326.0,1265.0,0.4523700738986446,2.58,86.69553007254856,268746.0,4866.0,0.0,56,3321635.2
"30722",Universal Bank,West Covina,CA,1954-11-17,false,SB,2024-12-31,"2024Q4",356343.0,241875.0,1305.0,0.3531398325494801,2.0,89.62434531334658,267791.0,5387.0,0.0,57,3341863.5
"30722",Universal Bank,West Covina,CA,1954-11-17,false,SB,2025-03-31,"2025Q1",366322.0,251716.0,16.0,0.0177122179709824,0.1,100.8180755746007,264042.0,5340.0,0.0,55,3341872.5
"30722",Universal Bank,West Covina,CA,1954-11-17,false,SB,2025-06-30,"2025Q2",360948.0,266100.0,460.0,0.2547034780867339,1.4,96.0769520935496,276379.0,4055.0,0.0,53,3377264.0
"30722",Universal Bank,West Covina,CA,1954-11-17,false,SB,2025-09-30,"2025Q3",361480.0,265843.0,904.0,0.3336264724830858,1.83,93.9513154659454,273891.0,5118.0,0.0,49,3414490.5
"30722",Universal Bank,West Covina,CA,1954-11-17,false,SB,2025-12-31,"2025Q4",371160.0,275415.0,1401.0,0.3856841530337458,2.12,90.24805229694635,263153.0,2931.0,0.0,49,3421992.5
"30879","Provident Savings Bank, F.S.B.",Riverside,CA,1956-07-02,false,SB,2022-03-31,"2022Q1",1187797.0,972946.0,1898.0,0.6406218554828986,6.27,76.88550658791459,898999.0,460.0,73.0,163,3162422.5
"30879","Provident Savings Bank, F.S.B.",Riverside,CA,1956-07-02,false,SB,2022-06-30,"2022Q2",1187001.0,964609.0,4552.0,0.7677953265463434,7.44,70.32264991678746,944262.0,1208.0,86.0,162,3146316.0
"30879","Provident Savings Bank, F.S.B.",Riverside,CA,1956-07-02,false,SB,2022-09-30,"2022Q3",1245894.0,1000630.0,6884.0,0.7643773802375636,7.57,69.05498939167333,998393.0,1117.0,70.0,160,3145009.5
"30879","Provident Savings Bank, F.S.B.",Riverside,CA,1956-07-02,false,SB,2022-12-31,"2022Q4",1271037.0,957770.0,9503.0,0.7822520726840013,7.85,67.40559547469806,1044734.0,1358.0,75.0,161,3135097.5
"30879","Provident Savings Bank, F.S.B.",Riverside,CA,1956-07-02,false,SB,2023-03-31,"2023Q1",1335242.0,993748.0,2523.0,0.7744374259240856,8.27,64.47143670525716,1082004.0,1640.0,61.0,160,3152233.8
"30879","Provident Savings Bank, F.S.B.",Riverside,CA,1956-07-02,false,SB,2023-06-30,"2023Q2",1332910.0,957815.0,4531.0,0.6901420571594813,7.35,67.76812419883208,1081946.0,1564.0,65.0,161,3191508.0
"30879","Provident Savings Bank, F.S.B.",Riverside,CA,1956-07-02,false,SB,2023-09-30,"2023Q3",1313093.0,944934.0,6531.0,0.6631618256597799,7.1,67.4390204711251,1078466.0,1321.0,62.0,158,3223877.8
"30879","Provident Savings Bank, F.S.B.",Riverside,CA,1956-07-02,false,SB,2023-12-31,"2023Q4",1301087.0,922979.0,8927.0,0.681100057085142,7.28,68.73045347928068,1081081.0,1616.0,68.0,160,3248446.5
"30879","Provident Savings Bank, F.S.B.",Riverside,CA,1956-07-02,false,SB,2024-03-31,"2024Q1",1289991.0,917657.0,1691.0,0.5220992961230808,5.48,73.68311036789298,1069981.0,2828.0,60.0,161,3277174.5
"30879","Provident Savings Bank, F.S.B.",Riverside,CA,1956-07-02,false,SB,2024-06-30,"2024Q2",1272166.0,894738.0,3866.0,0.6004280340563526,6.21,73.63931337659619,1058612.0,1367.0,65.0,160,3287040.8
"30879","Provident Savings Bank, F.S.B.",Riverside,CA,1956-07-02,false,SB,2024-09-30,"2024Q3",1257363.0,877083.0,5971.0,0.6218898892260234,6.45,74.61626814242456,1053393.0,1506.0,63.0,157,3321635.2
"30879","Provident Savings Bank, F.S.B.",Riverside,CA,1956-07-02,false,SB,2024-12-31,"2024Q4",1254963.0,878297.0,7056.0,0.5533622876072257,5.74,75.70687723138664,1056133.0,4367.0,59.0,162,3341863.5
"30879","Provident Savings Bank, F.S.B.",Riverside,CA,1956-07-02,false,SB,2025-03-31,"2025Q1",1260127.0,910164.0,2054.0,0.6533364611206756,6.72,75.7340665815575,1061253.0,4252.0,52.0,163,3341872.5
"30879","Provident Savings Bank, F.S.B.",Riverside,CA,1956-07-02,false,SB,2025-06-30,"2025Q2",1245577.0,895176.0,3871.0,0.617603207090657,6.28,75.70503238664674,1050845.0,1267.0,57.0,163,3377264.0
"30879","Provident Savings Bank, F.S.B.",Riverside,CA,1956-07-02,false,SB,2025-09-30,"2025Q3",1230789.0,889737.0,5771.0,0.6166116099190296,6.33,75.57290103072151,1046171.0,1324.0,61.0,164,3414490.5
"30879","Provident Savings Bank, F.S.B.",Riverside,CA,1956-07-02,false,SB,2025-12-31,"2025Q4",1227875.0,884267.0,7433.0,0.5975723112341182,6.14,76.17247164283746,1043209.0,22.0,58.0,163,3421992.5
"30953","El Dorado Savings Bank, F.S.B.",Placerville,CA,1956-01-01,false,SB,2022-03-31,"2022Q1",2871462.0,2589867.0,2459.0,0.3443377772954466,3.71,76.29635575533793,571224.0,0.0,27.0,263,3162422.5
"30953","El Dorado Savings Bank, F.S.B.",Placerville,CA,1956-01-01,false,SB,2022-06-30,"2022Q2",2858400.0,2573979.0,6150.0,0.430501686131604,4.61,70.97656398374292,589606.0,0.0,25.0,260,3146316.0
"30953","El Dorado Savings Bank, F.S.B.",Placerville,CA,1956-01-01,false,SB,2022-09-30,"2022Q3",2829484.0,2540602.0,10960.0,0.512696187723771,5.45,66.84374776663411,581708.0,0.0,25.0,259,3145009.5
"30953","El Dorado Savings Bank, F.S.B.",Placerville,CA,1956-01-01,false,SB,2022-12-31,"2022Q4",2730489.0,2440673.0,17241.0,0.6100258658609697,6.39,63.10168599419326,575462.0,0.0,26.0,256,3135097.5
"30953","El Dorado Savings Bank, F.S.B.",Placerville,CA,1956-01-01,false,SB,2023-03-31,"2023Q1",2666311.0,2370102.0,5872.0,0.8704417432552622,8.39,56.56951191302336,565796.0,0.0,21.0,256,3152233.8
"30953","El Dorado Savings Bank, F.S.B.",Placerville,CA,1956-01-01,false,SB,2023-06-30,"2023Q2",2586791.0,2283372.0,11597.0,0.8715626840102405,8.22,57.23102778824143,558437.0,20.0,21.0,261,3191508.0
"30953","El Dorado Savings Bank, F.S.B.",Placerville,CA,1956-01-01,false,SB,2023-09-30,"2023Q3",2543062.0,2232984.0,17342.0,0.8786112204895515,8.13,57.21508239743738,559400.0,0.0,20.0,258,3223877.8
"30953","El Dorado Savings Bank, F.S.B.",Placerville,CA,1956-01-01,false,SB,2023-12-31,"2023Q4",2445359.0,2137486.0,23270.0,0.8969310234988991,8.11,57.30467615451641,554974.0,0.0,23.0,256,3248446.5
"30953","El Dorado Savings Bank, F.S.B.",Placerville,CA,1956-01-01,false,SB,2024-03-31,"2024Q1",2438793.0,2125932.0,4584.0,0.7508365833004379,6.16,63.7120835405271,547655.0,0.0,22.0,264,3277174.5
"30953","El Dorado Savings Bank, F.S.B.",Placerville,CA,1956-01-01,false,SB,2024-06-30,"2024Q2",2401124.0,2086692.0,9378.0,0.7723523446469289,6.26,62.848364471479115,543950.0,0.0,22.0,263,3287040.8
"30953","El Dorado Savings Bank, F.S.B.",Placerville,CA,1956-01-01,false,SB,2024-09-30,"2024Q3",2405599.0,2086497.0,15046.0,0.8280297413804223,6.66,61.18288658134106,537085.0,0.0,24.0,253,3321635.2
"30953","El Dorado Savings Bank, F.S.B.",Placerville,CA,1956-01-01,false,SB,2024-12-31,"2024Q4",2400696.0,2080064.0,21044.0,0.8701929633461194,6.95,60.104560755458905,528557.0,0.0,24.0,255,3341863.5
"30953","El Dorado Savings Bank, F.S.B.",Placerville,CA,1956-01-01,false,SB,2025-03-31,"2025Q1",2451708.0,2125134.0,5662.0,0.9334754484581252,7.27,57.526294614633024,524327.0,0.0,25.0,257,3341872.5
"30953","El Dorado Savings Bank, F.S.B.",Placerville,CA,1956-01-01,false,SB,2025-06-30,"2025Q2",2472484.0,2144175.0,11724.0,0.96034232878373,7.47,56.472679060058105,523863.0,1.0,25.0,258,3377264.0
"30953","El Dorado Savings Bank, F.S.B.",Placerville,CA,1956-01-01,false,SB,2025-09-30,"2025Q3",2483284.0,2148225.0,17926.0,0.97472743340961,7.56,56.21849051008304,518749.0,0.0,25.0,262,3414490.5
"30953","El Dorado Savings Bank, F.S.B.",Placerville,CA,1956-01-01,false,SB,2025-12-31,"2025Q4",2474106.0,2135407.0,23861.0,0.971358896126598,7.49,56.49899844202092,509372.0,0.0,22.0,261,3421992.5
"31406",First Federal Savings and Loan Association of San Rafael,San Rafael,CA,1963-07-31,false,SB,2022-03-31,"2022Q1",242504.0,198616.0,123.0,0.2033465384591539,1.15,91.50080688542226,198688.0,0.0,0.0,30,3162422.5
"31406",First Federal Savings and Loan Association of San Rafael,San Rafael,CA,1963-07-31,false,SB,2022-06-30,"2022Q2",233922.0,189728.0,362.0,0.3025807125692195,1.69,87.39848048205397,205456.0,0.0,0.0,32,3146316.0
"31406",First Federal Savings and Loan Association of San Rafael,San Rafael,CA,1963-07-31,false,SB,2022-09-30,"2022Q3",232205.0,187742.0,580.0,0.325595612770123,1.8,86.81562340098925,197227.0,0.0,0.0,35,3145009.5
"31406",First Federal Savings and Loan Association of San Rafael,San Rafael,CA,1963-07-31,false,SB,2022-12-31,"2022Q4",226073.0,181426.0,660.0,0.2805876696173719,1.54,88.67557400441044,199289.0,0.0,1.0,34,3135097.5
"31406",First Federal Savings and Loan Association of San Rafael,San Rafael,CA,1963-07-31,false,SB,2023-03-31,"2023Q1",221212.0,176569.0,16.0,0.0286171009535307,0.15,99.06487434248976,198343.0,0.0,0.0,33,3152233.8
"31406",First Federal Savings and Loan Association of San Rafael,San Rafael,CA,1963-07-31,false,SB,2023-06-30,"2023Q2",227256.0,167642.0,42.0,0.0373587372746801,0.19,98.24455205811138,208888.0,0.0,1.0,32,3191508.0
"31406",First Federal Savings and Loan Association of San Rafael,San Rafael,CA,1963-07-31,false,SB,2023-09-30,"2023Q3",227200.0,173830.0,5.0,0.0029571684108851,0.02,99.55891619407689,209197.0,0.0,1.0,31,3223877.8
"31406",First Federal Savings and Loan Association of San Rafael,San Rafael,CA,1963-07-31,false,SB,2023-12-31,"2023Q4",228572.0,175119.0,-44.0,-0.0194636352939407,-0.1,100.45498862528436,210203.0,0.0,0.0,29,3248446.5
"31406",First Federal Savings and Loan Association of San Rafael,San Rafael,CA,1963-07-31,false,SB,2024-03-31,"2024Q1",227513.0,174807.0,-196.0,-0.3437955644232983,-1.83,114.6268656716418,208730.0,0.0,0.0,27,3277174.5
"31406",First Federal Savings and Loan Association of San Rafael,San Rafael,CA,1963-07-31,false,SB,2024-06-30,"2024Q2",231807.0,179484.0,-231.0,-0.201485116849738,-1.08,115.7237325495959,209623.0,0.0,0.0,30,3287040.8
"31406",First Federal Savings and Loan Association of San Rafael,San Rafael,CA,1963-07-31,false,SB,2024-09-30,"2024Q3",228639.0,179593.0,-383.0,-0.2228637765662044,-1.2,116.3654369893538,209049.0,0.0,0.0,31,3321635.2
"31406",First Federal Savings and Loan Association of San Rafael,San Rafael,CA,1963-07-31,false,SB,2024-12-31,"2024Q4",230638.0,180655.0,-496.0,-0.2161843634198623,-1.16,115.40301803459698,211447.0,0.0,0.0,31,3341863.5
"31406",First Federal Savings and Loan Association of San Rafael,San Rafael,CA,1963-07-31,false,SB,2025-03-31,"2025Q1",237353.0,185803.0,-451.0,-0.7709549969978055,-4.27,144.66349422161795,217995.0,0.0,0.0,31,3341872.5
"31406",First Federal Savings and Loan Association of San Rafael,San Rafael,CA,1963-07-31,false,SB,2025-06-30,"2025Q2",233749.0,183698.0,-1438.0,-1.2295152050617038,-6.87,124.63719203509956,215246.0,0.0,2.0,29,3377264.0
"31406",First Federal Savings and Loan Association of San Rafael,San Rafael,CA,1963-07-31,false,SB,2025-09-30,"2025Q3",228132.0,182235.0,-1456.0,-0.8350761395116747,-4.66,116.7525195968645,209849.0,0.0,1.0,27,3414490.5
"31406",First Federal Savings and Loan Association of San Rafael,San Rafael,CA,1963-07-31,false,SB,2025-12-31,"2025Q4",221074.0,175569.0,-1344.0,-0.5838675315783711,-3.24,110.48985650667986,199578.0,0.0,0.0,28,3421992.5
"31628",East West Bank,Pasadena,CA,1972-01-01,false,SM,2022-03-31,"2022Q1",62224510,55319850,240387.0,1.5625508204847027,17.26,37.42904403606802,29273180,10069186,9713.0,3100,3162422.5
"31628",East West Bank,Pasadena,CA,1972-01-01,false,SM,2022-06-30,"2022Q2",62379357,54651153,501360.0,1.6220562202606716,18.06,36.12503075887143,31827278,10448386,9511.0,3189,3146316.0
"31628",East West Bank,Pasadena,CA,1972-01-01,false,SM,2022-09-30,"2022Q3",62554569,54181545,799271.0,1.7187634857054872,19.18,35.24108685970944,32479174,10357219,13516.0,3180,3145009.5
"31628",East West Bank,Pasadena,CA,1972-01-01,false,SM,2022-12-31,"2022Q4",64087895,56273031,1138394.0,1.823788415436147,20.25,36.01373523115737,33105724,9895676.0,10890.0,3155,3135097.5
"31628",East West Bank,Pasadena,CA,1972-01-01,false,SM,2023-03-31,"2023Q1",67218944,55034827,325637.0,1.9839758689187543,21.56,32.05093054789826,33894962,9992918.0,11281.0,3175,3152233.8
"31628",East West Bank,Pasadena,CA,1972-01-01,false,SM,2023-06-30,"2023Q2",68508732,55993598,640384.0,1.922925215873191,20.85,35.98128785546021,34752527,9935582.0,12148.0,3197,3191508.0
"31628",East West Bank,Pasadena,CA,1972-01-01,false,SM,2023-09-30,"2023Q3",68154331,55428794,932328.0,1.8555411083443247,20.05,36.699819907277885,35659885,10048615,15905.0,3241,3223877.8
"31628",East West Bank,Pasadena,CA,1972-01-01,false,SM,2023-12-31,"2023Q4",69478848,56572639,1175084.0,1.7411295789360606,18.75,38.5366136246528,36245898,10236644,11468.0,3206,3248446.5
"31628",East West Bank,Pasadena,CA,1972-01-01,false,SM,2024-03-31,"2024Q1",70747599,58898134,288132.0,1.6438097443915125,17.46,37.74586847954467,36229748,10020133,11947.0,3237,3277174.5
"31628",East West Bank,Pasadena,CA,1972-01-01,false,SM,2024-06-30,"2024Q2",72334717,60363521,578467.0,1.632848604460973,17.33,37.11123402903662,36566623,10230238,11747.0,3240,3287040.8
"31628",East West Bank,Pasadena,CA,1972-01-01,false,SM,2024-09-30,"2024Q3",74349454,62131171,879918.0,1.635623913228614,17.21,36.077987303119045,36762870,10252013,12448.0,3459,3321635.2
"31628",East West Bank,Pasadena,CA,1972-01-01,false,SM,2024-12-31,"2024Q4",75841883,63621187,1175506.0,1.6202589875458913,17.03,36.10421008817553,36897840,10467209,19462.0,3198,3341863.5
"31628",East West Bank,Pasadena,CA,1972-01-01,false,SM,2025-03-31,"2025Q1",75712113,63156194,292590.0,1.544479236298065,15.88,35.611358092175465,37374688,9826927.0,9493.0,3169,3341872.5
"31628",East West Bank,Pasadena,CA,1972-01-01,false,SM,2025-06-30,"2025Q2",77620355,65152247,605382.0,1.5849469995880998,16.19,35.8654038158475,37774652,9576749.0,8372.0,3174,3377264.0
"31628",East West Bank,Pasadena,CA,1972-01-01,false,SM,2025-09-30,"2025Q3",79081956,66728118,976264.0,1.6890525989464993,17.09,35.57986860812639,38404534,9548449.0,9012.0,3255,3414490.5
"31628",East West Bank,Pasadena,CA,1972-01-01,false,SM,2025-12-31,"2025Q4",79661753,67208343,1333712.0,1.7190640724487023,17.27,35.05050262873974,38926509,9975903.0,8483.0,3350,3421992.5
"32203",Summit State Bank,Santa Rosa,CA,1982-01-01,false,NM,2022-03-31,"2022Q1",982678.0,831934.0,3935.0,1.6220466436309935,18.74,52.61635327150515,772540.0,55953.0,27.0,108,3162422.5
"32203",Summit State Bank,Santa Rosa,CA,1982-01-01,false,NM,2022-06-30,"2022Q2",980785.0,819932.0,8436.0,1.7325091569762965,20.03,47.040715810211786,795079.0,55010.0,23.0,110,3146316.0
"32203",Summit State Bank,Santa Rosa,CA,1982-01-01,false,NM,2022-09-30,"2022Q3",1043813.0,868912.0,12415.0,1.6697536866803384,19.64,46.618277796106895,853000.0,53189.0,13.0,109,3145009.5
"32203",Summit State Bank,Santa Rosa,CA,1982-01-01,false,NM,2022-12-31,"2022Q4",1115484.0,962655.0,16968.0,1.6698026310610057,19.93,46.88643951888652,876157.0,50395.0,563.0,110,3135097.5
"32203",Summit State Bank,Santa Rosa,CA,1982-01-01,false,NM,2023-03-31,"2023Q1",1149704.0,1015652.0,4116.0,1.453654177931368,18.17,48.33152128460316,870045.0,49897.0,99.0,116,3152233.8
"32203",Summit State Bank,Santa Rosa,CA,1982-01-01,false,NM,2023-06-30,"2023Q2",1161411.0,1048316.0,7101.0,1.2433903120849563,15.46,54.54387564586861,882129.0,55696.0,100.0,118,3191508.0
"32203",Summit State Bank,Santa Rosa,CA,1982-01-01,false,NM,2023-09-30,"2023Q3",1142174.0,1030836.0,8922.0,1.0414789791482308,12.89,59.963577998641895,893983.0,50427.0,41.0,117,3223877.8
"32203",Summit State Bank,Santa Rosa,CA,1982-01-01,false,NM,2023-12-31,"2023Q4",1122508.0,1009693.0,10822.0,0.9507525634387056,11.59,61.41985223257308,898167.0,52861.0,10.0,115,3248446.5
"32203",Summit State Bank,Santa Rosa,CA,1982-01-01,false,NM,2024-03-31,"2024Q1",1080191.0,939202.0,1395.0,0.5066511584197386,5.71,76.4344262295082,876777.0,52886.0,23.0,114,3277174.5
"32203",Summit State Bank,Santa Rosa,CA,1982-01-01,false,NM,2024-06-30,"2024Q2",1082045.0,966587.0,2323.0,0.4243253051074909,4.75,80.01983757981527,870458.0,54553.0,15.0,116,3287040.8
"32203",Summit State Bank,Santa Rosa,CA,1982-01-01,false,NM,2024-09-30,"2024Q3",1118791.0,1002771.0,2949.0,0.3571586645728943,3.99,78.07409838756001,868047.0,61475.0,29.0,115,3321635.2
"32203",Summit State Bank,Santa Rosa,CA,1982-01-01,false,NM,2024-12-31,"2024Q4",1067094.0,962563.0,-4193.0,-0.3832283271265516,-4.31,76.62822356144268,855450.0,59753.0,10.0,103,3341863.5
"32203",Summit State Bank,Santa Rosa,CA,1982-01-01,false,NM,2025-03-31,"2025Q1",1063363.0,957065.0,2494.0,0.9365126824901888,10.67,71.48955809391947,831516.0,55645.0,100.0,107,3341872.5
"32203",Summit State Bank,Santa Rosa,CA,1982-01-01,false,NM,2025-06-30,"2025Q2",1032472.0,922609.0,4912.0,0.9317945486604348,10.33,68.72100728959576,811328.0,53283.0,34.0,106,3377264.0
"32203",Summit State Bank,Santa Rosa,CA,1982-01-01,false,NM,2025-09-30,"2025Q3",1006522.0,888785.0,5729.0,0.7328039782695611,7.94,64.96035912102234,794955.0,52999.0,340.0,105,3414490.5
"32203",Summit State Bank,Santa Rosa,CA,1982-01-01,false,NM,2025-12-31,"2025Q4",1004586.0,891111.0,6796.0,0.6567405683415097,6.99,67.24913199385281,782913.0,57793.0,1820.0,103,3421992.5
"32277",Eastern International Bank,Los Angeles,CA,1985-02-26,false,NM,2022-03-31,"2022Q1",134000.0,113782.0,128.0,0.3755207416534648,2.52,83.36380255941499,96686.0,0.0,0.0,24,3162422.5
"32277",Eastern International Bank,Los Angeles,CA,1985-02-26,false,NM,2022-06-30,"2022Q2",128771.0,108913.0,376.0,0.5619502863306092,3.73,75.70422535211267,99685.0,0.0,0.0,21,3146316.0
"32277",Eastern International Bank,Los Angeles,CA,1985-02-26,false,NM,2022-09-30,"2022Q3",129644.0,104962.0,622.0,0.6245964342133258,4.15,74.22535211267606,97807.0,0.0,0.0,24,3145009.5
"32277",Eastern International Bank,Los Angeles,CA,1985-02-26,false,NM,2022-12-31,"2022Q4",122046.0,100846.0,739.0,0.565720838583539,3.71,76.90371302706104,96458.0,0.0,0.0,24,3135097.5
"32277",Eastern International Bank,Los Angeles,CA,1985-02-26,false,NM,2023-03-31,"2023Q1",121081.0,99552.0,220.0,0.7239015000390743,4.44,72.94727744165947,94411.0,0.0,0.0,24,3152233.8
"32277",Eastern International Bank,Los Angeles,CA,1985-02-26,false,NM,2023-06-30,"2023Q2",118463.0,96903.0,593.0,0.9839873890317764,5.94,63.893653516295025,90681.0,0.0,0.0,23,3191508.0
"32277",Eastern International Bank,Los Angeles,CA,1985-02-26,false,NM,2023-09-30,"2023Q3",112485.0,91140.0,737.0,0.8291026525338817,4.91,69.70750072400811,89614.0,0.0,0.0,25,3223877.8
"32277",Eastern International Bank,Los Angeles,CA,1985-02-26,false,NM,2023-12-31,"2023Q4",115335.0,88616.0,805.0,0.6828862761066151,4.0,74.7011952191235,90189.0,0.0,0.0,23,3248446.5
"32277",Eastern International Bank,Los Angeles,CA,1985-02-26,false,NM,2024-03-31,"2024Q1",116340.0,89712.0,125.0,0.4316391496708751,2.43,83.9090909090909,92737.0,0.0,0.0,22,3277174.5
"32277",Eastern International Bank,Los Angeles,CA,1985-02-26,false,NM,2024-06-30,"2024Q2",114994.0,88303.0,218.0,0.3773051527537795,2.11,85.94741613780599,90407.0,0.0,0.0,21,3287040.8
"32277",Eastern International Bank,Los Angeles,CA,1985-02-26,false,NM,2024-09-30,"2024Q3",122681.0,95671.0,345.0,0.392021732182806,2.21,85.29962546816479,90250.0,0.0,0.0,24,3321635.2
"32277",Eastern International Bank,Los Angeles,CA,1985-02-26,false,NM,2024-12-31,"2024Q4",128399.0,101047.0,460.0,0.384776887957989,2.21,88.66100895803865,85925.0,0.0,0.0,24,3341863.5
"32277",Eastern International Bank,Los Angeles,CA,1985-02-26,false,NM,2025-03-31,"2025Q1",116566.0,89169.0,35.0,0.1143020431490212,0.66,94.43413729128017,84501.0,0.0,0.0,24,3341872.5
"32277",Eastern International Bank,Los Angeles,CA,1985-02-26,false,NM,2025-06-30,"2025Q2",119126.0,91688.0,95.0,0.1565542680264,0.9,93.19759370661733,83132.0,0.0,0.0,24,3377264.0
"32277",Eastern International Bank,Los Angeles,CA,1985-02-26,false,NM,2025-09-30,"2025Q3",117595.0,90074.0,96.0,0.1062906540775525,0.6,94.20378279438684,86718.0,0.0,0.0,26,3414490.5
"32277",Eastern International Bank,Los Angeles,CA,1985-02-26,false,NM,2025-12-31,"2025Q4",125534.0,93004.0,182.0,0.1498633114851289,0.86,92.44861483467382,95565.0,0.0,0.0,26,3421992.5
"32282",Malaga Bank F.S.B.,Palos Verdes Peninsula,CA,1985-03-08,false,SB,2022-03-31,"2022Q1",1495003.0,1055172.0,4891.0,1.3183821448306536,10.85,32.61169061208424,1225174.0,2963.0,177.0,74,3162422.5
"32282",Malaga Bank F.S.B.,Palos Verdes Peninsula,CA,1985-03-08,false,SB,2022-06-30,"2022Q2",1518265.0,1077286.0,9983.0,1.335177529928257,10.98,31.830290114786653,1222193.0,411.0,151.0,70,3146316.0
"32282",Malaga Bank F.S.B.,Palos Verdes Peninsula,CA,1985-03-08,false,SB,2022-09-30,"2022Q3",1476028.0,1030292.0,15726.0,1.406700261800521,11.43,30.59153175591532,1233446.0,451.0,160.0,69,3145009.5
"32282",Malaga Bank F.S.B.,Palos Verdes Peninsula,CA,1985-03-08,false,SB,2022-12-31,"2022Q4",1508627.0,1015071.0,21888.0,1.4649033570701933,11.81,29.672216323672263,1253379.0,761.0,158.0,75,3135097.5
"32282",Malaga Bank F.S.B.,Palos Verdes Peninsula,CA,1985-03-08,false,SB,2023-03-31,"2023Q1",1498458.0,953562.0,6076.0,1.616449152584646,12.48,28.344652647082892,1286943.0,371.0,149.0,75,3152233.8
"32282",Malaga Bank F.S.B.,Palos Verdes Peninsula,CA,1985-03-08,false,SB,2023-06-30,"2023Q2",1543369.0,994463.0,11882.0,1.566700817105282,12.08,28.92451569806279,1294907.0,403.0,154.0,74,3191508.0
"32282",Malaga Bank F.S.B.,Palos Verdes Peninsula,CA,1985-03-08,false,SB,2023-09-30,"2023Q3",1553174.0,1003464.0,17833.0,1.5582036716523353,11.97,29.090300443551765,1281804.0,412.0,133.0,71,3223877.8
"32282",Malaga Bank F.S.B.,Palos Verdes Peninsula,CA,1985-03-08,false,SB,2023-12-31,"2023Q4",1474039.0,935202.0,23856.0,1.5740992577266857,11.89,29.111491708091396,1272428.0,534.0,131.0,70,3248446.5
"32282",Malaga Bank F.S.B.,Palos Verdes Peninsula,CA,1985-03-08,false,SB,2024-03-31,"2024Q1",1455235.0,920279.0,6234.0,1.7025378984690402,11.84,28.48931347150259,1262105.0,455.0,131.0,73,3277174.5
"32282",Malaga Bank F.S.B.,Palos Verdes Peninsula,CA,1985-03-08,false,SB,2024-06-30,"2024Q2",1424575.0,917730.0,12244.0,1.6873345860180269,11.52,28.521024448964344,1235562.0,341.0,128.0,73,3287040.8
"32282",Malaga Bank F.S.B.,Palos Verdes Peninsula,CA,1985-03-08,false,SB,2024-09-30,"2024Q3",1403093.0,909276.0,18015.0,1.668899877747596,11.21,28.75515992249586,1231708.0,348.0,130.0,76,3321635.2
"32282",Malaga Bank F.S.B.,Palos Verdes Peninsula,CA,1985-03-08,false,SB,2024-12-31,"2024Q4",1412360.0,934177.0,23552.0,1.642558787452391,10.9,29.12052810902896,1242397.0,355.0,34.0,73,3341863.5
"32282",Malaga Bank F.S.B.,Palos Verdes Peninsula,CA,1985-03-08,false,SB,2025-03-31,"2025Q1",1380739.0,941413.0,5603.0,1.6048124323556023,10.0,31.444906444906444,1225693.0,105.0,26.0,71,3341872.5
"32282",Malaga Bank F.S.B.,Palos Verdes Peninsula,CA,1985-03-08,false,SB,2025-06-30,"2025Q2",1396545.0,927689.0,11357.0,1.626438905071648,10.06,30.478709565519036,1209036.0,104.0,24.0,70,3377264.0
"32282",Malaga Bank F.S.B.,Palos Verdes Peninsula,CA,1985-03-08,false,SB,2025-09-30,"2025Q3",1427779.0,938374.0,17038.0,1.617593362650454,9.99,30.214870297001067,1211863.0,67.0,21.0,72,3414490.5
"32282",Malaga Bank F.S.B.,Palos Verdes Peninsula,CA,1985-03-08,false,SB,2025-12-31,"2025Q4",1434308.0,938874.0,22371.0,1.5862062804154045,9.77,31.42103670399032,1240931.0,56.0,24.0,73,3421992.5
"32779",Bank of Marin,Novato,CA,1990-01-23,false,NM,2022-03-31,"2022Q1",4330118.0,3862726.0,10812.0,1.0006382400539189,10.02,56.47184495650846,1946082.0,159429.0,50972.0,312,3162422.5
"32779",Bank of Marin,Novato,CA,1990-01-23,false,NM,2022-06-30,"2022Q2",4326581.0,3843827.0,22251.0,1.0292919468116666,10.6,54.736842105263165,1940993.0,124402.0,54028.0,290,3146316.0
"32779",Bank of Marin,Novato,CA,1990-01-23,false,NM,2022-09-30,"2022Q3",4349532.0,3912728.0,34661.0,1.0672745574010825,11.22,53.14673716866823,1931146.0,130801.0,55109.0,302,3145009.5
"32779",Bank of Marin,Novato,CA,1990-01-23,false,NM,2022-12-31,"2022Q4",4148631.0,3579313.0,47849.0,1.1143831938279625,11.64,51.99118879098656,1891019.0,107672.0,56963.0,313,3135097.5
"32779",Bank of Marin,Novato,CA,1990-01-23,false,NM,2023-03-31,"2023Q1",4135167.0,3264810.0,9704.0,0.9371546722892083,9.43,58.04958274958884,1888627.0,128113.0,60443.0,311,3152233.8
"32779",Bank of Marin,Novato,CA,1990-01-23,false,NM,2023-06-30,"2023Q2",4092788.0,3335753.0,14607.0,0.7081274270626812,7.08,65.13240540676348,1877872.0,125053.0,65287.0,317,3191508.0
"32779",Bank of Marin,Novato,CA,1990-01-23,false,NM,2023-09-30,"2023Q3",4036176.0,3455908.0,20206.0,0.6565783333725304,6.55,66.70047835859604,1871056.0,116100.0,66458.0,334,3223877.8
"32779",Bank of Marin,Novato,CA,1990-01-23,false,NM,2023-12-31,"2023Q4",3804953.0,3298363.0,21096.0,0.5217206791172988,5.08,67.25007259576041,1854337.0,120872.0,67624.0,329,3248446.5
"32779",Bank of Marin,Novato,CA,1990-01-23,false,NM,2024-03-31,"2024Q1",3766797.0,3292791.0,3240.0,0.3423250899725955,3.02,80.42436149312377,1837159.0,110760.0,67088.0,330,3277174.5
"32779",Bank of Marin,Novato,CA,1990-01-23,false,NM,2024-06-30,"2024Q2",3694329.0,3237045.0,-18265.0,-0.9727430457393385,-8.62,81.95140231154589,1846509.0,125620.0,66864.0,321,3287040.8
"32779",Bank of Marin,Novato,CA,1990-01-23,false,NM,2024-09-30,"2024Q3",3792509.0,3323328.0,-13413.0,-0.4750393038178612,-4.22,78.7677566852475,1861955.0,115404.0,68218.0,288,3321635.2
"32779",Bank of Marin,Novato,CA,1990-01-23,false,NM,2024-12-31,"2024Q4",3700995.0,3230408.0,-7028.0,-0.1873175965585162,-1.66,74.66766187016374,1865054.0,106532.0,66919.0,285,3341863.5
"32779",Bank of Marin,Novato,CA,1990-01-23,false,NM,2025-03-31,"2025Q1",3783907.0,3307886.0,5169.0,0.5524721632961928,4.82,74.12652767792954,1862405.0,100056.0,65906.0,291,3341872.5
"32779",Bank of Marin,Novato,CA,1990-01-23,false,NM,2025-06-30,"2025Q2",3725667.0,3276364.0,-2974.0,-0.1591712249396083,-1.41,72.7119210540203,1856226.0,106821.0,64603.0,302,3377264.0
"32779",Bank of Marin,Novato,CA,1990-01-23,false,NM,2025-09-30,"2025Q3",3868658.0,3408602.0,4903.0,0.1734086210122044,1.55,70.56706080696239,1876839.0,107242.0,63119.0,304,3414490.5
"32779",Bank of Marin,Novato,CA,1990-01-23,false,NM,2025-12-31,"2025Q4",3904329.0,3450939.0,-33750.0,-0.8889272378683951,-8.09,66.50643878701561,1903905.0,117054.0,59541.0,312,3421992.5
"32908",Tustin Community Bank,Tustin,CA,1981-04-23,false,NM,2022-03-31,"2022Q1",97978.0,86188.0,160.0,0.6928693995312305,5.68,81.23195380173243,20919.0,2382.0,27368.0,20,3162422.5
"32908",Tustin Community Bank,Tustin,CA,1981-04-23,false,NM,2022-06-30,"2022Q2",91775.0,79976.0,299.0,0.6487917429135596,5.32,80.91674462114126,22884.0,1990.0,26439.0,22,3146316.0
"32908",Tustin Community Bank,Tustin,CA,1981-04-23,false,NM,2022-09-30,"2022Q3",89971.0,78048.0,486.0,0.7072418243584321,5.77,80.37747153984421,19363.0,2128.0,25511.0,22,3145009.5
"32908",Tustin Community Bank,Tustin,CA,1981-04-23,false,NM,2022-12-31,"2022Q4",77385.0,65536.0,735.0,0.8279451190663932,6.54,78.759521218716,23180.0,2489.0,24501.0,21,3135097.5
"32908",Tustin Community Bank,Tustin,CA,1981-04-23,false,NM,2023-03-31,"2023Q1",79245.0,67265.0,224.0,1.1440975547468557,7.95,77.06270627062707,24922.0,2041.0,24658.0,22,3152233.8
"32908",Tustin Community Bank,Tustin,CA,1981-04-23,false,NM,2023-06-30,"2023Q2",77675.0,65555.0,488.0,1.249653229764623,8.63,75.71949736522092,27415.0,1871.0,25713.0,22,3191508.0
"32908",Tustin Community Bank,Tustin,CA,1981-04-23,false,NM,2023-09-30,"2023Q3",75319.0,63259.0,713.0,1.2281255974989018,8.4,76.47693552738063,26990.0,2293.0,26389.0,22,3223877.8
"32908",Tustin Community Bank,Tustin,CA,1981-04-23,false,NM,2023-12-31,"2023Q4",75401.0,60421.0,892.0,1.1583663398480617,7.89,77.70998576367704,30412.0,2573.0,25760.0,22,3248446.5
"32908",Tustin Community Bank,Tustin,CA,1981-04-23,false,NM,2024-03-31,"2024Q1",74804.0,59866.0,188.0,1.0012982257581304,6.67,78.47882454624028,30921.0,2586.0,25063.0,22,3277174.5
"32908",Tustin Community Bank,Tustin,CA,1981-04-23,false,NM,2024-06-30,"2024Q2",80338.0,61805.0,362.0,0.9421235951644594,6.4,79.49826989619378,35922.0,3023.0,25499.0,21,3287040.8
"32908",Tustin Community Bank,Tustin,CA,1981-04-23,false,NM,2024-09-30,"2024Q3",82124.0,64034.0,539.0,0.919379019851791,6.34,79.90238300315819,37893.0,2331.0,25688.0,21,3321635.2
"32908",Tustin Community Bank,Tustin,CA,1981-04-23,false,NM,2024-12-31,"2024Q4",79354.0,61435.0,700.0,0.8928093137867614,6.18,80.56514236410699,37315.0,2427.0,24870.0,21,3341863.5
"32908",Tustin Community Bank,Tustin,CA,1981-04-23,false,NM,2025-03-31,"2025Q1",81836.0,67738.0,146.0,0.724610707860289,5.12,82.28200371057514,35464.0,2328.0,24511.0,21,3341872.5
"32908",Tustin Community Bank,Tustin,CA,1981-04-23,false,NM,2025-06-30,"2025Q2",80875.0,63278.0,266.0,0.659327040257782,4.66,83.77647589004056,35350.0,3306.0,23807.0,21,3377264.0
"32908",Tustin Community Bank,Tustin,CA,1981-04-23,false,NM,2025-09-30,"2025Q3",79797.0,64172.0,361.0,0.5981710173925471,4.08,84.47392221887247,34104.0,3083.0,23887.0,21,3414490.5
"32908",Tustin Community Bank,Tustin,CA,1981-04-23,false,NM,2025-12-31,"2025Q4",82168.0,68651.0,514.0,0.6360913793530184,4.28,84.01520232506148,36767.0,4611.0,23079.0,21,3421992.5
"33013",Asian Pacific National Bank,San Gabriel,CA,1990-07-25,false,N,2022-03-31,"2022Q1",54425.0,44793.0,44.0,0.3089128374346193,1.79,86.58227848101265,23475.0,0.0,0.0,11,3162422.5
"33013",Asian Pacific National Bank,San Gabriel,CA,1990-07-25,false,N,2022-06-30,"2022Q2",57577.0,48042.0,127.0,0.4442501093135111,2.62,82.52427184466019,24960.0,26.0,0.0,12,3146316.0
"33013",Asian Pacific National Bank,San Gabriel,CA,1990-07-25,false,N,2022-09-30,"2022Q3",57181.0,47859.0,253.0,0.5899712294386679,3.52,78.81996974281392,24329.0,14.0,0.0,11,3145009.5
"33013",Asian Pacific National Bank,San Gabriel,CA,1990-07-25,false,N,2022-12-31,"2022Q4",57366.0,47852.0,387.0,0.6764031432646327,4.07,75.92190889370933,24328.0,13.0,0.0,11,3135097.5
"33013",Asian Pacific National Bank,San Gabriel,CA,1990-07-25,false,N,2023-03-31,"2023Q1",56853.0,46913.0,174.0,1.2187114227930556,7.36,64.46124763705104,24514.0,12.0,0.0,11,3152233.8
"33013",Asian Pacific National Bank,San Gabriel,CA,1990-07-25,false,N,2023-06-30,"2023Q2",56055.0,46043.0,347.0,1.2227351210402058,7.29,63.8095238095238,23983.0,11.0,0.0,11,3191508.0
"33013",Asian Pacific National Bank,San Gabriel,CA,1990-07-25,false,N,2023-09-30,"2023Q3",56351.0,46012.0,437.0,1.0283986321014893,6.09,67.48834110592938,23800.0,9.0,0.0,11,3223877.8
"33013",Asian Pacific National Bank,San Gabriel,CA,1990-07-25,false,N,2023-12-31,"2023Q4",56953.0,45293.0,474.0,0.8357488944840573,4.91,71.79752066115702,24713.0,8.0,0.0,11,3248446.5
"33013",Asian Pacific National Bank,San Gabriel,CA,1990-07-25,false,N,2024-03-31,"2024Q1",55331.0,44474.0,24.0,0.1709949770225499,0.96,93.47826086956522,25831.0,7.0,0.0,11,3277174.5
"33013",Asian Pacific National Bank,San Gabriel,CA,1990-07-25,false,N,2024-06-30,"2024Q2",57092.0,46001.0,71.0,0.251511430190818,1.4,89.94778067885117,29391.0,5.0,0.0,11,3287040.8
"33013",Asian Pacific National Bank,San Gabriel,CA,1990-07-25,false,N,2024-09-30,"2024Q3",57013.0,45289.0,99.0,0.2332210487258656,1.29,90.14567266495288,29860.0,4.0,0.0,11,3321635.2
"33013",Asian Pacific National Bank,San Gabriel,CA,1990-07-25,false,N,2024-12-31,"2024Q4",55759.0,44102.0,144.0,0.2551852219402583,1.4,89.59247648902821,28445.0,3.0,0.0,11,3341863.5
"33013",Asian Pacific National Bank,San Gabriel,CA,1990-07-25,false,N,2025-03-31,"2025Q1",55491.0,43763.0,51.0,0.3667415730337078,1.91,87.5,28468.0,1.0,0.0,10,3341872.5
"33013",Asian Pacific National Bank,San Gabriel,CA,1990-07-25,false,N,2025-06-30,"2025Q2",56074.0,44160.0,140.0,0.5020200329898878,2.61,83.5873388042204,28049.0,0.0,0.0,10,3377264.0
"33013",Asian Pacific National Bank,San Gabriel,CA,1990-07-25,false,N,2025-09-30,"2025Q3",58203.0,46618.0,267.0,0.6313942011377794,3.3,79.49666913397483,31827.0,0.0,0.0,10,3414490.5
"33013",Asian Pacific National Bank,San Gabriel,CA,1990-07-25,false,N,2025-12-31,"2025Q4",57377.0,45794.0,384.0,0.6786754517433475,3.54,78.14854682454252,30911.0,0.0,0.0,10,3421992.5
"33103","Gateway Bank, F.S.B.",Oakland,CA,1990-06-08,false,SB,2022-03-31,"2022Q1",176655.0,160348.0,85.0,0.1931829158120216,2.24,93.83611312545322,95293.0,11159.0,0.0,23,3162422.5
"33103","Gateway Bank, F.S.B.",Oakland,CA,1990-06-08,false,SB,2022-06-30,"2022Q2",160909.0,145872.0,264.0,0.3088279161719376,3.61,90.09831460674155,102700.0,8635.0,0.0,22,3146316.0
"33103","Gateway Bank, F.S.B.",Oakland,CA,1990-06-08,false,SB,2022-09-30,"2022Q3",164819.0,150757.0,355.0,0.2793586198552217,3.39,91.28301004907688,106012.0,4436.0,0.0,23,3145009.5
"33103","Gateway Bank, F.S.B.",Oakland,CA,1990-06-08,false,SB,2022-12-31,"2022Q4",181369.0,162450.0,47.0,0.0273543670956064,0.32,98.45195729537367,120650.0,1274.0,0.0,22,3135097.5
"33103","Gateway Bank, F.S.B.",Oakland,CA,1990-06-08,false,SB,2023-03-31,"2023Q1",188534.0,168295.0,-1932.0,-4.178392713765501,-48.02,214.42176870748295,144290.0,46.0,0.0,23,3152233.8
"33103","Gateway Bank, F.S.B.",Oakland,CA,1990-06-08,false,SB,2023-06-30,"2023Q2",185642.0,170680.0,-2215.0,-2.392245452663601,-29.11,169.96723698580269,140714.0,35.0,0.0,18,3191508.0
"33103","Gateway Bank, F.S.B.",Oakland,CA,1990-06-08,false,SB,2023-09-30,"2023Q3",178782.0,164285.0,-2274.0,-1.651539001017258,-20.54,154.45492662473794,136870.0,34.0,0.0,18,3223877.8
"33103","Gateway Bank, F.S.B.",Oakland,CA,1990-06-08,false,SB,2023-12-31,"2023Q4",197665.0,168426.0,-2863.0,-1.5359573901921906,-16.45,154.43169968717413,148259.0,4.0,0.0,23,3248446.5
"33103","Gateway Bank, F.S.B.",Oakland,CA,1990-06-08,false,SB,2024-03-31,"2024Q1",220664.0,191603.0,-587.0,-1.1225614289231682,-8.51,157.5070821529745,141930.0,2500.0,0.0,23,3277174.5
"33103","Gateway Bank, F.S.B.",Oakland,CA,1990-06-08,false,SB,2024-06-30,"2024Q2",221658.0,193524.0,-1564.0,-1.4662797838081083,-11.49,160.4495456719273,169401.0,2953.0,0.0,24,3287040.8
"33103","Gateway Bank, F.S.B.",Oakland,CA,1990-06-08,false,SB,2024-09-30,"2024Q3",249593.0,221431.0,-2521.0,-1.5113870815440995,-12.44,173.6842105263158,163990.0,2867.0,0.0,30,3321635.2
"33103","Gateway Bank, F.S.B.",Oakland,CA,1990-06-08,false,SB,2024-12-31,"2024Q4",256131.0,228680.0,-4113.0,-1.7949552723156188,-15.49,176.97926484448635,186645.0,3182.0,0.0,31,3341863.5
"33103","Gateway Bank, F.S.B.",Oakland,CA,1990-06-08,false,SB,2025-03-31,"2025Q1",257601.0,230261.0,-958.0,-1.4918284241589,-15.76,172.51461988304092,184604.0,3358.0,0.0,27,3341872.5
"33103","Gateway Bank, F.S.B.",Oakland,CA,1990-06-08,false,SB,2025-06-30,"2025Q2",246185.0,219596.0,-1785.0,-1.409364443748462,-14.85,173.74161073825502,179167.0,3279.0,0.0,29,3377264.0
"33103","Gateway Bank, F.S.B.",Oakland,CA,1990-06-08,false,SB,2025-09-30,"2025Q3",233028.0,207663.0,-2656.0,-1.4265623171474755,-14.9,172.68184342032205,176329.0,3134.0,0.0,28,3414490.5
"33103","Gateway Bank, F.S.B.",Oakland,CA,1990-06-08,false,SB,2025-12-31,"2025Q4",260466.0,203030.0,-3885.0,-1.5497709849363055,-16.58,179.05683690280063,210782.0,4366.0,0.0,26,3421992.5
"33457",Oak Valley Community Bank,Oakdale,CA,1991-05-28,false,SM,2022-03-31,"2022Q1",1945866.0,1799423.0,2525.0,0.5165685527385805,7.38,72.12501017335396,741913.0,82337.0,430.0,206,3162422.5
"33457",Oak Valley Community Bank,Oakdale,CA,1991-05-28,false,SM,2022-06-30,"2022Q2",1991178.0,1852698.0,6959.0,0.7075032897869358,10.64,65.81538233770078,795064.0,75270.0,447.0,209,3146316.0
"33457",Oak Valley Community Bank,Oakdale,CA,1991-05-28,false,SM,2022-09-30,"2022Q3",1962385.0,1831014.0,13929.0,0.94463763210068,14.91,58.98758063808312,813974.0,68192.0,562.0,209,3145009.5
"33457",Oak Valley Community Bank,Oakdale,CA,1991-05-28,false,SM,2022-12-31,"2022Q4",1968293.0,1814462.0,23550.0,1.197586398103552,18.85,54.88400950320053,817883.0,67030.0,403.0,198,3135097.5
"33457",Oak Valley Community Bank,Oakdale,CA,1991-05-28,false,SM,2023-03-31,"2023Q1",1940515.0,1769304.0,9373.0,1.9183341826971296,28.02,47.016524596409354,833643.0,61614.0,377.0,206,3152233.8
"33457",Oak Valley Community Bank,Oakdale,CA,1991-05-28,false,SM,2023-06-30,"2023Q2",1861511.0,1682454.0,17913.0,1.862600663845448,25.93,46.99315979479384,864574.0,56067.0,401.0,213,3191508.0
"33457",Oak Valley Community Bank,Oakdale,CA,1991-05-28,false,SM,2023-09-30,"2023Q3",1835329.0,1666709.0,25406.0,1.7815086788134291,24.67,48.17477523433016,881210.0,57364.0,461.0,225,3223877.8
"33457",Oak Valley Community Bank,Oakdale,CA,1991-05-28,false,SM,2023-12-31,"2023Q4",1842269.0,1650700.0,31361.0,1.659678000981592,21.93,49.50432423884882,917305.0,64772.0,510.0,222,3248446.5
"33457",Oak Valley Community Bank,Oakdale,CA,1991-05-28,false,SM,2024-03-31,"2024Q1",1805457.0,1612826.0,5950.0,1.3049225736801502,14.33,60.146281565319526,932944.0,68435.0,815.0,219,3277174.5
"33457",Oak Valley Community Bank,Oakdale,CA,1991-05-28,false,SM,2024-06-30,"2024Q2",1840415.0,1645361.0,12031.0,1.3153087721324943,14.35,59.792940927264546,945758.0,74105.0,699.0,223,3287040.8
"33457",Oak Valley Community Bank,Oakdale,CA,1991-05-28,false,SM,2024-09-30,"2024Q3",1900236.0,1690813.0,19494.0,1.407148021818594,15.11,58.92394425379928,950499.0,80476.0,880.0,222,3321635.2
"33457",Oak Valley Community Bank,Oakdale,CA,1991-05-28,false,SM,2024-12-31,"2024Q4",1900495.0,1696247.0,25732.0,1.3850982121402902,14.78,58.795546029588586,981423.0,82730.0,741.0,223,3341863.5
"33457",Oak Valley Community Bank,Oakdale,CA,1991-05-28,false,SM,2025-03-31,"2025Q1",1924135.0,1713777.0,5497.0,1.149810569911338,12.02,62.205456800330715,970754.0,76925.0,521.0,225,3341872.5
"33457",Oak Valley Community Bank,Oakdale,CA,1991-05-28,false,SM,2025-06-30,"2025Q2",1920868.0,1711617.0,11334.0,1.183604972101635,12.34,61.48783101178632,978827.0,79025.0,610.0,231,3377264.0
"33457",Oak Valley Community Bank,Oakdale,CA,1991-05-28,false,SM,2025-09-30,"2025Q3",1995282.0,1775055.0,18306.0,1.2612367125793522,13.03,60.31232903963794,989582.0,79151.0,637.0,237,3414490.5
"33457",Oak Valley Community Bank,Oakdale,CA,1991-05-28,false,SM,2025-12-31,"2025Q4",2022957.0,1793192.0,24810.0,1.270517630698164,12.96,59.214945938656925,1033063.0,69207.0,589.0,238,3421992.5
"33539",Preferred Bank,Los Angeles,CA,1991-12-23,false,NM,2022-03-31,"2022Q1",6143189.0,5312502.0,26027.0,1.7080325502034386,17.62,30.854542325563607,3253665.0,1329213.0,0.0,289,3162422.5
"33539",Preferred Bank,Los Angeles,CA,1991-12-23,false,NM,2022-06-30,"2022Q2",6233720.0,5410218.0,54096.0,1.76169065333921,18.3,29.872801422899336,3530750.0,1379738.0,0.0,283,3146316.0
"33539",Preferred Bank,Los Angeles,CA,1991-12-23,false,NM,2022-09-30,"2022Q3",6293578.0,5458274.0,89285.0,1.926452706073195,20.14,28.083905068802377,3643554.0,1357182.0,0.0,293,3145009.5
"33539",Preferred Bank,Los Angeles,CA,1991-12-23,false,NM,2022-12-31,"2022Q4",6425969.0,5558803.0,128845.0,2.068558593308874,21.51,26.949253544097353,3736582.0,1327692.0,0.0,299,3135097.5
"33539",Preferred Bank,Los Angeles,CA,1991-12-23,false,NM,2023-03-31,"2023Q1",6462167.0,5409788.0,38073.0,2.363289772857766,23.67,24.594541783364814,3741334.0,1306089.0,0.0,300,3152233.8
"33539",Preferred Bank,Los Angeles,CA,1991-12-23,false,NM,2023-06-30,"2023Q2",6668548.0,5591041.0,76009.0,2.331959753504224,23.32,24.99603373965467,3725392.0,1382485.0,0.0,294,3191508.0
"33539",Preferred Bank,Los Angeles,CA,1991-12-23,false,NM,2023-09-30,"2023Q3",6633086.0,5684969.0,114201.0,2.3255522030166738,23.19,25.00077024308872,3753835.0,1363883.0,0.0,296,3223877.8
"33539",Preferred Bank,Los Angeles,CA,1991-12-23,false,NM,2023-12-31,"2023Q4",6659765.0,5711402.0,150040.0,2.283746177837829,22.59,24.91581367873365,3871627.0,1390789.0,0.0,301,3248446.5
"33539",Preferred Bank,Los Angeles,CA,1991-12-23,false,NM,2024-03-31,"2024Q1",6756740.0,5807301.0,33466.0,1.9955122440605808,19.2,27.960595263047576,3950040.0,1365580.0,0.0,304,3277174.5
"33539",Preferred Bank,Los Angeles,CA,1991-12-23,false,NM,2024-06-30,"2024Q2",6847035.0,5882233.0,67058.0,1.98557606420201,19.0,28.13306302985625,4051325.0,1367610.0,0.0,317,3287040.8
"33539",Preferred Bank,Los Angeles,CA,1991-12-23,false,NM,2024-09-30,"2024Q3",6873162.0,5873808.0,100441.0,1.9739758398054412,18.68,28.394467034082805,4199685.0,1361581.0,0.0,317,3321635.2
"33539",Preferred Bank,Los Angeles,CA,1991-12-23,false,NM,2024-12-31,"2024Q4",6924154.0,5921062.0,130662.0,1.9180668859291143,17.99,31.04885471503173,4216072.0,1417276.0,0.0,323,3341863.5
"33539",Preferred Bank,Los Angeles,CA,1991-12-23,false,NM,2025-03-31,"2025Q1",7100798.0,6078374.0,30024.0,1.712604791802496,15.58,33.70282477225752,4253643.0,1370955.0,0.0,323,3341872.5
"33539",Preferred Bank,Los Angeles,CA,1991-12-23,false,NM,2025-06-30,"2025Q2",7279549.0,6083500.0,62871.0,1.7706399225215368,16.48,32.011828164702735,4231276.0,1496339.0,0.0,323,3377264.0
"33539",Preferred Bank,Los Angeles,CA,1991-12-23,false,NM,2025-09-30,"2025Q3",7468405.0,6236642.0,98810.0,1.8314920710476723,17.19,30.70408938632921,4295439.0,1566385.0,0.0,319,3414490.5
"33539",Preferred Bank,Los Angeles,CA,1991-12-23,false,NM,2025-12-31,"2025Q4",7601679.0,6350066.0,133632.0,1.8368869363045657,17.33,30.405770079976445,4484881.0,1560111.0,0.0,324,3421992.5
"33661","Mizrahi Tefahot Bank, Ltd.",Los Angeles,CA,1923-06-01,false,OI,2022-03-31,"2022Q1",2803357.0,1062570.0,,0.0,,0.0,74197.0,659736.0,,,3162422.5
"33661","Mizrahi Tefahot Bank, Ltd.",Los Angeles,CA,1923-06-01,false,OI,2022-06-30,"2022Q2",2509252.0,1186530.0,,0.0,,0.0,116547.0,782003.0,,,3146316.0
"33661","Mizrahi Tefahot Bank, Ltd.",Los Angeles,CA,1923-06-01,false,OI,2022-09-30,"2022Q3",3567668.0,1432422.0,,0.0,,0.0,164167.0,867336.0,,,3145009.5
"33661","Mizrahi Tefahot Bank, Ltd.",Los Angeles,CA,1923-06-01,false,OI,2022-12-31,"2022Q4",5773447.0,1532214.0,,0.0,,0.0,172769.0,848402.0,,,3135097.5
"33661","Mizrahi Tefahot Bank, Ltd.",Los Angeles,CA,1923-06-01,false,OI,2023-03-31,"2023Q1",5993725.0,2023771.0,,0.0,,0.0,191450.0,921647.0,,,3152233.8
"33661","Mizrahi Tefahot Bank, Ltd.",Los Angeles,CA,1923-06-01,false,OI,2023-06-30,"2023Q2",5744668.0,1532777.0,,0.0,,0.0,192933.0,1003076.0,,,3191508.0
"33661","Mizrahi Tefahot Bank, Ltd.",Los Angeles,CA,1923-06-01,false,OI,2023-09-30,"2023Q3",5807757.0,1779260.0,,0.0,,0.0,220092.0,1084554.0,,,3223877.8
"33661","Mizrahi Tefahot Bank, Ltd.",Los Angeles,CA,1923-06-01,false,OI,2023-12-31,"2023Q4",8938415.0,1934571.0,,0.0,,0.0,258718.0,1240176.0,,,3248446.5
"33661","Mizrahi Tefahot Bank, Ltd.",Los Angeles,CA,1923-06-01,false,OI,2024-03-31,"2024Q1",7280006.0,2184946.0,,0.0,,0.0,267958.0,1246974.0,,,3277174.5
"33661","Mizrahi Tefahot Bank, Ltd.",Los Angeles,CA,1923-06-01,false,OI,2024-06-30,"2024Q2",8856732.0,2443225.0,,0.0,,0.0,387834.0,1308916.0,,,3287040.8
"33661","Mizrahi Tefahot Bank, Ltd.",Los Angeles,CA,1923-06-01,false,OI,2024-09-30,"2024Q3",8249597.0,2221292.0,,0.0,,0.0,414179.0,1381334.0,,,3321635.2
"33661","Mizrahi Tefahot Bank, Ltd.",Los Angeles,CA,1923-06-01,false,OI,2024-12-31,"2024Q4",8726217.0,2725724.0,,0.0,,0.0,416593.0,1488909.0,,,3341863.5
"33661","Mizrahi Tefahot Bank, Ltd.",Los Angeles,CA,1923-06-01,false,OI,2025-03-31,"2025Q1",8428578.0,2800884.0,,0.0,,0.0,495389.0,1582667.0,,,3341872.5
"33661","Mizrahi Tefahot Bank, Ltd.",Los Angeles,CA,1923-06-01,false,OI,2025-06-30,"2025Q2",9370763.0,3309713.0,,0.0,,0.0,483190.0,1947223.0,,,3377264.0
"33661","Mizrahi Tefahot Bank, Ltd.",Los Angeles,CA,1923-06-01,false,OI,2025-09-30,"2025Q3",9939146.0,3670497.0,,0.0,,0.0,534037.0,2105049.0,,,3414490.5
"33661","Mizrahi Tefahot Bank, Ltd.",Los Angeles,CA,1923-06-01,false,OI,2025-12-31,"2025Q4",8660666.0,4044553.0,,0.0,,0.0,439949.0,2350037.0,,,3421992.5
"34010",EverTrust Bank,City Of Industry,CA,1995-05-03,false,NM,2022-03-31,"2022Q1",948244.0,729247.0,2071.0,0.8524243002665627,3.93,56.44635447540012,496178.0,110032.0,0.0,85,3162422.5
"34010",EverTrust Bank,City Of Industry,CA,1995-05-03,false,NM,2022-06-30,"2022Q2",929100.0,707655.0,4494.0,0.938618381868416,4.27,55.00141083521445,482723.0,127723.0,0.0,85,3146316.0
"34010",EverTrust Bank,City Of Industry,CA,1995-05-03,false,NM,2022-09-30,"2022Q3",868731.0,646705.0,7750.0,1.104709279576123,4.91,51.32569128456422,489870.0,121236.0,0.0,92,3145009.5
"34010",EverTrust Bank,City Of Industry,CA,1995-05-03,false,NM,2022-12-31,"2022Q4",839512.0,608354.0,11589.0,1.2649051206555109,5.48,48.89881131961624,488834.0,117797.0,0.0,97,3135097.5
"34010",EverTrust Bank,City Of Industry,CA,1995-05-03,false,NM,2023-03-31,"2023Q1",842561.0,604892.0,3600.0,1.7121730150831742,6.63,47.483401156564575,485177.0,100723.0,0.0,92,3152233.8
"34010",EverTrust Bank,City Of Industry,CA,1995-05-03,false,NM,2023-06-30,"2023Q2",907682.0,664280.0,7113.0,1.6479551154452834,6.5,46.633914592668575,501522.0,95024.0,0.0,89,3191508.0
"34010",EverTrust Bank,City Of Industry,CA,1995-05-03,false,NM,2023-09-30,"2023Q3",887197.0,637383.0,10729.0,1.645691479203624,6.49,46.124309193999856,518323.0,74840.0,0.0,88,3223877.8
"34010",EverTrust Bank,City Of Industry,CA,1995-05-03,false,NM,2023-12-31,"2023Q4",871052.0,632730.0,4158.0,0.4781504340842372,1.89,42.60962979286029,537482.0,115399.0,0.0,92,3248446.5
"34010",EverTrust Bank,City Of Industry,CA,1995-05-03,false,NM,2024-03-31,"2024Q1",923871.0,681944.0,2650.0,1.18110916178577,4.78,51.37018114259173,518708.0,137500.0,0.0,93,3277174.5
"34010",EverTrust Bank,City Of Industry,CA,1995-05-03,false,NM,2024-06-30,"2024Q2",889871.0,646058.0,5558.0,1.242106470738537,4.98,51.52310924369747,520673.0,143068.0,0.0,92,3287040.8
"34010",EverTrust Bank,City Of Industry,CA,1995-05-03,false,NM,2024-09-30,"2024Q3",893022.0,644103.0,8648.0,1.2890968568534549,5.12,51.05356591540598,525215.0,156878.0,0.0,89,3321635.2
"34010",EverTrust Bank,City Of Industry,CA,1995-05-03,false,NM,2024-12-31,"2024Q4",946458.0,681665.0,19753.0,2.183002178913125,8.65,54.06671938611135,514341.0,150103.0,0.0,90,3341863.5
"34010",EverTrust Bank,City Of Industry,CA,1995-05-03,false,NM,2025-03-31,"2025Q1",963184.0,698944.0,2753.0,1.1533051744777292,4.53,53.30538922155689,573357.0,146320.0,0.0,91,3341872.5
"34010",EverTrust Bank,City Of Industry,CA,1995-05-03,false,NM,2025-06-30,"2025Q2",1008290.0,737056.0,5939.0,1.2212073482178474,4.85,52.04378313665128,619060.0,179039.0,0.0,94,3377264.0
"34010",EverTrust Bank,City Of Industry,CA,1995-05-03,false,NM,2025-09-30,"2025Q3",1089770.0,816358.0,9551.0,1.2709875434850195,5.16,50.598758671047825,632174.0,184067.0,0.0,99,3414490.5
"34010",EverTrust Bank,City Of Industry,CA,1995-05-03,false,NM,2025-12-31,"2025Q4",1107990.0,834170.0,12510.0,1.2227084820587322,5.03,51.19648557941554,650725.0,190650.0,0.0,97,3421992.5
"34252",Pacific Coast Bankers' Bank,Walnut Creek,CA,1997-01-02,false,SM,2022-03-31,"2022Q1",1607821.0,1248375.0,1121.0,0.295999192009342,3.34,85.9332393041843,95470.0,136368.0,0.0,108,3162422.5
"34252",Pacific Coast Bankers' Bank,Walnut Creek,CA,1997-01-02,false,SM,2022-06-30,"2022Q2",1414287.0,831135.0,1645.0,0.2220959603062539,2.47,89.42392046008382,106310.0,145659.0,0.0,105,3146316.0
"34252",Pacific Coast Bankers' Bank,Walnut Creek,CA,1997-01-02,false,SM,2022-09-30,"2022Q3",1731012.0,908124.0,3092.0,0.2670470541310116,3.1,86.93639103819024,121753.0,144881.0,0.0,109,3145009.5
"34252",Pacific Coast Bankers' Bank,Walnut Creek,CA,1997-01-02,false,SM,2022-12-31,"2022Q4",1332441.0,536869.0,6800.0,0.4528817800065481,5.11,92.08022513065616,140679.0,123443.0,0.0,106,3135097.5
"34252",Pacific Coast Bankers' Bank,Walnut Creek,CA,1997-01-02,false,SM,2023-03-31,"2023Q1",1253850.0,579828.0,1557.0,0.4816163378366936,4.68,81.94315171475621,138791.0,129134.0,0.0,105,3152233.8
"34252",Pacific Coast Bankers' Bank,Walnut Creek,CA,1997-01-02,false,SM,2023-06-30,"2023Q2",1229632.0,458856.0,4176.0,0.6566170229325907,6.26,78.57790170791216,149945.0,139175.0,0.0,110,3191508.0
"34252",Pacific Coast Bankers' Bank,Walnut Creek,CA,1997-01-02,false,SM,2023-09-30,"2023Q3",1434556.0,512631.0,5687.0,0.577659836369215,5.68,80.56479581003609,191407.0,147471.0,0.0,119,3223877.8
"34252",Pacific Coast Bankers' Bank,Walnut Creek,CA,1997-01-02,false,SM,2023-12-31,"2023Q4",1045069.0,396262.0,8647.0,0.686755148241265,6.46,79.13717852857813,195400.0,141205.0,0.0,118,3248446.5
"34252",Pacific Coast Bankers' Bank,Walnut Creek,CA,1997-01-02,false,SM,2024-03-31,"2024Q1",1214539.0,476054.0,1540.0,0.5452273137641573,4.56,84.60873947160032,205029.0,149732.0,0.0,117,3277174.5
"34252",Pacific Coast Bankers' Bank,Walnut Creek,CA,1997-01-02,false,SM,2024-06-30,"2024Q2",1242616.0,517976.0,3753.0,0.6429628715924509,5.55,81.12140453141807,243937.0,147517.0,0.0,120,3287040.8
"34252",Pacific Coast Bankers' Bank,Walnut Creek,CA,1997-01-02,false,SM,2024-09-30,"2024Q3",937586.0,385573.0,6439.0,0.7734672159394208,6.32,79.37169237698457,249944.0,157739.0,0.0,120,3321635.2
"34252",Pacific Coast Bankers' Bank,Walnut Creek,CA,1997-01-02,false,SM,2024-12-31,"2024Q4",1251957.0,534841.0,8910.0,0.7827094819587661,6.54,79.2757278634306,252327.0,156573.0,0.0,120,3341863.5
"34252",Pacific Coast Bankers' Bank,Walnut Creek,CA,1997-01-02,false,SM,2025-03-31,"2025Q1",1139353.0,453965.0,1835.0,0.6138894580794627,5.32,82.71377995642702,291565.0,146473.0,0.0,116,3341872.5
"34252",Pacific Coast Bankers' Bank,Walnut Creek,CA,1997-01-02,false,SM,2025-06-30,"2025Q2",1242294.0,439349.0,4547.0,0.7508248009414344,6.57,77.93879302126037,299218.0,136268.0,0.0,118,3377264.0
"34252",Pacific Coast Bankers' Bank,Walnut Creek,CA,1997-01-02,false,SM,2025-09-30,"2025Q3",1162548.0,541416.0,5355.0,0.595462487427421,5.15,82.8570236555551,332123.0,136946.0,0.0,116,3414490.5
"34252",Pacific Coast Bankers' Bank,Walnut Creek,CA,1997-01-02,false,SM,2025-12-31,"2025Q4",1138599.0,516742.0,8161.0,0.6875604385087091,5.87,81.10885817326296,342632.0,133057.0,0.0,121,3421992.5
"3430",Westamerica Bank,San Rafael,CA,1884-02-24,false,SM,2022-03-31,"2022Q1",7262312.0,6408692.0,22122.0,1.2052673648948715,13.54,46.54921639213119,539388.0,137301.0,266925.0,613,3162422.5
"3430",Westamerica Bank,San Rafael,CA,1884-02-24,false,SM,2022-06-30,"2022Q2",7180997.0,6418086.0,46997.0,1.2896770223060678,15.7,44.698312939978585,530480.0,134009.0,275763.0,567,3146316.0
"3430",Westamerica Bank,San Rafael,CA,1884-02-24,false,SM,2022-09-30,"2022Q3",7138093.0,6497410.0,81347.0,1.4958633602868592,19.84,41.03671242293399,522917.0,118644.0,276247.0,564,3145009.5
"3430",Westamerica Bank,San Rafael,CA,1884-02-24,false,SM,2022-12-31,"2022Q4",6909609.0,6227401.0,119922.0,1.6696532987661088,22.61,38.66503958479281,520783.0,103847.0,268556.0,568,3135097.5
"3430",Westamerica Bank,San Rafael,CA,1884-02-24,false,SM,2023-03-31,"2023Q1",6661179.0,5902479.0,39976.0,2.356591231106108,32.2,33.823621534259615,524638.0,94392.0,258006.0,621,3152233.8
"3430",Westamerica Bank,San Rafael,CA,1884-02-24,false,SM,2023-06-30,"2023Q2",6538595.0,5709575.0,79686.0,2.3775766765196127,31.74,33.431063138433956,523737.0,89950.0,245180.0,593,3191508.0
"3430",Westamerica Bank,San Rafael,CA,1884-02-24,false,SM,2023-09-30,"2023Q3",6520076.0,5701665.0,120450.0,2.412305634898553,32.27,33.06941253692156,521696.0,78766.0,228922.0,648,3223877.8
"3430",Westamerica Bank,San Rafael,CA,1884-02-24,false,SM,2023-12-31,"2023Q4",6320142.0,5476558.0,158981.0,2.4124874835358403,30.94,33.124626023231286,513108.0,81767.0,217219.0,617,3248446.5
"3430",Westamerica Bank,San Rafael,CA,1884-02-24,false,SM,2024-03-31,"2024Q1",6417341.0,5358036.0,35883.0,2.253694862634949,24.93,35.46145036660655,512878.0,74295.0,206380.0,587,3277174.5
"3430",Westamerica Bank,San Rafael,CA,1884-02-24,false,SM,2024-06-30,"2024Q2",6267282.0,5134386.0,70879.0,2.237723013149597,24.66,35.77088642124803,512086.0,76657.0,191675.0,568,3287040.8
"3430",Westamerica Bank,San Rafael,CA,1884-02-24,false,SM,2024-09-30,"2024Q3",6122740.0,5068935.0,104146.0,2.210452041298967,23.47,36.25099848320305,526208.0,80308.0,177718.0,609,3321635.2
"3430",Westamerica Bank,San Rafael,CA,1884-02-24,false,SM,2024-12-31,"2024Q4",6038088.0,5014531.0,135755.0,2.177962729603766,22.95,36.653695699748326,529753.0,74933.0,163319.0,589,3341863.5
"3430",Westamerica Bank,San Rafael,CA,1884-02-24,false,SM,2025-03-31,"2025Q1",5929984.0,4878066.0,30750.0,2.055468917633517,20.42,38.28226219530567,510441.0,74249.0,148755.0,591,3341872.5
"3430",Westamerica Bank,San Rafael,CA,1884-02-24,false,SM,2025-06-30,"2025Q2",5787936.0,4750472.0,59636.0,2.0151826919654465,19.57,39.008966349458504,501985.0,75537.0,135517.0,600,3377264.0
"3430",Westamerica Bank,San Rafael,CA,1884-02-24,false,SM,2025-09-30,"2025Q3",5877067.0,4795727.0,87386.0,1.972011747095966,18.95,39.805576086063894,504141.0,77798.0,123645.0,593,3414490.5
"3430",Westamerica Bank,San Rafael,CA,1884-02-24,false,SM,2025-12-31,"2025Q4",5923791.0,4843088.0,115165.0,1.948193695502087,18.64,40.18802730153319,496072.0,78380.0,113457.0,586,3421992.5
"3440",First Northern Bank of Dixon,Dixon,CA,1910-01-02,false,NM,2022-03-31,"2022Q1",1867650.0,1716746.0,3085.0,0.6552090045044292,8.7,66.67896134552966,735726.0,114682.0,503.0,187,3162422.5
"3440",First Northern Bank of Dixon,Dixon,CA,1910-01-02,false,NM,2022-06-30,"2022Q2",1896771.0,1751989.0,6704.0,0.7102311853360144,9.81,64.74758933635847,792900.0,104713.0,527.0,186,3146316.0
"3440",First Northern Bank of Dixon,Dixon,CA,1910-01-02,false,NM,2022-09-30,"2022Q3",1932713.0,1800502.0,11320.0,0.7947612898571538,11.56,63.17007934188938,836131.0,100291.0,558.0,188,3145009.5
"3440",First Northern Bank of Dixon,Dixon,CA,1910-01-02,false,NM,2022-12-31,"2022Q4",1871361.0,1727909.0,16097.0,0.8501114645745872,12.45,62.73773490231625,841857.0,100581.0,523.0,192,3135097.5
"3440",First Northern Bank of Dixon,Dixon,CA,1910-01-02,false,NM,2023-03-31,"2023Q1",1903284.0,1752213.0,5537.0,1.173514330486708,17.13,58.69403776787608,861355.0,97070.0,643.0,200,3152233.8
"3440",First Northern Bank of Dixon,Dixon,CA,1910-01-02,false,NM,2023-06-30,"2023Q2",1913496.0,1759830.0,10176.0,1.073391113194979,15.49,55.22431031775113,908298.0,94941.0,597.0,204,3191508.0
"3440",First Northern Bank of Dixon,Dixon,CA,1910-01-02,false,NM,2023-09-30,"2023Q3",1902103.0,1747350.0,14842.0,1.0428565195005588,14.95,56.735176167287314,928869.0,88011.0,614.0,206,3223877.8
"3440",First Northern Bank of Dixon,Dixon,CA,1910-01-02,false,NM,2023-12-31,"2023Q4",1871608.0,1693803.0,21771.0,1.1504618757511744,15.84,57.051385309278345,932624.0,101361.0,590.0,203,3248446.5
"3440",First Northern Bank of Dixon,Dixon,CA,1910-01-02,false,NM,2024-03-31,"2024Q1",1886874.0,1710433.0,4337.0,0.9231386501252368,10.9,64.62657441901722,937009.0,103554.0,582.0,201,3277174.5
"3440",First Northern Bank of Dixon,Dixon,CA,1910-01-02,false,NM,2024-06-30,"2024Q2",1887791.0,1710490.0,8837.0,0.9390619263361868,11.04,60.788701287379034,933910.0,105649.0,582.0,191,3287040.8
"3440",First Northern Bank of Dixon,Dixon,CA,1910-01-02,false,NM,2024-09-30,"2024Q3",1930465.0,1734045.0,14367.0,1.0112806381849284,11.61,60.14661081492765,924482.0,104569.0,540.0,192,3321635.2
"3440",First Northern Bank of Dixon,Dixon,CA,1910-01-02,false,NM,2024-12-31,"2024Q4",1891283.0,1701186.0,20258.0,1.0698117378489127,12.13,58.98347329811791,922040.0,113345.0,467.0,187,3341863.5
"3440",First Northern Bank of Dixon,Dixon,CA,1910-01-02,false,NM,2025-03-31,"2025Q1",1875247.0,1677773.0,3703.0,0.7865064130645449,8.25,65.0810934724053,905493.0,130248.0,485.0,184,3341872.5
"3440",First Northern Bank of Dixon,Dixon,CA,1910-01-02,false,NM,2025-06-30,"2025Q2",1871551.0,1665441.0,9276.0,0.987144384764958,10.09,60.92286309937457,913557.0,137919.0,444.0,193,3377264.0
"3440",First Northern Bank of Dixon,Dixon,CA,1910-01-02,false,NM,2025-09-30,"2025Q3",1907769.0,1687649.0,15356.0,1.0853199997349536,10.85,61.53944883477879,902138.0,138240.0,414.0,197,3414490.5
"3440",First Northern Bank of Dixon,Dixon,CA,1910-01-02,false,NM,2025-12-31,"2025Q4",1910511.0,1681164.0,21389.0,1.1309318669200552,11.09,61.08746339876369,893205.0,144279.0,418.0,204,3421992.5
"34496",First Commercial Bank (USA),Alhambra,CA,1997-05-20,false,NM,2022-03-31,"2022Q1",822010.0,586029.0,2026.0,0.9903742805763088,5.46,50.0084388185654,532448.0,46971.0,0.0,92,3162422.5
"34496",First Commercial Bank (USA),Alhambra,CA,1997-05-20,false,NM,2022-06-30,"2022Q2",853153.0,606933.0,4194.0,1.0107217478690256,5.62,47.82052307446213,570789.0,47824.0,0.0,90,3146316.0
"34496",First Commercial Bank (USA),Alhambra,CA,1997-05-20,false,NM,2022-09-30,"2022Q3",853358.0,636951.0,7141.0,1.1392058662352855,6.32,45.68853328192028,580602.0,45877.0,0.0,100,3145009.5
"34496",First Commercial Bank (USA),Alhambra,CA,1997-05-20,false,NM,2022-12-31,"2022Q4",852776.0,623165.0,10523.0,1.2539801327028677,6.92,44.777151892479495,582504.0,48109.0,0.0,100,3135097.5
"34496",First Commercial Bank (USA),Alhambra,CA,1997-05-20,false,NM,2023-03-31,"2023Q1",855037.0,610843.0,3657.0,1.713068116942546,9.16,38.60892679144977,576385.0,46884.0,0.0,97,3152233.8
"34496",First Commercial Bank (USA),Alhambra,CA,1997-05-20,false,NM,2023-06-30,"2023Q2",855612.0,586099.0,7209.0,1.687351882735013,8.93,38.53499606785755,577452.0,36921.0,0.0,99,3191508.0
"34496",First Commercial Bank (USA),Alhambra,CA,1997-05-20,false,NM,2023-09-30,"2023Q3",848233.0,588552.0,10361.0,1.6196607397341702,8.47,40.23195284391028,595876.0,46138.0,0.0,102,3223877.8
"34496",First Commercial Bank (USA),Alhambra,CA,1997-05-20,false,NM,2023-12-31,"2023Q4",862884.0,622601.0,13255.0,1.550458505262084,8.04,42.23093579914555,590252.0,45057.0,0.0,100,3248446.5
"34496",First Commercial Bank (USA),Alhambra,CA,1997-05-20,false,NM,2024-03-31,"2024Q1",857646.0,626031.0,3028.0,1.4079382515852672,7.01,44.87360451687412,581167.0,44714.0,0.0,101,3277174.5
"34496",First Commercial Bank (USA),Alhambra,CA,1997-05-20,false,NM,2024-06-30,"2024Q2",863278.0,618200.0,5921.0,1.3749473645100565,6.8,45.46456590805939,578817.0,45283.0,0.0,101,3287040.8
"34496",First Commercial Bank (USA),Alhambra,CA,1997-05-20,false,NM,2024-09-30,"2024Q3",856161.0,615102.0,8660.0,1.342614192162778,6.57,46.80111265646731,582087.0,43462.0,0.0,105,3321635.2
"34496",First Commercial Bank (USA),Alhambra,CA,1997-05-20,false,NM,2024-12-31,"2024Q4",866361.0,639409.0,11304.0,1.3124865024278214,6.38,48.189331828592294,581747.0,43443.0,0.0,101,3341863.5
"34496",First Commercial Bank (USA),Alhambra,CA,1997-05-20,false,NM,2025-03-31,"2025Q1",820130.0,626655.0,2230.0,1.0578176818020375,4.86,55.5275325767129,573426.0,43816.0,0.0,99,3341872.5
"34496",First Commercial Bank (USA),Alhambra,CA,1997-05-20,false,NM,2025-06-30,"2025Q2",815347.0,620637.0,4446.0,1.0662560885237171,4.81,55.15310707126564,576150.0,43084.0,0.0,102,3377264.0
"34496",First Commercial Bank (USA),Alhambra,CA,1997-05-20,false,NM,2025-09-30,"2025Q3",820394.0,624330.0,6683.0,1.0728262084044702,4.79,54.632002929329914,590184.0,44175.0,0.0,101,3414490.5
"34496",First Commercial Bank (USA),Alhambra,CA,1997-05-20,false,NM,2025-12-31,"2025Q4",835864.0,637858.0,8459.0,1.0171722826986198,4.53,55.098113337228085,605157.0,45085.0,0.0,100,3421992.5
"34548",Neighborhood National Bank,El Cajon,CA,1997-09-19,false,N,2022-03-31,"2022Q1",121215.0,95208.0,-347.0,-1.215911977784202,-11.99,144.4302176696543,60151.0,6937.0,4.0,23,3162422.5
"34548",Neighborhood National Bank,El Cajon,CA,1997-09-19,false,N,2022-06-30,"2022Q2",119027.0,100654.0,-517.0,-0.8930910682255933,-8.24,125.65714285714289,66062.0,6305.0,3.0,20,3146316.0
"34548",Neighborhood National Bank,El Cajon,CA,1997-09-19,false,N,2022-09-30,"2022Q3",119322.0,102034.0,-657.0,-0.7508571428571428,-6.74,121.26582278481013,67262.0,5152.0,2.0,22,3145009.5
"34548",Neighborhood National Bank,El Cajon,CA,1997-09-19,false,N,2022-12-31,"2022Q4",113791.0,96013.0,-631.0,-0.5435475479200478,-4.75,114.34426229508196,73229.0,6456.0,1.0,22,3135097.5
"34548",Neighborhood National Bank,El Cajon,CA,1997-09-19,false,N,2023-03-31,"2023Q1",118654.0,101384.0,-98.0,-0.337284088709157,-2.76,108.3404255319149,81085.0,4238.0,1.0,22,3152233.8
"34548",Neighborhood National Bank,El Cajon,CA,1997-09-19,false,N,2023-06-30,"2023Q2",123294.0,101152.0,-351.0,-0.5920070613567813,-5.0,115.57632398753894,82759.0,5316.0,0.0,22,3191508.0
"34548",Neighborhood National Bank,El Cajon,CA,1997-09-19,false,N,2023-09-30,"2023Q3",129819.0,105424.0,-130.0,-0.1427874733811408,-1.17,103.38493833639464,88063.0,10297.0,0.0,24,3223877.8
"34548",Neighborhood National Bank,El Cajon,CA,1997-09-19,false,N,2023-12-31,"2023Q4",146838.0,119581.0,-292.0,-0.2308680004301102,-1.91,105.713720838276,101315.0,12720.0,0.0,25,3248446.5
"34548",Neighborhood National Bank,El Cajon,CA,1997-09-19,false,N,2024-03-31,"2024Q1",151173.0,119014.0,-248.0,-0.6657472375180782,-5.7,120.6839032527106,103643.0,12727.0,0.0,28,3277174.5
"34548",Neighborhood National Bank,El Cajon,CA,1997-09-19,false,N,2024-06-30,"2024Q2",153000.0,121528.0,-529.0,-0.7037522366416783,-5.49,121.19871279163314,104625.0,12584.0,0.0,28,3287040.8
"34548",Neighborhood National Bank,El Cajon,CA,1997-09-19,false,N,2024-09-30,"2024Q3",169427.0,135240.0,-867.0,-0.745261315393319,-5.74,120.62578222778473,106659.0,16658.0,0.0,29,3321635.2
"34548",Neighborhood National Bank,El Cajon,CA,1997-09-19,false,N,2024-12-31,"2024Q4",174489.0,139841.0,-1111.0,-0.6988063054846546,-5.39,119.1778307946412,113802.0,15375.0,0.0,28,3341863.5
"34548",Neighborhood National Bank,El Cajon,CA,1997-09-19,false,N,2025-03-31,"2025Q1",190837.0,157401.0,26.0,0.0569354494342039,0.46,98.36272040302268,123285.0,21287.0,0.0,28,3341872.5
"34548",Neighborhood National Bank,El Cajon,CA,1997-09-19,false,N,2025-06-30,"2025Q2",199473.0,164717.0,198.0,0.2103403157583494,1.73,93.77408834865103,129714.0,20398.0,0.0,28,3377264.0
"34548",Neighborhood National Bank,El Cajon,CA,1997-09-19,false,N,2025-09-30,"2025Q3",210832.0,173087.0,3425.0,2.3550128862822657,19.11,88.5284101093386,133256.0,22492.0,0.0,28,3414490.5
"34548",Neighborhood National Bank,El Cajon,CA,1997-09-19,false,N,2025-12-31,"2025Q4",226050.0,183349.0,3846.0,1.9197728618192815,15.64,81.31170662905501,137626.0,24763.0,0.0,28,3421992.5
"34788",American Business Bank,Los Angeles,CA,1998-09-28,false,NM,2022-03-31,"2022Q1",3826880.0,3535068.0,9923.0,1.025744926190918,14.87,49.76479745507462,1632927.0,529773.0,9309.0,198,3162422.5
"34788",American Business Bank,Los Angeles,CA,1998-09-28,false,NM,2022-06-30,"2022Q2",3777372.0,3464210.0,21357.0,1.112679099117373,16.57,47.37909876624662,1750269.0,480985.0,7456.0,205,3146316.0
"34788",American Business Bank,Los Angeles,CA,1998-09-28,false,NM,2022-09-30,"2022Q3",3783419.0,3510105.0,34608.0,1.2063531043604268,18.29,46.65439436175248,1840134.0,449025.0,5728.0,211,3145009.5
"34788",American Business Bank,Los Angeles,CA,1998-09-28,false,NM,2022-12-31,"2022Q4",3840762.0,3390794.0,48559.0,1.2684744332093445,19.21,46.06802927458193,1947814.0,465334.0,8600.0,225,3135097.5
"34788",American Business Bank,Los Angeles,CA,1998-09-28,false,NM,2023-03-31,"2023Q1",3879119.0,3076153.0,13085.0,1.3559794509785836,19.6,46.4657203608988,2021862.0,434223.0,8271.0,224,3152233.8
"34788",American Business Bank,Los Angeles,CA,1998-09-28,false,NM,2023-06-30,"2023Q2",3902636.0,3254031.0,22409.0,1.156840639596397,16.45,49.550093604686275,2041759.0,439422.0,6416.0,231,3191508.0
"34788",American Business Bank,Los Angeles,CA,1998-09-28,false,NM,2023-09-30,"2023Q3",3874161.0,3502680.0,32592.0,1.1216575216959404,15.85,50.77133867857505,2067538.0,426784.0,6693.0,235,3223877.8
"34788",American Business Bank,Los Angeles,CA,1998-09-28,false,NM,2023-12-31,"2023Q4",3902724.0,3497413.0,43966.0,1.133179259855536,15.59,50.55714426585149,2120317.0,440603.0,8783.0,233,3248446.5
"34788",American Business Bank,Los Angeles,CA,1998-09-28,false,NM,2024-03-31,"2024Q1",3876175.0,3309015.0,10497.0,1.0795358057740565,13.33,53.00530906332954,2131920.0,422400.0,7741.0,233,3277174.5
"34788",American Business Bank,Los Angeles,CA,1998-09-28,false,NM,2024-06-30,"2024Q2",3928649.0,3457207.0,19996.0,1.02477478631734,12.49,54.62569102582485,2143844.0,438242.0,8392.0,243,3287040.8
"34788",American Business Bank,Los Angeles,CA,1998-09-28,false,NM,2024-09-30,"2024Q3",4119989.0,3715339.0,30776.0,1.0370189828019356,12.45,54.40255802642881,2195359.0,409164.0,8218.0,248,3321635.2
"34788",American Business Bank,Los Angeles,CA,1998-09-28,false,NM,2024-12-31,"2024Q4",4040343.0,3644001.0,43277.0,1.0891197249027074,12.93,53.10042358586048,2298530.0,433395.0,6146.0,247,3341863.5
"34788",American Business Bank,Los Angeles,CA,1998-09-28,false,NM,2025-03-31,"2025Q1",4174286.0,3758705.0,11887.0,1.157642055411145,13.15,51.8287874255568,2352362.0,463589.0,6238.0,252,3341872.5
"34788",American Business Bank,Los Angeles,CA,1998-09-28,false,NM,2025-06-30,"2025Q2",4298243.0,3872215.0,25043.0,1.200827435939567,13.71,51.02268843494492,2383768.0,489188.0,8426.0,251,3377264.0
"34788",American Business Bank,Los Angeles,CA,1998-09-28,false,NM,2025-09-30,"2025Q3",4456342.0,3997183.0,39367.0,1.237252853314243,14.08,49.45112344878135,2389378.0,508998.0,6850.0,256,3414490.5
"34788",American Business Bank,Los Angeles,CA,1998-09-28,false,NM,2025-12-31,"2025Q4",4406593.0,3954053.0,54204.0,1.2678819564566612,14.25,47.88795319346863,2475246.0,550226.0,7969.0,255,3421992.5
"34805",Mission Bank,Bakersfield,CA,1998-10-07,false,SM,2022-03-31,"2022Q1",1458338.0,1321474.0,3905.0,1.062426754109422,11.88,51.38336778502146,774249.0,95590.0,9.0,112,3162422.5
"34805",Mission Bank,Bakersfield,CA,1998-10-07,false,SM,2022-06-30,"2022Q2",1422142.0,1290082.0,9753.0,1.3413622214377732,15.12,46.21729741211456,832548.0,104294.0,8.0,116,3146316.0
"34805",Mission Bank,Bakersfield,CA,1998-10-07,false,SM,2022-09-30,"2022Q3",1563447.0,1424606.0,16042.0,1.4437192810630122,16.6,44.04113867570944,902320.0,104290.0,8.0,121,3145009.5
"34805",Mission Bank,Bakersfield,CA,1998-10-07,false,SM,2022-12-31,"2022Q4",1492501.0,1344637.0,23615.0,1.5916230281802537,18.09,43.37807079507103,912247.0,102071.0,8.0,126,3135097.5
"34805",Mission Bank,Bakersfield,CA,1998-10-07,false,SM,2023-03-31,"2023Q1",1543276.0,1362898.0,6838.0,1.8019768909244651,19.39,43.64894825068945,966816.0,111493.0,6.0,131,3152233.8
"34805",Mission Bank,Bakersfield,CA,1998-10-07,false,SM,2023-06-30,"2023Q2",1573898.0,1385394.0,14366.0,1.8698932137298183,19.85,43.72798408131437,992365.0,119166.0,9.0,133,3191508.0
"34805",Mission Bank,Bakersfield,CA,1998-10-07,false,SM,2023-09-30,"2023Q3",1610791.0,1411045.0,22365.0,1.9174932874803912,20.16,42.81756744834401,985039.0,127012.0,5.0,134,3223877.8
"34805",Mission Bank,Bakersfield,CA,1998-10-07,false,SM,2023-12-31,"2023Q4",1643010.0,1437888.0,30048.0,1.9106054370866017,19.74,42.39217488347666,1018813.0,124193.0,6.0,129,3248446.5
"34805",Mission Bank,Bakersfield,CA,1998-10-07,false,SM,2024-03-31,"2024Q1",1627835.0,1418493.0,7100.0,1.7365543154750531,16.53,45.21465752718652,1034767.0,133833.0,4.0,131,3277174.5
"34805",Mission Bank,Bakersfield,CA,1998-10-07,false,SM,2024-06-30,"2024Q2",1678278.0,1486227.0,14128.0,1.712788306130197,16.21,46.784415584415584,1044019.0,124521.0,13.0,145,3287040.8
"34805",Mission Bank,Bakersfield,CA,1998-10-07,false,SM,2024-09-30,"2024Q3",1812415.0,1609768.0,21704.0,1.711914845409432,16.31,46.47830132814483,1066101.0,123287.0,5.0,147,3321635.2
"34805",Mission Bank,Bakersfield,CA,1998-10-07,false,SM,2024-12-31,"2024Q4",1854472.0,1651068.0,29267.0,1.698407963779058,16.29,45.50776019282517,1093059.0,134408.0,5.0,144,3341863.5
"34805",Mission Bank,Bakersfield,CA,1998-10-07,false,SM,2025-03-31,"2025Q1",1866111.0,1654421.0,7278.0,1.5649160360083354,15.1,46.896302416856024,1107716.0,131773.0,3.0,143,3341872.5
"34805",Mission Bank,Bakersfield,CA,1998-10-07,false,SM,2025-06-30,"2025Q2",1845462.0,1630522.0,10529.0,1.1349890272177103,10.87,60.1071701964787,1137392.0,149375.0,3.0,143,3377264.0
"34805",Mission Bank,Bakersfield,CA,1998-10-07,false,SM,2025-09-30,"2025Q3",1950191.0,1731261.0,19276.0,1.3677426201093208,13.07,53.29241071428571,1200245.0,151257.0,7.0,152,3414490.5
"34805",Mission Bank,Bakersfield,CA,1998-10-07,false,SM,2025-12-31,"2025Q4",1884030.0,1657937.0,27442.0,1.4596395463702836,13.75,50.24952154848712,1233050.0,156262.0,28.0,146,3421992.5
"35164",Capital Bank and Trust Company,Irvine,CA,2000-07-01,false,SB,2022-03-31,"2022Q1",129429.0,500.0,7203.0,22.09297421642864,39.34,77.47187824936195,0.0,0.0,0.0,194,3162422.5
"35164",Capital Bank and Trust Company,Irvine,CA,2000-07-01,false,SB,2022-06-30,"2022Q2",119630.0,500.0,14099.0,22.234955513792695,37.05,77.82464273765713,0.0,0.0,0.0,196,3146316.0
"35164",Capital Bank and Trust Company,Irvine,CA,2000-07-01,false,SB,2022-09-30,"2022Q3",112897.0,500.0,23467.0,25.368135611084984,39.44,75.65128675598298,0.0,0.0,0.0,208,3145009.5
"35164",Capital Bank and Trust Company,Irvine,CA,2000-07-01,false,SB,2022-12-31,"2022Q4",127407.0,500.0,34405.0,27.712042837880723,44.33,73.92193911854032,0.0,0.0,0.0,219,3135097.5
"35164",Capital Bank and Trust Company,Irvine,CA,2000-07-01,false,SB,2023-03-31,"2023Q1",134802.0,500.0,13578.0,41.42649565804377,69.71,64.27671678179601,0.0,0.0,0.0,217,3152233.8
"35164",Capital Bank and Trust Company,Irvine,CA,2000-07-01,false,SB,2023-06-30,"2023Q2",137358.0,500.0,27247.0,40.91479026045695,64.39,65.1635013283557,0.0,0.0,0.0,212,3191508.0
"35164",Capital Bank and Trust Company,Irvine,CA,2000-07-01,false,SB,2023-09-30,"2023Q3",146717.0,500.0,43539.0,42.50576527959816,63.16,64.6315194523817,0.0,0.0,0.0,185,3223877.8
"35164",Capital Bank and Trust Company,Irvine,CA,2000-07-01,false,SB,2023-12-31,"2023Q4",151113.0,500.0,61315.0,43.9598965868795,66.85,64.29601521447178,0.0,0.0,0.0,183,3248446.5
"35164",Capital Bank and Trust Company,Irvine,CA,2000-07-01,false,SB,2024-03-31,"2024Q1",166108.0,500.0,19288.0,48.6424290951734,77.01,64.00631874900363,0.0,0.0,0.0,181,3277174.5
"35164",Capital Bank and Trust Company,Irvine,CA,2000-07-01,false,SB,2024-06-30,"2024Q2",174398.0,500.0,38876.0,47.44649820287662,70.83,65.10370458340027,0.0,0.0,0.0,156,3287040.8
"35164",Capital Bank and Trust Company,Irvine,CA,2000-07-01,false,SB,2024-09-30,"2024Q3",194554.0,500.0,61953.0,48.15225017597602,68.33,64.23502250330138,0.0,0.0,0.0,134,3321635.2
"35164",Capital Bank and Trust Company,Irvine,CA,2000-07-01,false,SB,2024-12-31,"2024Q4",148220.0,500.0,87299.0,52.31287894313591,77.21,63.617648298422104,0.0,0.0,0.0,142,3341863.5
"35164",Capital Bank and Trust Company,Irvine,CA,2000-07-01,false,SB,2025-03-31,"2025Q1",169620.0,500.0,27622.0,69.5242889504153,114.96,62.22372926579801,0.0,0.0,0.0,143,3341872.5
"35164",Capital Bank and Trust Company,Irvine,CA,2000-07-01,false,SB,2025-06-30,"2025Q2",192323.0,500.0,56378.0,66.30586694840667,101.97,62.95190304672188,0.0,0.0,0.0,136,3377264.0
"35164",Capital Bank and Trust Company,Irvine,CA,2000-07-01,false,SB,2025-09-30,"2025Q3",223566.0,500.0,89473.0,65.03455684591995,94.56,63.059442358146,0.0,0.0,0.0,127,3414490.5
"35164",Capital Bank and Trust Company,Irvine,CA,2000-07-01,false,SB,2025-12-31,"2025Q4",191417.0,500.0,130345.0,70.4456377696061,104.84,62.19786016691239,0.0,0.0,0.0,126,3421992.5
"35331","Liberty Bank, National Association",Irvine,CA,2001-05-23,false,N,2022-03-31,"2022Q1",315984.0,245633.0,-3610.0,-5.913791338179585,-25.67,383.44594594594594,217524.0,0.0,4968.0,28,3162422.5
"35331","Liberty Bank, National Association",Irvine,CA,2001-05-23,false,N,2022-06-30,"2022Q2",338184.0,268191.0,-5130.0,-3.7239847362600935,-17.05,171.35819845179452,262585.0,0.0,6181.0,42,3146316.0
"35331","Liberty Bank, National Association",Irvine,CA,2001-05-23,false,N,2022-09-30,"2022Q3",589693.0,500941.0,-6113.0,-2.3020216109423135,-12.5,140.06286612373196,458106.0,6747.0,7135.0,73,3145009.5
"35331","Liberty Bank, National Association",Irvine,CA,2001-05-23,false,N,2022-12-31,"2022Q4",552488.0,463145.0,-2430.0,-0.6171538287664796,-3.52,112.91979454760964,454505.0,8303.0,6310.0,68,3135097.5
"35331","Liberty Bank, National Association",Irvine,CA,2001-05-23,false,N,2023-03-31,"2023Q1",582452.0,445941.0,-615.0,-0.4335030926745026,-2.95,106.50234741784035,450854.0,21590.0,5370.0,71,3152233.8
"35331","Liberty Bank, National Association",Irvine,CA,2001-05-23,false,N,2023-06-30,"2023Q2",598910.0,462325.0,-1522.0,-0.5266891599619344,-3.68,118.58890913824524,447118.0,11265.0,4620.0,71,3191508.0
"35331","Liberty Bank, National Association",Irvine,CA,2001-05-23,false,N,2023-09-30,"2023Q3",544339.0,458334.0,-2517.0,-0.589225231093645,-4.08,123.72478195753678,437724.0,5061.0,3853.0,72,3223877.8
"35331","Liberty Bank, National Association",Irvine,CA,2001-05-23,false,N,2023-12-31,"2023Q4",559241.0,449820.0,-11432.0,-2.014499036099569,-14.27,130.6488629250991,450444.0,14051.0,3121.0,73,3248446.5
"35331","Liberty Bank, National Association",Irvine,CA,2001-05-23,false,N,2024-03-31,"2024Q1",550265.0,473729.0,-1608.0,-1.159434919684977,-9.06,183.0312379483224,450990.0,4647.0,2552.0,69,3277174.5
"35331","Liberty Bank, National Association",Irvine,CA,2001-05-23,false,N,2024-06-30,"2024Q2",541276.0,464612.0,-2150.0,-0.7814478229105963,-6.09,156.36907573610455,440912.0,3886.0,2007.0,75,3287040.8
"35331","Liberty Bank, National Association",Irvine,CA,2001-05-23,false,N,2024-09-30,"2024Q3",502620.0,427639.0,-3334.0,-0.8257115392295541,-6.34,168.25326050607515,434777.0,3738.0,1601.0,76,3321635.2
"35331","Liberty Bank, National Association",Irvine,CA,2001-05-23,false,N,2024-12-31,"2024Q4",478848.0,403019.0,-8781.0,-1.6679646690094023,-12.78,166.9272146579257,410865.0,3865.0,1236.0,65,3341863.5
"35331","Liberty Bank, National Association",Irvine,CA,2001-05-23,false,N,2025-03-31,"2025Q1",445427.0,380662.0,-1650.0,-1.428146385004463,-10.57,152.9701230228471,384149.0,3738.0,960.0,65,3341872.5
"35331","Liberty Bank, National Association",Irvine,CA,2001-05-23,false,N,2025-06-30,"2025Q2",428674.0,327639.0,-3177.0,-1.4089222875363372,-10.31,151.00637370010062,372692.0,3632.0,744.0,65,3377264.0
"35331","Liberty Bank, National Association",Irvine,CA,2001-05-23,false,N,2025-09-30,"2025Q3",413684.0,336628.0,-4870.0,-1.4701799411649163,-10.66,149.76149176062447,361516.0,3529.0,527.0,67,3414490.5
"35331","Liberty Bank, National Association",Irvine,CA,2001-05-23,false,N,2025-12-31,"2025Q4",442002.0,381065.0,-5543.0,-1.2548474510274443,-9.19,140.66396632515287,345803.0,3727.0,426.0,54,3421992.5
"35361",Five Star Bank,Roseville,CA,1999-12-20,false,NM,2022-03-31,"2022Q1",2776995.0,2507537.0,10560.0,1.5837821309706082,16.52,36.84146042636608,1911278.0,148099.0,19482.0,177,3162422.5
"35361",Five Star Bank,Roseville,CA,1999-12-20,false,NM,2022-06-30,"2022Q2",2836570.0,2505982.0,21254.0,1.560759583371529,16.62,36.190365054359454,2197599.0,155517.0,22109.0,182,3146316.0
"35361",Five Star Bank,Roseville,CA,1999-12-20,false,NM,2022-09-30,"2022Q3",3073288.0,2652588.0,34407.0,1.631987161066976,17.16,34.28802430419443,2389846.0,159922.0,24127.0,177,3145009.5
"35361",Five Star Bank,Roseville,CA,1999-12-20,false,NM,2022-12-31,"2022Q4",3224069.0,2790692.0,49283.0,1.7031732249819846,17.78,33.198494248133166,2571251.0,177387.0,29014.0,181,3135097.5
"35361",Five Star Bank,Roseville,CA,1999-12-20,false,NM,2023-03-31,"2023Q1",3393628.0,2926746.0,14404.0,1.7412704147681586,17.96,33.131313131313135,2638354.0,180986.0,32737.0,184,3152233.8
"35361",Five Star Bank,Roseville,CA,1999-12-20,false,NM,2023-06-30,"2023Q2",3398486.0,2938839.0,28419.0,1.7023850303054568,17.53,34.53565046885625,2713167.0,164610.0,31794.0,195,3191508.0
"35361",Five Star Bank,Roseville,CA,1999-12-20,false,NM,2023-09-30,"2023Q3",3500285.0,3041652.0,40766.0,1.6085062399437484,16.63,35.573592957550154,2793183.0,164890.0,34955.0,195,3223877.8
"35361",Five Star Bank,Roseville,CA,1999-12-20,false,NM,2023-12-31,"2023Q4",3587717.0,3036038.0,52636.0,1.5386877539035038,15.91,36.74850858325555,2853819.0,169100.0,37948.0,189,3248446.5
"35361",Five Star Bank,Roseville,CA,1999-12-20,false,NM,2024-03-31,"2024Q1",3476132.0,2964783.0,11905.0,1.348273441292417,13.63,40.56426121460757,2856939.0,160389.0,73517.0,188,3277174.5
"35361",Five Star Bank,Roseville,CA,1999-12-20,false,NM,2024-06-30,"2024Q2",3633809.0,3158784.0,23996.0,1.345864674305348,12.63,40.42719077397872,2935661.0,162901.0,152414.0,193,3287040.8
"35361",Five Star Bank,Roseville,CA,1999-12-20,false,NM,2024-09-30,"2024Q3",3886596.0,3408863.0,36226.0,1.3247198190596514,12.17,40.23260982294985,2992022.0,175832.0,270976.0,197,3321635.2
"35361",Five Star Bank,Roseville,CA,1999-12-20,false,NM,2024-12-31,"2024Q4",4052812.0,3566789.0,50841.0,1.3639754240286537,12.44,39.64391646026358,3053994.0,172741.0,279781.0,204,3341863.5
"35361",Five Star Bank,Roseville,CA,1999-12-20,false,NM,2025-03-31,"2025Q1",4243340.0,3746231.0,14435.0,1.3919706389178983,12.59,39.81054231583519,3138237.0,188925.0,277272.0,208,3341872.5
"35361",Five Star Bank,Roseville,CA,1999-12-20,false,NM,2025-06-30,"2025Q2",4411742.0,3903938.0,30447.0,1.4375474016386978,13.14,39.02407202035358,3267379.0,188494.0,278377.0,225,3377264.0
"35361",Five Star Bank,Roseville,CA,1999-12-20,false,NM,2025-09-30,"2025Q3",4639784.0,4112321.0,48241.0,1.4830739952632277,13.71,38.49610470030041,3378422.0,203620.0,278355.0,228,3414490.5
"35361",Five Star Bank,Roseville,CA,1999-12-20,false,NM,2025-12-31,"2025Q4",4752354.0,4209689.0,67333.0,1.5233688349410537,14.16,38.40128918483384,3506067.0,252342.0,275607.0,233,3421992.5
"35366","Chino Commercial Bank, N.A.",Chino,CA,2000-09-01,false,N,2022-03-31,"2022Q1",412414.0,359862.0,1032.0,1.0442820624064784,11.5,60.512,152428.0,19735.0,142.0,55,3162422.5
"35366","Chino Commercial Bank, N.A.",Chino,CA,2000-09-01,false,N,2022-06-30,"2022Q2",406416.0,352951.0,2401.0,1.203501733907989,13.27,52.37494745691467,162104.0,6853.0,138.0,52,3146316.0
"35366","Chino Commercial Bank, N.A.",Chino,CA,2000-09-01,false,N,2022-09-30,"2022Q3",416107.0,361886.0,3814.0,1.2609663545167915,13.92,51.04688618468146,171059.0,3723.0,133.0,54,3145009.5
"35366","Chino Commercial Bank, N.A.",Chino,CA,2000-09-01,false,N,2022-12-31,"2022Q4",399524.0,343617.0,5268.0,1.3087301342814754,14.23,51.170655567117585,173965.0,3757.0,157.0,54,3135097.5
"35366","Chino Commercial Bank, N.A.",Chino,CA,2000-09-01,false,N,2023-03-31,"2023Q1",438911.0,324872.0,1324.0,1.2633060404205454,13.39,52.82586558044806,171304.0,3509.0,173.0,56,3152233.8
"35366","Chino Commercial Bank, N.A.",Chino,CA,2000-09-01,false,N,2023-06-30,"2023Q2",452937.0,337033.0,2745.0,1.2753877271614995,13.7,52.77323607093447,171182.0,2321.0,141.0,56,3191508.0
"35366","Chino Commercial Bank, N.A.",Chino,CA,2000-09-01,false,N,2023-09-30,"2023Q3",465277.0,347771.0,4169.0,1.2657116361891303,13.7,52.47770069375619,172700.0,2059.0,120.0,58,3223877.8
"35366","Chino Commercial Bank, N.A.",Chino,CA,2000-09-01,false,N,2023-12-31,"2023Q4",446831.0,326356.0,5559.0,1.2614137636829017,13.5,52.5358969618537,172646.0,3245.0,148.0,59,3248446.5
"35366","Chino Commercial Bank, N.A.",Chino,CA,2000-09-01,false,N,2024-03-31,"2024Q1",461134.0,341887.0,1408.0,1.2405764539382025,12.73,54.08687529191967,174064.0,3057.0,124.0,60,3277174.5
"35366","Chino Commercial Bank, N.A.",Chino,CA,2000-09-01,false,N,2024-06-30,"2024Q2",467613.0,346571.0,2801.0,1.221740969977711,12.49,53.67760274783845,187248.0,3707.0,116.0,65,3287040.8
"35366","Chino Commercial Bank, N.A.",Chino,CA,2000-09-01,false,N,2024-09-30,"2024Q3",463935.0,373221.0,4231.0,1.2266708199398428,12.41,53.90375165743701,187778.0,3129.0,88.0,65,3321635.2
"35366","Chino Commercial Bank, N.A.",Chino,CA,2000-09-01,false,N,2024-12-31,"2024Q4",466414.0,355752.0,5787.0,1.2548098877371228,12.56,53.906650709523,196933.0,4655.0,349.0,68,3341863.5
"35366","Chino Commercial Bank, N.A.",Chino,CA,2000-09-01,false,N,2025-03-31,"2025Q1",470999.0,374347.0,1508.0,1.286946095264307,12.28,54.38027255029202,200234.0,3990.0,676.0,60,3341872.5
"35366","Chino Commercial Bank, N.A.",Chino,CA,2000-09-01,false,N,2025-06-30,"2025Q2",481598.0,378797.0,3198.0,1.3522093909067654,12.85,53.76921457148873,198777.0,3513.0,668.0,68,3377264.0
"35366","Chino Commercial Bank, N.A.",Chino,CA,2000-09-01,false,N,2025-09-30,"2025Q3",487493.0,392434.0,4903.0,1.3715512582192326,12.94,53.4569172674219,201493.0,4373.0,642.0,70,3414490.5
"35366","Chino Commercial Bank, N.A.",Chino,CA,2000-09-01,false,N,2025-12-31,"2025Q4",492949.0,376514.0,6448.0,1.3436395711855995,12.58,53.43221625999798,209048.0,6601.0,671.0,69,3421992.5
"35546",Axos Bank,San Diego,CA,2000-07-04,false,SB,2022-03-31,"2022Q1",14768636,12963503,66004.0,1.83244442607484,18.06,38.18249652903076,10496619,1700201.0,530134.0,1021,3162422.5
"35546",Axos Bank,San Diego,CA,2000-07-04,false,SB,2022-06-30,"2022Q2",16002714,14082234,127604.0,1.708279346057429,16.8,41.85910995344067,11351814,1934396.0,576484.0,1095,3146316.0
"35546",Axos Bank,San Diego,CA,2000-07-04,false,SB,2022-09-30,"2022Q3",17320661,15326864,183787.0,1.5773851803306045,15.67,45.48501754701701,12317240,2125584.0,641490.0,1090,3145009.5
"35546",Axos Bank,San Diego,CA,2000-07-04,false,SB,2022-12-31,"2022Q4",17893084,15875758,259985.0,1.6242529754532726,16.2,45.51619932073013,9909323.0,678153.0,641526.0,1113,3135097.5
"35546",Axos Bank,San Diego,CA,2000-07-04,false,SB,2023-03-31,"2023Q1",18940261,16864643,71673.0,1.5566981494621246,15.91,46.72090312407799,10092734,721615.0,603035.0,1126,3152233.8
"35546",Axos Bank,San Diego,CA,2000-07-04,false,SB,2023-06-30,"2023Q2",19396167,17259874,151451.0,1.6160659548316902,16.56,45.47630994193965,10191893,722262.0,557761.0,1161,3191508.0
"35546",Axos Bank,San Diego,CA,2000-07-04,false,SB,2023-09-30,"2023Q3",19929317,17719175,230214.0,1.612127340876,16.54,45.15199759781552,10137059,856565.0,510060.0,1218,3223877.8
"35546",Axos Bank,San Diego,CA,2000-07-04,false,SB,2023-12-31,"2023Q4",20746963,18304385,399651.0,2.062059407140494,21.04,42.06532769670757,9937661.0,987037.0,483447.0,1227,3248446.5
"35546",Axos Bank,San Diego,CA,2000-07-04,false,SB,2024-03-31,"2024Q1",21804702,19228297,97874.0,1.840097208887126,18.36,41.11570575280828,9717734.0,1278165.0,453258.0,1290,3277174.5
"35546",Axos Bank,San Diego,CA,2000-07-04,false,SB,2024-06-30,"2024Q2",22142814,19491565,189169.0,1.7544217335763692,17.45,42.35269793683675,9414790.0,1468395.0,432171.0,1335,3287040.8
"35546",Axos Bank,San Diego,CA,2000-07-04,false,SB,2024-09-30,"2024Q3",22890443,20177585,283754.0,1.7278280304913671,17.12,42.53089594701379,8979494.0,1611866.0,417194.0,1370,3321635.2
"35546",Axos Bank,San Diego,CA,2000-07-04,false,SB,2024-12-31,"2024Q4",22840570,20090707,384854.0,1.742595812930587,17.13,41.93081967708546,8599339.0,1666124.0,422309.0,1337,3341863.5
"35546",Axos Bank,San Diego,CA,2000-07-04,false,SB,2025-03-31,"2025Q1",23099500,20330952,89328.0,1.555557055093734,14.82,43.0775082101506,8939189.0,1825369.0,452716.0,1377,3341872.5
"35546",Axos Bank,San Diego,CA,2000-07-04,false,SB,2025-06-30,"2025Q2",23895495,21039550,177919.0,1.528610815993255,14.62,43.360339422373784,9173346.0,1647341.0,497376.0,1445,3377264.0
"35546",Axos Bank,San Diego,CA,2000-07-04,false,SB,2025-09-30,"2025Q3",26345444,22618072,297427.0,1.6492212889968747,16.13,43.252975857417994,9435888.0,2391691.0,544456.0,1493,3414490.5
"35546",Axos Bank,San Diego,CA,2000-07-04,false,SB,2025-12-31,"2025Q4",27205173,23506039,436285.0,1.7679653950229208,17.54,42.85152194745388,9866736.0,2651476.0,610455.0,1494,3421992.5
"57044","California Bank of Commerce, National Association",San Diego,CA,2001-12-18,false,N,2022-03-31,"2022Q1",2297198.0,2015989.0,1679.0,0.2947859191880131,2.55,78.33257218247324,1311279.0,316971.0,1158.0,219,3162422.5
"57044","California Bank of Commerce, National Association",San Diego,CA,2001-12-18,false,N,2022-06-30,"2022Q2",2319213.0,2034075.0,1509.0,0.1316803718581563,1.15,86.45931437182143,1426632.0,340825.0,5087.0,198,3146316.0
"57044","California Bank of Commerce, National Association",San Diego,CA,2001-12-18,false,N,2022-09-30,"2022Q3",2310275.0,2023863.0,8676.0,0.5037096412318073,4.41,74.67033459916873,1521986.0,322021.0,5028.0,201,3145009.5
"57044","California Bank of Commerce, National Association",San Diego,CA,2001-12-18,false,N,2022-12-31,"2022Q4",2282934.0,1935082.0,17403.0,0.7587007318630504,6.57,67.23071499535301,1569698.0,331644.0,4911.0,200,3135097.5
"57044","California Bank of Commerce, National Association",San Diego,CA,2001-12-18,false,N,2023-03-31,"2023Q1",2294392.0,1988719.0,8482.0,1.4824375628915225,12.19,55.448322298283024,1574914.0,314248.0,4897.0,206,3152233.8
"57044","California Bank of Commerce, National Association",San Diego,CA,2001-12-18,false,N,2023-06-30,"2023Q2",2314934.0,1982826.0,15501.0,1.3494267482654456,11.0,56.64569253476268,1597254.0,313385.0,3776.0,209,3191508.0
"57044","California Bank of Commerce, National Association",San Diego,CA,2001-12-18,false,N,2023-09-30,"2023Q3",2321694.0,1985388.0,22316.0,1.2916896611378783,10.45,57.642405063291136,1617328.0,315281.0,2756.0,205,3223877.8
"57044","California Bank of Commerce, National Association",San Diego,CA,2001-12-18,false,N,2023-12-31,"2023Q4",2359231.0,1947143.0,26981.0,1.1656687420100862,9.37,59.120671647786615,1634203.0,326202.0,4387.0,204,3248446.5
"57044","California Bank of Commerce, National Association",San Diego,CA,2001-12-18,false,N,2024-03-31,"2024Q1",2288643.0,1934673.0,5188.0,0.8929674083247524,6.84,66.82898237071103,1600687.0,282591.0,2808.0,196,3277174.5
"57044","California Bank of Commerce, National Association",San Diego,CA,2001-12-18,false,N,2024-06-30,"2024Q2",2291655.0,1938655.0,5662.0,0.4895433105042143,3.72,75.34565826330532,1595849.0,288353.0,397.0,185,3287040.8
"57044","California Bank of Commerce, National Association",San Diego,CA,2001-12-18,false,N,2024-09-30,"2024Q3",4362376.0,3745500.0,-9848.0,-0.464712396715421,-3.56,84.07755862266583,2410951.0,796741.0,25727.0,326,3321635.2
"57044","California Bank of Commerce, National Association",San Diego,CA,2001-12-18,false,N,2024-12-31,"2024Q4",4030569.0,3402857.0,7847.0,0.2558947760159254,1.91,73.02686448394329,2407646.0,723949.0,24749.0,289,3341863.5
"57044","California Bank of Commerce, National Association",San Diego,CA,2001-12-18,false,N,2025-03-31,"2025Q1",3981440.0,3345302.0,17907.0,1.7880159645352371,12.19,51.76047956025882,2372738.0,677093.0,23568.0,291,3341872.5
"57044","California Bank of Commerce, National Association",San Diego,CA,2001-12-18,false,N,2025-06-30,"2025Q2",3952515.0,3327316.0,33108.0,1.6603084251408582,11.29,51.92740803603486,2360935.0,613923.0,22790.0,288,3377264.0
"57044","California Bank of Commerce, National Association",San Diego,CA,2001-12-18,false,N,2025-09-30,"2025Q3",4098937.0,3481406.0,49689.0,1.6497153060601324,11.35,50.69533884201844,2372712.0,601770.0,22502.0,286,3414490.5
"57044","California Bank of Commerce, National Association",San Diego,CA,2001-12-18,false,N,2025-12-31,"2025Q4",4030860.0,3390316.0,66557.0,1.6561146803616804,11.37,52.45787200883145,2425813.0,575366.0,19515.0,288,3421992.5
"57073",Community Bank of Santa Maria,Santa Maria,CA,2001-03-01,false,NM,2022-03-31,"2022Q1",411299.0,378362.0,512.0,0.4957445366434608,6.41,77.319257837492,167976.0,30818.0,483.0,59,3162422.5
"57073",Community Bank of Santa Maria,Santa Maria,CA,2001-03-01,false,NM,2022-06-30,"2022Q2",418992.0,389162.0,1441.0,0.6943329071717217,9.51,70.45454545454545,170794.0,24317.0,467.0,57,3146316.0
"57073",Community Bank of Santa Maria,Santa Maria,CA,2001-03-01,false,NM,2022-09-30,"2022Q3",417329.0,389918.0,2586.0,0.8295467994103045,11.97,66.69827422719514,174453.0,26198.0,414.0,57,3145009.5
"57073",Community Bank of Santa Maria,Santa Maria,CA,2001-03-01,false,NM,2022-12-31,"2022Q4",398594.0,369288.0,3813.0,0.9249704169571602,13.44,65.53791646794303,173466.0,25545.0,483.0,54,3135097.5
"57073",Community Bank of Santa Maria,Santa Maria,CA,2001-03-01,false,NM,2023-03-31,"2023Q1",405992.0,373471.0,1139.0,1.1325078984720092,16.12,63.06888833623477,172087.0,22793.0,480.0,55,3152233.8
"57073",Community Bank of Santa Maria,Santa Maria,CA,2001-03-01,false,NM,2023-06-30,"2023Q2",405399.0,373635.0,2113.0,1.0477815840692242,14.86,64.8451497312516,183357.0,23158.0,455.0,57,3191508.0
"57073",Community Bank of Santa Maria,Santa Maria,CA,2001-03-01,false,NM,2023-09-30,"2023Q3",392525.0,361749.0,3117.0,1.037346687384166,14.73,65.12978142076503,185399.0,26317.0,482.0,57,3223877.8
"57073",Community Bank of Santa Maria,Santa Maria,CA,2001-03-01,false,NM,2023-12-31,"2023Q4",391681.0,356297.0,4147.0,1.0397700119998534,14.23,64.99713976991039,194378.0,25232.0,472.0,59,3248446.5
"57073",Community Bank of Santa Maria,Santa Maria,CA,2001-03-01,false,NM,2024-03-31,"2024Q1",386411.0,343583.0,901.0,0.9263686042267496,10.91,69.77993858751279,198175.0,25592.0,449.0,57,3277174.5
"57073",Community Bank of Santa Maria,Santa Maria,CA,2001-03-01,false,NM,2024-06-30,"2024Q2",405388.0,357882.0,1687.0,0.8552742758643999,10.14,71.51132852729145,213715.0,27243.0,387.0,58,3287040.8
"57073",Community Bank of Santa Maria,Santa Maria,CA,2001-03-01,false,NM,2024-09-30,"2024Q3",400235.0,360067.0,2558.0,0.8614129183596796,9.97,70.92192549753359,210317.0,25826.0,410.0,54,3321635.2
"57073",Community Bank of Santa Maria,Santa Maria,CA,2001-03-01,false,NM,2024-12-31,"2024Q4",405527.0,366422.0,3581.0,0.9000915926770097,10.33,69.75600529600908,212984.0,23623.0,471.0,55,3341863.5
"57073",Community Bank of Santa Maria,Santa Maria,CA,2001-03-01,false,NM,2025-03-31,"2025Q1",401926.0,361061.0,864.0,0.85602505656676,9.24,70.4388560157791,217739.0,25939.0,359.0,54,3341872.5
"57073",Community Bank of Santa Maria,Santa Maria,CA,2001-03-01,false,NM,2025-06-30,"2025Q2",417640.0,367002.0,1994.0,0.976578920947226,10.62,65.87209302325581,235839.0,27641.0,392.0,58,3377264.0
"57073",Community Bank of Santa Maria,Santa Maria,CA,2001-03-01,false,NM,2025-09-30,"2025Q3",413786.0,368927.0,3135.0,1.020184040432515,10.96,65.55826723611958,237999.0,29733.0,444.0,56,3414490.5
"57073",Community Bank of Santa Maria,Santa Maria,CA,2001-03-01,false,NM,2025-12-31,"2025Q4",428747.0,384540.0,4304.0,1.0408071865995108,11.07,65.77287066246058,239590.0,28028.0,360.0,57,3421992.5
"57101",Mission Valley Bank,Sun Valley,CA,2001-07-12,false,NM,2022-03-31,"2022Q1",554757.0,497668.0,1576.0,1.1172253679630664,12.52,65.539920464974,244529.0,64984.0,110.0,74,3162422.5
"57101",Mission Valley Bank,Sun Valley,CA,2001-07-12,false,NM,2022-06-30,"2022Q2",483312.0,416037.0,2597.0,0.966732058502738,10.34,67.69460138104206,291046.0,82688.0,53.0,77,3146316.0
"57101",Mission Valley Bank,Sun Valley,CA,2001-07-12,false,NM,2022-09-30,"2022Q3",510404.0,426804.0,4737.0,1.19041838145419,12.56,64.19656404483382,297349.0,99665.0,761.0,75,3145009.5
"57101",Mission Valley Bank,Sun Valley,CA,2001-07-12,false,NM,2022-12-31,"2022Q4",552682.0,467344.0,6333.0,1.1837790309049885,12.51,63.8543742075711,322833.0,114329.0,60.0,84,3135097.5
"57101",Mission Valley Bank,Sun Valley,CA,2001-07-12,false,NM,2023-03-31,"2023Q1",544812.0,447614.0,1950.0,1.4214200715448104,14.73,62.73349118652987,325357.0,102113.0,103.0,85,3152233.8
"57101",Mission Valley Bank,Sun Valley,CA,2001-07-12,false,NM,2023-06-30,"2023Q2",572100.0,463975.0,3604.0,1.295165171892089,13.44,65.12905360688286,342554.0,127067.0,292.0,88,3191508.0
"57101",Mission Valley Bank,Sun Valley,CA,2001-07-12,false,NM,2023-09-30,"2023Q3",586667.0,485872.0,8640.0,2.0422658548811508,20.92,53.51544367077308,337439.0,141489.0,342.0,90,3223877.8
"57101",Mission Valley Bank,Sun Valley,CA,2001-07-12,false,NM,2023-12-31,"2023Q4",653401.0,524647.0,8669.0,1.489691929853021,15.46,59.78491620111732,360847.0,156698.0,759.0,94,3248446.5
"57101",Mission Valley Bank,Sun Valley,CA,2001-07-12,false,NM,2024-03-31,"2024Q1",670909.0,546883.0,2009.0,1.2136131268358616,13.29,64.95440378621724,379953.0,170620.0,643.0,102,3277174.5
"57101",Mission Valley Bank,Sun Valley,CA,2001-07-12,false,NM,2024-06-30,"2024Q2",644686.0,507439.0,4201.0,1.280144804763443,13.65,65.23639253079062,349421.0,171460.0,502.0,101,3287040.8
"57101",Mission Valley Bank,Sun Valley,CA,2001-07-12,false,NM,2024-09-30,"2024Q3",667699.0,547830.0,5734.0,1.1598068339341483,12.2,68.16977146149415,361156.0,175133.0,149.0,103,3321635.2
"57101",Mission Valley Bank,Sun Valley,CA,2001-07-12,false,NM,2024-12-31,"2024Q4",676792.0,551536.0,7109.0,1.0727369686375712,11.2,67.43378324956232,353716.0,193227.0,853.0,104,3341863.5
"57101",Mission Valley Bank,Sun Valley,CA,2001-07-12,false,NM,2025-03-31,"2025Q1",706107.0,592374.0,1837.0,1.0626951064394434,10.84,70.29077117572693,354398.0,207894.0,197.0,104,3341872.5
"57101",Mission Valley Bank,Sun Valley,CA,2001-07-12,false,NM,2025-06-30,"2025Q2",740519.0,599566.0,3352.0,0.9471521857684166,9.75,73.70944542112834,375126.0,220880.0,344.0,110,3377264.0
"57101",Mission Valley Bank,Sun Valley,CA,2001-07-12,false,NM,2025-09-30,"2025Q3",714610.0,564465.0,5470.0,1.0279181177916497,10.44,72.24091871075183,371475.0,206438.0,1176.0,110,3414490.5
"57101",Mission Valley Bank,Sun Valley,CA,2001-07-12,false,NM,2025-12-31,"2025Q4",759501.0,635726.0,8978.0,1.2478009211322547,12.47,68.54622931324943,381392.0,228577.0,98.0,113,3421992.5
"57176",Commerce West Bank,Irvine,CA,2001-09-24,false,SM,2022-03-31,"2022Q1",1289889.0,1163848.0,4466.0,1.3455388915648858,15.43,39.2984142239308,624692.0,115958.0,44108.0,67,3162422.5
"57176",Commerce West Bank,Irvine,CA,2001-09-24,false,SM,2022-06-30,"2022Q2",1215534.0,1085473.0,9066.0,1.4052810936784308,15.79,39.0486828632598,631164.0,113202.0,47760.0,67,3146316.0
"57176",Commerce West Bank,Irvine,CA,2001-09-24,false,SM,2022-09-30,"2022Q3",1139068.0,1010947.0,14073.0,1.4981176970774834,16.48,38.843049596447536,631366.0,95354.0,50078.0,68,3145009.5
"57176",Commerce West Bank,Irvine,CA,2001-09-24,false,SM,2022-12-31,"2022Q4",1436616.0,1306868.0,19007.0,1.4742082965498702,16.63,39.036724598635246,635492.0,97927.0,50392.0,65,3135097.5
"57176",Commerce West Bank,Irvine,CA,2001-09-24,false,SM,2023-03-31,"2023Q1",1137935.0,1005220.0,5049.0,1.5688949257559863,17.28,40.35744680851064,609176.0,93142.0,52741.0,70,3152233.8
"57176",Commerce West Bank,Irvine,CA,2001-09-24,false,SM,2023-06-30,"2023Q2",1182348.0,1045502.0,9703.0,1.5496290956983405,16.51,43.845995470455016,599462.0,80349.0,56716.0,67,3191508.0
"57176",Commerce West Bank,Irvine,CA,2001-09-24,false,SM,2023-09-30,"2023Q3",1059794.0,929058.0,15370.0,1.7018166613483567,17.45,46.42684952054428,588419.0,74857.0,59890.0,69,3223877.8
"57176",Commerce West Bank,Irvine,CA,2001-09-24,false,SM,2023-12-31,"2023Q4",1301979.0,1164592.0,19346.0,1.5808986002191328,16.31,42.133484162895925,576692.0,68408.0,61964.0,70,3248446.5
"57176",Commerce West Bank,Irvine,CA,2001-09-24,false,SM,2024-03-31,"2024Q1",1099243.0,963325.0,3434.0,1.1440841371601629,11.16,48.64806635785845,571004.0,66502.0,62614.0,71,3277174.5
"57176",Commerce West Bank,Irvine,CA,2001-09-24,false,SM,2024-06-30,"2024Q2",1129276.0,991165.0,6967.0,1.1840255963889512,11.26,48.75501160582401,571097.0,65690.0,62389.0,78,3287040.8
"57176",Commerce West Bank,Irvine,CA,2001-09-24,false,SM,2024-09-30,"2024Q3",1175298.0,1033293.0,10536.0,1.1940720592222869,11.24,49.36691439581613,576361.0,91333.0,62166.0,74,3321635.2
"57176",Commerce West Bank,Irvine,CA,2001-09-24,false,SM,2024-12-31,"2024Q4",1489767.0,1349575.0,14914.0,1.203603288353294,11.89,48.85257216100964,609899.0,99374.0,61908.0,78,3341863.5
"57176",Commerce West Bank,Irvine,CA,2001-09-24,false,SM,2025-03-31,"2025Q1",1149945.0,1006673.0,3402.0,1.031021565989017,10.53,53.03583769375062,603808.0,114655.0,61055.0,79,3341872.5
"57176",Commerce West Bank,Irvine,CA,2001-09-24,false,SM,2025-06-30,"2025Q2",1180954.0,1033703.0,6951.0,1.0915897908898606,10.6,51.51801712124229,611827.0,114607.0,60620.0,81,3377264.0
"57176",Commerce West Bank,Irvine,CA,2001-09-24,false,SM,2025-09-30,"2025Q3",1125498.0,977667.0,10212.0,1.1011086247847828,10.3,53.284050765406256,626798.0,97448.0,58550.0,80,3414490.5
"57176",Commerce West Bank,Irvine,CA,2001-09-24,false,SM,2025-12-31,"2025Q4",1485516.0,1333165.0,14131.0,1.0985465694810688,10.56,51.883120042820295,614783.0,100041.0,57490.0,81,3421992.5
"57417",Commercial Bank of California,Irvine,CA,2003-05-15,false,NM,2022-03-31,"2022Q1",1972180.0,1792177.0,3540.0,0.7078724059988187,8.83,70.3111011638317,944779.0,165157.0,94217.0,216,3162422.5
"57417",Commercial Bank of California,Irvine,CA,2003-05-15,false,NM,2022-06-30,"2022Q2",1940881.0,1771415.0,7872.0,0.7949371230183374,10.12,69.02259590120862,1028434.0,153633.0,111227.0,218,3146316.0
"57417",Commercial Bank of California,Irvine,CA,2003-05-15,false,NM,2022-09-30,"2022Q3",1929480.0,1743374.0,13580.0,0.9201385019238778,11.93,65.98082498682129,1153559.0,88740.0,118738.0,218,3145009.5
"57417",Commercial Bank of California,Irvine,CA,2003-05-15,false,NM,2022-12-31,"2022Q4",2129693.0,1795290.0,17852.0,0.8925308288607633,11.81,65.00755066250974,1252090.0,93381.0,115548.0,218,3135097.5
"57417",Commercial Bank of California,Irvine,CA,2003-05-15,false,NM,2023-03-31,"2023Q1",2198157.0,1820060.0,2881.0,0.5325508046720658,7.6,73.6060225846926,1335111.0,83406.0,116873.0,219,3152233.8
"57417",Commercial Bank of California,Irvine,CA,2003-05-15,false,NM,2023-06-30,"2023Q2",2253272.0,1869037.0,6292.0,0.5736407864798737,8.2,71.00130039011704,1367654.0,81097.0,116078.0,231,3191508.0
"57417",Commercial Bank of California,Irvine,CA,2003-05-15,false,NM,2023-09-30,"2023Q3",2254831.0,1819543.0,10097.0,0.6094342104354787,8.75,69.664814424806,1417074.0,91182.0,109560.0,228,3223877.8
"57417",Commercial Bank of California,Irvine,CA,2003-05-15,false,NM,2023-12-31,"2023Q4",2425518.0,1890241.0,15124.0,0.6714930935754307,9.63,66.9546589658315,1501658.0,110554.0,108987.0,225,3248446.5
"57417",Commercial Bank of California,Irvine,CA,2003-05-15,false,NM,2024-03-31,"2024Q1",2438690.0,1997268.0,5121.0,0.8422337202685413,11.96,65.93153247205184,1512999.0,124674.0,102183.0,229,3277174.5
"57417",Commercial Bank of California,Irvine,CA,2003-05-15,false,NM,2024-06-30,"2024Q2",2479083.0,2027101.0,10129.0,0.8276125786108708,11.62,66.11223082634984,1525695.0,93288.0,72672.0,228,3287040.8
"57417",Commercial Bank of California,Irvine,CA,2003-05-15,false,NM,2024-09-30,"2024Q3",2531539.0,2062015.0,15506.0,0.837448332781425,11.53,65.3251547364623,1570583.0,137718.0,69100.0,234,3321635.2
"57417",Commercial Bank of California,Irvine,CA,2003-05-15,false,NM,2024-12-31,"2024Q4",3537560.0,2857159.0,15738.0,0.5866963307807185,7.8,68.35824597216525,2218748.0,226977.0,64031.0,297,3341863.5
"57417",Commercial Bank of California,Irvine,CA,2003-05-15,false,NM,2025-03-31,"2025Q1",3625686.0,2991239.0,8832.0,0.9863684703833988,11.84,60.409862126773994,2291052.0,210749.0,60446.0,297,3341872.5
"57417",Commercial Bank of California,Irvine,CA,2003-05-15,false,NM,2025-06-30,"2025Q2",3698411.0,3051294.0,18746.0,1.0355326079621183,12.35,59.83781303972366,2344106.0,215475.0,54158.0,292,3377264.0
"57417",Commercial Bank of California,Irvine,CA,2003-05-15,false,NM,2025-09-30,"2025Q3",3846280.0,3224198.0,29800.0,1.0805686752669663,12.79,58.80665669736164,2384844.0,222126.0,52023.0,292,3414490.5
"57417",Commercial Bank of California,Irvine,CA,2003-05-15,false,NM,2025-12-31,"2025Q4",3701611.0,3069453.0,42549.0,1.1556231581568437,13.41,56.70379484522731,2421289.0,281727.0,51691.0,303,3421992.5
"57444",American Continental Bank,City Of Industry,CA,2003-10-06,false,NM,2022-03-31,"2022Q1",337513.0,282431.0,1224.0,1.4536838682955289,11.55,52.418693632139934,228715.0,7582.0,0.0,41,3162422.5
"57444",American Continental Bank,City Of Industry,CA,2003-10-06,false,NM,2022-06-30,"2022Q2",324449.0,271285.0,2761.0,1.6598400076950206,12.82,48.31578947368421,237415.0,10633.0,0.0,42,3146316.0
"57444",American Continental Bank,City Of Industry,CA,2003-10-06,false,NM,2022-09-30,"2022Q3",325856.0,271182.0,4163.0,1.6770182430145992,12.68,49.07752273711563,236379.0,9442.0,0.0,44,3145009.5
"57444",American Continental Bank,City Of Industry,CA,2003-10-06,false,NM,2022-12-31,"2022Q4",339087.0,279943.0,5463.0,1.642522418942736,12.29,48.93214029129384,260320.0,9608.0,0.0,44,3135097.5
"57444",American Continental Bank,City Of Industry,CA,2003-10-06,false,NM,2023-03-31,"2023Q1",341116.0,279439.0,1360.0,1.5995224954903169,11.37,52.41084881968859,267586.0,9050.0,0.0,43,3152233.8
"57444",American Continental Bank,City Of Industry,CA,2003-10-06,false,NM,2023-06-30,"2023Q2",357412.0,293264.0,2581.0,1.492461076603557,10.65,54.482147379083315,261451.0,8683.0,0.0,43,3191508.0
"57444",American Continental Bank,City Of Industry,CA,2003-10-06,false,NM,2023-09-30,"2023Q3",345406.0,279872.0,3910.0,1.507772622396912,10.61,54.10029498525074,250836.0,9600.0,0.0,44,3223877.8
"57444",American Continental Bank,City Of Industry,CA,2003-10-06,false,NM,2023-12-31,"2023Q4",350626.0,285861.0,4939.0,1.4244537671163735,9.96,55.41809702700952,247288.0,9783.0,0.0,45,3248446.5
"57444",American Continental Bank,City Of Industry,CA,2003-10-06,false,NM,2024-03-31,"2024Q1",339588.0,274234.0,765.0,0.8866815219627535,5.9,67.94677955851225,252180.0,9562.0,0.0,43,3277174.5
"57444",American Continental Bank,City Of Industry,CA,2003-10-06,false,NM,2024-06-30,"2024Q2",346726.0,280362.0,1809.0,1.046733658649488,6.91,63.44453949244369,260563.0,11228.0,0.0,44,3287040.8
"57444",American Continental Bank,City Of Industry,CA,2003-10-06,false,NM,2024-09-30,"2024Q3",358143.0,290535.0,2984.0,1.1407399273018164,7.52,60.91277143908723,266983.0,11397.0,0.0,43,3321635.2
"57444",American Continental Bank,City Of Industry,CA,2003-10-06,false,NM,2024-12-31,"2024Q4",357116.0,288153.0,4520.0,1.2898078357538156,8.46,57.35043853907579,263269.0,11670.0,0.0,44,3341863.5
"57444",American Continental Bank,City Of Industry,CA,2003-10-06,false,NM,2025-03-31,"2025Q1",362729.0,292575.0,1090.0,1.211371892560204,7.77,61.20512820512821,259183.0,10634.0,0.0,45,3341872.5
"57444",American Continental Bank,City Of Industry,CA,2003-10-06,false,NM,2025-06-30,"2025Q2",359199.0,295414.0,1924.0,1.069835891770864,6.8,62.58829801412769,274965.0,11070.0,0.0,46,3377264.0
"57444",American Continental Bank,City Of Industry,CA,2003-10-06,false,NM,2025-09-30,"2025Q3",373519.0,308643.0,3006.0,1.1036766873450583,7.02,59.10153640614563,298867.0,12331.0,0.0,48,3414490.5
"57444",American Continental Bank,City Of Industry,CA,2003-10-06,false,NM,2025-12-31,"2025Q4",378189.0,312173.0,4614.0,1.260137910541679,8.01,56.88001447789105,284309.0,13247.0,0.0,48,3421992.5
"57463",PCB Bank,Los Angeles,CA,2003-09-18,false,NM,2022-03-31,"2022Q1",2199679.0,1916376.0,10363.0,1.9061098795185156,16.39,47.04905063291139,1532221.0,207321.0,21578.0,256,3162422.5
"57463",PCB Bank,Los Angeles,CA,2003-09-18,false,NM,2022-06-30,"2022Q2",2344499.0,2003707.0,19648.0,1.761130799905167,14.14,47.47006643064561,1629875.0,186231.0,22118.0,271,3146316.0
"57463",PCB Bank,Los Angeles,CA,2003-09-18,false,NM,2022-09-30,"2022Q3",2326979.0,1984443.0,26771.0,1.5827215720008958,12.31,48.176878299366265,1753212.0,194768.0,23108.0,274,3145009.5
"57463",PCB Bank,Los Angeles,CA,2003-09-18,false,NM,2022-12-31,"2022Q4",2419997.0,2052538.0,35633.0,1.5572697045334978,11.96,48.22195119608954,1822155.0,188801.0,22668.0,272,3135097.5
"57463",PCB Bank,Los Angeles,CA,2003-09-18,false,NM,2023-03-31,"2023Q1",2500459.0,2148747.0,10469.0,1.7021186654245055,12.72,53.12758010615294,1850104.0,191871.0,22425.0,276,3152233.8
"57463",PCB Bank,Los Angeles,CA,2003-09-18,false,NM,2023-06-30,"2023Q2",2556286.0,2195560.0,18147.0,1.4562760089889415,10.98,53.90237535891412,1861891.0,186354.0,21747.0,272,3191508.0
"57463",PCB Bank,Los Angeles,CA,2003-09-18,false,NM,2023-09-30,"2023Q3",2567903.0,2200189.0,25343.0,1.3455855094928688,10.2,54.58972095138722,1894809.0,174792.0,20821.0,270,3223877.8
"57463",PCB Bank,Los Angeles,CA,2003-09-18,false,NM,2023-12-31,"2023Q4",2789471.0,2358909.0,31420.0,1.2240811911003453,9.43,55.497524727518375,2033948.0,194915.0,20518.0,270,3248446.5
"57463",PCB Bank,Los Angeles,CA,2003-09-18,false,NM,2024-03-31,"2024Q1",2854271.0,2411205.0,4862.0,0.6891881308536074,5.69,67.27363848980956,2070048.0,223347.0,21955.0,272,3277174.5
"57463",PCB Bank,Los Angeles,CA,2003-09-18,false,NM,2024-06-30,"2024Q2",2852923.0,2414601.0,11368.0,0.80276202486505,6.63,64.32190017440412,2047043.0,240961.0,15450.0,265,3287040.8
"57463",PCB Bank,Los Angeles,CA,2003-09-18,false,NM,2024-09-30,"2024Q3",2889755.0,2468294.0,19377.0,0.9075847931131996,7.48,61.65054487571936,2073905.0,258539.0,14579.0,264,3321635.2
"57463",PCB Bank,Los Angeles,CA,2003-09-18,false,NM,2024-12-31,"2024Q4",3062929.0,2623609.0,26607.0,0.9206989186848488,7.66,59.12646675358539,2172486.0,293784.0,11269.0,262,3341863.5
"57463",PCB Bank,Los Angeles,CA,2003-09-18,false,NM,2025-03-31,"2025Q1",3182682.0,2723247.0,7930.0,1.0157533025992174,8.86,52.8943156013848,2255617.0,306060.0,10890.0,257,3341872.5
"57463",PCB Bank,Los Angeles,CA,2003-09-18,false,NM,2025-06-30,"2025Q2",3304544.0,2832386.0,17276.0,1.085385525156398,9.58,51.05253784505788,2324393.0,310561.0,9130.0,266,3377264.0
"57463",PCB Bank,Los Angeles,CA,2003-09-18,false,NM,2025-09-30,"2025Q3",3362429.0,2923472.0,28943.0,1.1954137731069163,10.6,49.87915023533901,2320354.0,307538.0,7746.0,270,3414490.5
"57463",PCB Bank,Los Angeles,CA,2003-09-18,false,NM,2025-12-31,"2025Q4",3280733.0,2805961.0,38378.0,1.1849950198591186,10.46,50.03330939671059,2351230.0,322051.0,6540.0,264,3421992.5
"57510",Avidbank,San Jose,CA,2003-10-01,false,NM,2022-03-31,"2022Q1",2106478.0,1952933.0,4594.0,0.8614928495296504,12.88,62.32868477999519,718935.0,481522.0,1478.0,130,3162422.5
"57510",Avidbank,San Jose,CA,2003-10-01,false,NM,2022-06-30,"2022Q2",2006320.0,1832438.0,9859.0,0.94308353592714,13.51,57.33134109554284,777031.0,558908.0,847.0,132,3146316.0
"57510",Avidbank,San Jose,CA,2003-10-01,false,NM,2022-09-30,"2022Q3",1979522.0,1817679.0,17131.0,1.1071725591301422,15.78,53.561107072569634,825659.0,566105.0,782.0,134,3145009.5
"57510",Avidbank,San Jose,CA,2003-10-01,false,NM,2022-12-31,"2022Q4",2132295.0,1825993.0,25567.0,1.2310505748144782,17.49,50.88928719150696,853385.0,700022.0,815.0,142,3135097.5
"57510",Avidbank,San Jose,CA,2003-10-01,false,NM,2023-03-31,"2023Q1",2165228.0,1620280.0,6638.0,1.235688558269496,16.71,51.88536238749408,921389.0,642828.0,284.0,142,3152233.8
"57510",Avidbank,San Jose,CA,2003-10-01,false,NM,2023-06-30,"2023Q2",2202844.0,1750290.0,11616.0,1.0721856165967243,14.4,53.28547487430902,933645.0,716355.0,265.0,145,3191508.0
"57510",Avidbank,San Jose,CA,2003-10-01,false,NM,2023-09-30,"2023Q3",2196869.0,1709760.0,17202.0,1.05483749549857,14.22,54.76579520697168,938511.0,731206.0,197.0,147,3223877.8
"57510",Avidbank,San Jose,CA,2003-10-01,false,NM,2023-12-31,"2023Q4",2225639.0,1654942.0,17779.0,0.813842509412586,10.75,55.80510476385041,981789.0,758552.0,306.0,143,3248446.5
"57510",Avidbank,San Jose,CA,2003-10-01,false,NM,2024-03-31,"2024Q1",2251203.0,1757952.0,5471.0,0.9776534441018914,11.98,60.56944376498215,999333.0,783172.0,520.0,141,3277174.5
"57510",Avidbank,San Jose,CA,2003-10-01,false,NM,2024-06-30,"2024Q2",2281432.0,1739774.0,9213.0,0.8179307320182637,10.02,59.62728307677077,983867.0,821623.0,1117.0,144,3287040.8
"57510",Avidbank,San Jose,CA,2003-10-01,false,NM,2024-09-30,"2024Q3",2289725.0,1902533.0,15313.0,0.902600581631364,10.8,59.13054860190775,1026198.0,759493.0,1066.0,146,3321635.2
"57510",Avidbank,San Jose,CA,2003-10-01,false,NM,2024-12-31,"2024Q4",2298340.0,1891547.0,21933.0,0.9665232107025888,11.45,57.251278065840125,1047013.0,816964.0,965.0,148,3341863.5
"57510",Avidbank,San Jose,CA,2003-10-01,false,NM,2025-03-31,"2025Q1",2313465.0,1931024.0,5819.0,1.0094095478885166,11.28,60.8728761125125,1035613.0,767855.0,2086.0,143,3341872.5
"57510",Avidbank,San Jose,CA,2003-10-01,false,NM,2025-06-30,"2025Q2",2385351.0,2003385.0,12140.0,1.0409943697124946,11.53,58.09872956583892,1054785.0,827797.0,2389.0,149,3377264.0
"57510",Avidbank,San Jose,CA,2003-10-01,false,NM,2025-09-30,"2025Q3",2355523.0,2055307.0,-25359.0,-1.4460521824816184,-14.8,56.90603660604988,1084745.0,794858.0,2316.0,151,3414490.5
"57510",Avidbank,San Jose,CA,2003-10-01,false,NM,2025-12-31,"2025Q4",2562570.0,2191600.0,-18046.0,-0.7572649132217044,-7.49,55.081728946370646,1096254.0,963360.0,2655.0,151,3421992.5
"57585",Golden State Bank,Glendale,CA,2003-12-01,false,NM,2022-03-31,"2022Q1",584134.0,498980.0,1495.0,1.0773008389615395,11.22,54.20983236014315,363615.0,59659.0,0.0,51,3162422.5
"57585",Golden State Bank,Glendale,CA,2003-12-01,false,NM,2022-06-30,"2022Q2",604001.0,520982.0,3486.0,1.2201731087054295,12.62,50.416879360217806,392427.0,60916.0,0.0,52,3146316.0
"57585",Golden State Bank,Glendale,CA,2003-12-01,false,NM,2022-09-30,"2022Q3",636205.0,554549.0,5904.0,1.3396602092931038,13.85,48.161784323141774,429731.0,49441.0,0.0,54,3145009.5
"57585",Golden State Bank,Glendale,CA,2003-12-01,false,NM,2022-12-31,"2022Q4",648742.0,565954.0,8188.0,1.365062534801759,14.05,47.110494683310215,479936.0,50044.0,0.0,55,3135097.5
"57585",Golden State Bank,Glendale,CA,2003-12-01,false,NM,2023-03-31,"2023Q1",673464.0,578759.0,2257.0,1.3655965863110588,13.85,49.44391047645201,496364.0,46147.0,0.0,54,3152233.8
"57585",Golden State Bank,Glendale,CA,2003-12-01,false,NM,2023-06-30,"2023Q2",715415.0,611872.0,4409.0,1.2982787279871968,13.29,53.144388042865195,497718.0,40444.0,0.0,56,3191508.0
"57585",Golden State Bank,Glendale,CA,2003-12-01,false,NM,2023-09-30,"2023Q3",711741.0,604987.0,6354.0,1.2325460525023622,12.57,54.66609384696167,502516.0,37303.0,0.0,56,3223877.8
"57585",Golden State Bank,Glendale,CA,2003-12-01,false,NM,2023-12-31,"2023Q4",729515.0,622942.0,8275.0,1.1893205767263402,12.09,54.090270523396136,507099.0,42209.0,0.0,57,3248446.5
"57585",Golden State Bank,Glendale,CA,2003-12-01,false,NM,2024-03-31,"2024Q1",766728.0,660190.0,2094.0,1.119604235408286,11.36,55.003479471120386,559469.0,49131.0,0.0,62,3277174.5
"57585",Golden State Bank,Glendale,CA,2003-12-01,false,NM,2024-06-30,"2024Q2",802406.0,698587.0,4102.0,1.0707158857224397,10.97,54.73713222627988,599532.0,56846.0,0.0,63,3287040.8
"57585",Golden State Bank,Glendale,CA,2003-12-01,false,NM,2024-09-30,"2024Q3",826805.0,710094.0,6497.0,1.1086325506630397,11.41,53.90204520990313,621486.0,59798.0,0.0,63,3321635.2
"57585",Golden State Bank,Glendale,CA,2003-12-01,false,NM,2024-12-31,"2024Q4",836818.0,717133.0,8818.0,1.1127454147519402,11.44,54.022313564298294,633547.0,61117.0,0.0,66,3341863.5
"57585",Golden State Bank,Glendale,CA,2003-12-01,false,NM,2025-03-31,"2025Q1",887357.0,758252.0,1998.0,0.9270520683805298,9.65,57.778847310792926,673125.0,71983.0,0.0,68,3341872.5
"57585",Golden State Bank,Glendale,CA,2003-12-01,false,NM,2025-06-30,"2025Q2",918118.0,788879.0,4680.0,1.0627133327000449,11.13,55.78721180091759,683366.0,84896.0,0.0,70,3377264.0
"57585",Golden State Bank,Glendale,CA,2003-12-01,false,NM,2025-09-30,"2025Q3",927592.0,800191.0,7492.0,1.119261107850813,11.68,56.1876966228253,690915.0,87482.0,0.0,73,3414490.5
"57585",Golden State Bank,Glendale,CA,2003-12-01,false,NM,2025-12-31,"2025Q4",953547.0,811101.0,10071.0,1.1132034260711778,11.32,57.06125391675678,711926.0,95369.0,0.0,74,3421992.5
"57591",West Coast Community Bank,Santa Cruz,CA,2004-02-03,false,NM,2022-03-31,"2022Q1",1723430.0,1523653.0,5383.0,1.257460551058785,11.67,47.12280257999241,988165.0,161747.0,161.0,139,3162422.5
"57591",West Coast Community Bank,Santa Cruz,CA,2004-02-03,false,NM,2022-06-30,"2022Q2",1761103.0,1555232.0,11750.0,1.359486118104055,12.71,45.28313289418021,1027190.0,149384.0,459.0,145,3146316.0
"57591",West Coast Community Bank,Santa Cruz,CA,2004-02-03,false,NM,2022-09-30,"2022Q3",1862166.0,1656271.0,20923.0,1.5832484542666243,15.05,41.59362248753211,1044462.0,160287.0,638.0,144,3145009.5
"57591",West Coast Community Bank,Santa Cruz,CA,2004-02-03,false,NM,2022-12-31,"2022Q4",1744487.0,1530782.0,30944.0,1.7596943554664488,16.47,38.52457915172034,1063114.0,171258.0,1349.0,154,3135097.5
"57591",West Coast Community Bank,Santa Cruz,CA,2004-02-03,false,NM,2023-03-31,"2023Q1",1727414.0,1461926.0,8879.0,2.045910871306526,17.67,39.15336507047512,1127612.0,159597.0,2066.0,152,3152233.8
"57591",West Coast Community Bank,Santa Cruz,CA,2004-02-03,false,NM,2023-06-30,"2023Q2",1746377.0,1467334.0,17197.0,1.9773189546436585,16.91,39.97969255472385,1129834.0,173805.0,2008.0,148,3191508.0
"57591",West Coast Community Bank,Santa Cruz,CA,2004-02-03,false,NM,2023-09-30,"2023Q3",1773225.0,1529210.0,26399.0,2.0137464977130093,17.02,38.94681313225346,1179224.0,165849.0,1991.0,150,3223877.8
"57591",West Coast Community Bank,Santa Cruz,CA,2004-02-03,false,NM,2023-12-31,"2023Q4",1794295.0,1515436.0,35278.0,2.0076719268983876,16.69,39.82513864505703,1203452.0,175597.0,460.0,150,3248446.5
"57591",West Coast Community Bank,Santa Cruz,CA,2004-02-03,false,NM,2024-03-31,"2024Q1",1712562.0,1456356.0,9374.0,2.1384390638112705,16.05,41.91957154937518,1193162.0,151985.0,420.0,140,3277174.5
"57591",West Coast Community Bank,Santa Cruz,CA,2004-02-03,false,NM,2024-06-30,"2024Q2",1711697.0,1432031.0,17770.0,2.043094696346919,14.96,42.68689057421452,1202720.0,144667.0,764.0,151,3287040.8
"57591",West Coast Community Bank,Santa Cruz,CA,2004-02-03,false,NM,2024-09-30,"2024Q3",1800635.0,1527256.0,26043.0,1.9787546339042872,14.33,43.34683409698657,1217838.0,149427.0,1244.0,152,3321635.2
"57591",West Coast Community Bank,Santa Cruz,CA,2004-02-03,false,NM,2024-12-31,"2024Q4",2680345.0,2311516.0,30631.0,1.5789933825686882,11.66,47.90380502763991,1800535.0,208598.0,619.0,220,3341863.5
"57591",West Coast Community Bank,Santa Cruz,CA,2004-02-03,false,NM,2025-03-31,"2025Q1",2658101.0,2256646.0,11976.0,1.7946795752921356,13.65,42.0699044067596,1826684.0,238720.0,630.0,209,3341872.5
"57591",West Coast Community Bank,Santa Cruz,CA,2004-02-03,false,NM,2025-06-30,"2025Q2",2650147.0,2260409.0,25285.0,1.8990828547655387,14.18,41.5536933853961,1835802.0,224912.0,569.0,215,3377264.0
"57591",West Coast Community Bank,Santa Cruz,CA,2004-02-03,false,NM,2025-09-30,"2025Q3",2837803.0,2437810.0,37576.0,1.8510344827586205,13.84,40.87376782467222,1844172.0,237835.0,863.0,219,3414490.5
"57591",West Coast Community Bank,Santa Cruz,CA,2004-02-03,false,NM,2025-12-31,"2025Q4",2883698.0,2479075.0,52270.0,1.9062597236751255,14.28,40.53648630481083,1870041.0,254977.0,839.0,223,3421992.5
"57610",Redwood Capital Bank,Eureka,CA,2004-03-01,false,NM,2022-03-31,"2022Q1",567543.0,516638.0,1043.0,0.7171237356439889,8.47,67.13861612240237,303506.0,32880.0,516.0,80,3162422.5
"57610",Redwood Capital Bank,Eureka,CA,2004-03-01,false,NM,2022-06-30,"2022Q2",551130.0,500375.0,2787.0,0.9752330919064752,11.46,59.896373056994825,318935.0,30972.0,538.0,78,3146316.0
"57610",Redwood Capital Bank,Eureka,CA,2004-03-01,false,NM,2022-09-30,"2022Q3",557800.0,507481.0,4744.0,1.1133583369967528,13.13,56.73474663908997,331625.0,26508.0,665.0,79,3145009.5
"57610",Redwood Capital Bank,Eureka,CA,2004-03-01,false,NM,2022-12-31,"2022Q4",525072.0,471560.0,6925.0,1.2376949883451132,14.29,54.748194863358016,351452.0,27319.0,653.0,79,3135097.5
"57610",Redwood Capital Bank,Eureka,CA,2004-03-01,false,NM,2023-03-31,"2023Q1",515009.0,459249.0,2045.0,1.5729544141273613,16.08,53.47199475925319,351509.0,27641.0,595.0,79,3152233.8
"57610",Redwood Capital Bank,Eureka,CA,2004-03-01,false,NM,2023-06-30,"2023Q2",529955.0,473839.0,3979.0,1.5206020753664249,15.52,54.02945556842628,358553.0,25845.0,487.0,78,3191508.0
"57610",Redwood Capital Bank,Eureka,CA,2004-03-01,false,NM,2023-09-30,"2023Q3",516614.0,459468.0,6148.0,1.5713470682673183,15.87,53.33586667390479,361588.0,24047.0,700.0,80,3223877.8
"57610",Redwood Capital Bank,Eureka,CA,2004-03-01,false,NM,2023-12-31,"2023Q4",521363.0,460487.0,7960.0,1.5260660127077588,15.11,54.225641869651085,358838.0,28543.0,1012.0,80,3248446.5
"57610",Redwood Capital Bank,Eureka,CA,2004-03-01,false,NM,2024-03-31,"2024Q1",530737.0,468285.0,1609.0,1.223457846212337,11.28,60.03134796238244,357769.0,27771.0,851.0,80,3277174.5
"57610",Redwood Capital Bank,Eureka,CA,2004-03-01,false,NM,2024-06-30,"2024Q2",523876.0,461054.0,3145.0,1.197353259186688,10.93,59.77342204639453,357972.0,24182.0,905.0,79,3287040.8
"57610",Redwood Capital Bank,Eureka,CA,2004-03-01,false,NM,2024-09-30,"2024Q3",537014.0,470934.0,4792.0,1.2095038026682567,10.92,58.84839823746576,358087.0,21864.0,864.0,79,3321635.2
"57610",Redwood Capital Bank,Eureka,CA,2004-03-01,false,NM,2024-12-31,"2024Q4",531726.0,471787.0,6274.0,1.186138700714935,10.83,60.107238605898125,360934.0,21008.0,621.0,80,3341863.5
"57610",Redwood Capital Bank,Eureka,CA,2004-03-01,false,NM,2025-03-31,"2025Q1",522659.0,461346.0,1402.0,1.063748061666279,9.95,65.5141526334647,361471.0,20797.0,592.0,81,3341872.5
"57610",Redwood Capital Bank,Eureka,CA,2004-03-01,false,NM,2025-06-30,"2025Q2",552880.0,490973.0,2784.0,1.0392810146428872,9.82,66.39491130621752,357440.0,24007.0,657.0,80,3377264.0
"57610",Redwood Capital Bank,Eureka,CA,2004-03-01,false,NM,2025-09-30,"2025Q3",544804.0,486495.0,4496.0,1.114186729142978,10.71,63.877372262773726,364064.0,22684.0,634.0,80,3414490.5
"57610",Redwood Capital Bank,Eureka,CA,2004-03-01,false,NM,2025-12-31,"2025Q4",531608.0,472191.0,6057.0,1.1284890096684512,10.88,64.33523743077662,362162.0,18572.0,819.0,80,3421992.5
"57716",United Business Bank,Walnut Creek,CA,2004-07-20,false,SM,2022-03-31,"2022Q1",2736596.0,2343390.0,7123.0,1.124723427856366,8.58,64.46352864441786,1687396.0,299984.0,3562.0,352,3162422.5
"57716",United Business Bank,Walnut Creek,CA,2004-07-20,false,SM,2022-06-30,"2022Q2",2657382.0,2260368.0,13003.0,1.01008924021527,7.56,60.45588399746524,1740814.0,246824.0,3743.0,359,3146316.0
"57716",United Business Bank,Walnut Creek,CA,2004-07-20,false,SM,2022-09-30,"2022Q3",2518437.0,2125343.0,20917.0,1.089154256135018,8.0,58.47841989758595,1774541.0,206231.0,4298.0,375,3145009.5
"57716",United Business Bank,Walnut Creek,CA,2004-07-20,false,SM,2022-12-31,"2022Q4",2495514.0,2088359.0,29683.0,1.165152004388819,8.41,57.41930831838625,1829846.0,178416.0,2517.0,374,3135097.5
"57716",United Business Bank,Walnut Creek,CA,2004-07-20,false,SM,2023-03-31,"2023Q1",2532519.0,2137177.0,8541.0,1.3589409616046673,9.32,56.251964104891925,1844473.0,185414.0,2198.0,366,3152233.8
"57716",United Business Bank,Walnut Creek,CA,2004-07-20,false,SM,2023-06-30,"2023Q2",2552135.0,2155901.0,17137.0,1.3564607011348562,9.43,57.78505827380632,1831185.0,169428.0,919.0,383,3191508.0
"57716",United Business Bank,Walnut Creek,CA,2004-07-20,false,SM,2023-09-30,"2023Q3",2559241.0,2161086.0,24778.0,1.3032912431089425,9.08,57.82600368676833,1798106.0,159643.0,640.0,376,3223877.8
"57716",United Business Bank,Walnut Creek,CA,2004-07-20,false,SM,2023-12-31,"2023Q4",2535924.0,2145756.0,31188.0,1.2302635362715917,8.6,57.444694601172195,1763833.0,151757.0,739.0,358,3248446.5
"57716",United Business Bank,Walnut Creek,CA,2004-07-20,false,SM,2024-03-31,"2024Q1",2543555.0,2148266.0,6182.0,0.9736431630094348,6.83,63.25020112630733,1726887.0,149527.0,571.0,345,3277174.5
"57716",United Business Bank,Walnut Creek,CA,2004-07-20,false,SM,2024-06-30,"2024Q2",2576770.0,2175060.0,12743.0,0.998635232474806,6.97,62.8489047294862,1708008.0,144193.0,602.0,338,3287040.8
"57716",United Business Bank,Walnut Creek,CA,2004-07-20,false,SM,2024-09-30,"2024Q3",2543655.0,2147304.0,18442.0,0.964272550016157,6.72,62.7585012258821,1736749.0,165903.0,398.0,336,3321635.2
"57716",United Business Bank,Walnut Creek,CA,2004-07-20,false,SM,2024-12-31,"2024Q4",2646302.0,2243144.0,26316.0,1.0242712906830234,7.17,62.20370921352772,1778012.0,170865.0,390.0,324,3341863.5
"57716",United Business Bank,Walnut Creek,CA,2004-07-20,false,SM,2025-03-31,"2025Q1",2547328.0,2135069.0,6587.0,1.0146275341139048,6.99,61.49080500333294,1786106.0,174493.0,533.0,320,3341872.5
"57716",United Business Bank,Walnut Creek,CA,2004-07-20,false,SM,2025-06-30,"2025Q2",2605907.0,2187463.0,13669.0,1.0515239558450713,7.18,60.92432865888243,1816677.0,177134.0,611.0,331,3377264.0
"57716",United Business Bank,Walnut Creek,CA,2004-07-20,false,SM,2025-09-30,"2025Q3",2586421.0,2238911.0,19527.0,1.0027134367383346,7.13,60.089081713860296,1863947.0,177362.0,749.0,334,3414490.5
"57716",United Business Bank,Walnut Creek,CA,2004-07-20,false,SM,2025-12-31,"2025Q4",2576971.0,2221090.0,26953.0,1.039618438086022,7.54,59.98814406868791,1889444.0,176001.0,1176.0,327,3421992.5
"57740",Pacific Valley Bank,Salinas,CA,2004-09-14,false,NM,2022-03-31,"2022Q1",482424.0,420702.0,1194.0,0.9729633926597896,9.35,62.43723445345694,317183.0,53346.0,205.0,59,3162422.5
"57740",Pacific Valley Bank,Salinas,CA,2004-09-14,false,NM,2022-06-30,"2022Q2",502850.0,439186.0,2908.0,1.175271606426812,10.71,59.59973814645095,333582.0,30077.0,197.0,55,3146316.0
"57740",Pacific Valley Bank,Salinas,CA,2004-09-14,false,NM,2022-09-30,"2022Q3",484413.0,419751.0,4357.0,1.1801260331355006,10.36,58.467767050763,351438.0,31675.0,187.0,50,3145009.5
"57740",Pacific Valley Bank,Salinas,CA,2004-09-14,false,NM,2022-12-31,"2022Q4",559029.0,493272.0,5759.0,1.1390269517629306,10.01,58.985063549494384,359258.0,25893.0,178.0,53,3135097.5
"57740",Pacific Valley Bank,Salinas,CA,2004-09-14,false,NM,2023-03-31,"2023Q1",518529.0,452534.0,1440.0,1.069083984342374,9.09,60.31499125024305,357528.0,27475.0,70.0,55,3152233.8
"57740",Pacific Valley Bank,Salinas,CA,2004-09-14,false,NM,2023-06-30,"2023Q2",540385.0,473087.0,2746.0,1.018330064779785,8.61,61.339285714285715,361617.0,28232.0,60.0,50,3191508.0
"57740",Pacific Valley Bank,Salinas,CA,2004-09-14,false,NM,2023-09-30,"2023Q3",554535.0,485095.0,4169.0,1.0234446931108163,8.65,60.95194085027727,376992.0,29801.0,50.0,48,3223877.8
"57740",Pacific Valley Bank,Salinas,CA,2004-09-14,false,NM,2023-12-31,"2023Q4",586276.0,513387.0,5520.0,1.0004516531738603,8.49,61.69380470392646,394772.0,31822.0,40.0,48,3248446.5
"57740",Pacific Valley Bank,Salinas,CA,2004-09-14,false,NM,2024-03-31,"2024Q1",523238.0,450295.0,1362.0,0.982051600971236,7.93,61.90851735015773,394641.0,32414.0,27.0,51,3277174.5
"57740",Pacific Valley Bank,Salinas,CA,2004-09-14,false,NM,2024-06-30,"2024Q2",534106.0,460182.0,2536.0,0.9257614290407756,7.33,63.5819987837016,399407.0,32825.0,26.0,53,3287040.8
"57740",Pacific Valley Bank,Salinas,CA,2004-09-14,false,NM,2024-09-30,"2024Q3",551151.0,473212.0,3838.0,0.9326176443920572,7.32,63.35219617353813,409233.0,37813.0,25.0,52,3321635.2
"57740",Pacific Valley Bank,Salinas,CA,2004-09-14,false,NM,2024-12-31,"2024Q4",655767.0,579914.0,5068.0,0.8889549972671825,7.19,63.7134635771619,419652.0,38040.0,1445.0,56,3341863.5
"57740",Pacific Valley Bank,Salinas,CA,2004-09-14,false,NM,2025-03-31,"2025Q1",564080.0,479431.0,1106.0,0.7253368660168037,6.04,70.8658491267187,434201.0,34968.0,1445.0,61,3341872.5
"57740",Pacific Valley Bank,Salinas,CA,2004-09-14,false,NM,2025-06-30,"2025Q2",572611.0,491060.0,2194.0,0.7344105133844141,5.95,71.448225259103,438195.0,38819.0,2318.0,63,3377264.0
"57740",Pacific Valley Bank,Salinas,CA,2004-09-14,false,NM,2025-09-30,"2025Q3",596586.0,515735.0,3311.0,0.7391335278881427,5.94,71.52807219429471,449285.0,46753.0,2506.0,61,3414490.5
"57740",Pacific Valley Bank,Salinas,CA,2004-09-14,false,NM,2025-12-31,"2025Q4",710327.0,629993.0,4246.0,0.6849776938611093,5.67,72.21147079521464,453475.0,52012.0,1338.0,60,3421992.5
"57873",Commonwealth Business Bank,Los Angeles,CA,2005-03-03,false,SM,2022-03-31,"2022Q1",1791755.0,1534063.0,8581.0,1.9063990502440349,18.25,49.62966413565007,1224565.0,143311.0,7545.0,208,3162422.5
"57873",Commonwealth Business Bank,Los Angeles,CA,2005-03-03,false,SM,2022-06-30,"2022Q2",1777518.0,1516609.0,15234.0,1.699450937752803,15.98,48.91286424348072,1266658.0,128765.0,6586.0,199,3146316.0
"57873",Commonwealth Business Bank,Los Angeles,CA,2005-03-03,false,SM,2022-09-30,"2022Q3",1800088.0,1534983.0,21140.0,1.5705699118663694,14.59,50.687057092124846,1320765.0,121414.0,4809.0,190,3145009.5
"57873",Commonwealth Business Bank,Los Angeles,CA,2005-03-03,false,SM,2022-12-31,"2022Q4",1812448.0,1538950.0,28659.0,1.5937641495992816,14.6,50.60093851752537,1385555.0,123888.0,6196.0,179,3135097.5
"57873",Commonwealth Business Bank,Los Angeles,CA,2005-03-03,false,SM,2023-03-31,"2023Q1",1821120.0,1538020.0,7244.0,1.5949061638587745,13.66,50.024836081859725,1352105.0,113461.0,1014.0,170,3152233.8
"57873",Commonwealth Business Bank,Los Angeles,CA,2005-03-03,false,SM,2023-06-30,"2023Q2",1819604.0,1522963.0,15490.0,1.70432915007999,14.37,48.12192487699508,1305639.0,109600.0,1035.0,165,3191508.0
"57873",Commonwealth Business Bank,Los Angeles,CA,2005-03-03,false,SM,2023-09-30,"2023Q3",1859299.0,1549752.0,22302.0,1.6265504013622751,13.59,49.109319025730784,1307772.0,112194.0,524.0,172,3223877.8
"57873",Commonwealth Business Bank,Los Angeles,CA,2005-03-03,false,SM,2023-12-31,"2023Q4",1760375.0,1453916.0,29453.0,1.6231400819544388,13.26,48.93033803062585,1319472.0,102161.0,526.0,169,3248446.5
"57873",Commonwealth Business Bank,Los Angeles,CA,2005-03-03,false,SM,2024-03-31,"2024Q1",1673223.0,1361172.0,5828.0,1.3578759074300486,9.8,53.54129239479558,1294010.0,97925.0,474.0,168,3277174.5
"57873",Commonwealth Business Bank,Los Angeles,CA,2005-03-03,false,SM,2024-06-30,"2024Q2",1654826.0,1341449.0,11471.0,1.3525995475219832,9.56,53.98414106687368,1335743.0,101113.0,432.0,172,3287040.8
"57873",Commonwealth Business Bank,Los Angeles,CA,2005-03-03,false,SM,2024-09-30,"2024Q3",1770480.0,1448547.0,17203.0,1.337634111805618,9.46,54.44010416666667,1314770.0,105576.0,424.0,178,3321635.2
"57873",Commonwealth Business Bank,Los Angeles,CA,2005-03-03,false,SM,2024-12-31,"2024Q4",1815551.0,1481403.0,23063.0,1.329363055085305,9.43,54.44999860370297,1327090.0,110365.0,378.0,168,3341863.5
"57873",Commonwealth Business Bank,Los Angeles,CA,2005-03-03,false,SM,2025-03-31,"2025Q1",1814029.0,1477925.0,4614.0,1.016977170912337,7.21,59.11801168900171,1344433.0,102696.0,3214.0,166,3341872.5
"57873",Commonwealth Business Bank,Los Angeles,CA,2005-03-03,false,SM,2025-06-30,"2025Q2",1814740.0,1525477.0,9186.0,1.0123578334851735,7.13,58.8646236937889,1360599.0,97976.0,3306.0,163,3377264.0
"57873",Commonwealth Business Bank,Los Angeles,CA,2005-03-03,false,SM,2025-09-30,"2025Q3",1962373.0,1666738.0,13885.0,0.999791431884648,7.13,59.35061666247169,1355580.0,88505.0,3297.0,171,3414490.5
"57873",Commonwealth Business Bank,Los Angeles,CA,2005-03-03,false,SM,2025-12-31,"2025Q4",2006978.0,1707699.0,18530.0,0.9842069050426768,7.09,60.03269486719519,1357952.0,100714.0,3738.0,174,3421992.5
"57903",Poppy Bank,Santa Rosa,CA,2005-01-28,false,NM,2022-03-31,"2022Q1",4283898.0,3693746.0,26269.0,2.519133666010048,29.45,35.926827618854404,2363670.0,266355.0,0.0,179,3162422.5
"57903",Poppy Bank,Santa Rosa,CA,2005-01-28,false,NM,2022-06-30,"2022Q2",4507173.0,3619980.0,40662.0,1.898702554810705,21.66,34.86522978446767,2535054.0,210225.0,0.0,185,3146316.0
"57903",Poppy Bank,Santa Rosa,CA,2005-01-28,false,NM,2022-09-30,"2022Q3",4899972.0,3600102.0,57464.0,1.7266351801172974,19.82,34.32335958005249,2852736.0,165376.0,0.0,184,3145009.5
"57903",Poppy Bank,Santa Rosa,CA,2005-01-28,false,NM,2022-12-31,"2022Q4",5315215.0,4063140.0,72877.0,1.5798457835349622,18.09,34.60071994459623,3326731.0,151053.0,0.0,182,3135097.5
"57903",Poppy Bank,Santa Rosa,CA,2005-01-28,false,NM,2023-03-31,"2023Q1",5922774.0,4448716.0,14302.0,1.0181180992435568,11.94,41.63351016799293,3588426.0,140349.0,0.0,197,3152233.8
"57903",Poppy Bank,Santa Rosa,CA,2005-01-28,false,NM,2023-06-30,"2023Q2",5678359.0,4382104.0,28272.0,1.0027696285273866,11.61,42.98473102472714,3631394.0,134398.0,0.0,206,3191508.0
"57903",Poppy Bank,Santa Rosa,CA,2005-01-28,false,NM,2023-09-30,"2023Q3",5736971.0,4438660.0,41754.0,0.9830013553422348,11.26,43.6829440905874,3669736.0,127994.0,0.0,208,3223877.8
"57903",Poppy Bank,Santa Rosa,CA,2005-01-28,false,NM,2023-12-31,"2023Q4",5898431.0,4313068.0,54630.0,0.9566839160471776,10.87,43.76627533132574,3692606.0,132510.0,0.0,204,3248446.5
"57903",Poppy Bank,Santa Rosa,CA,2005-01-28,false,NM,2024-03-31,"2024Q1",5932232.0,4469254.0,11971.0,0.8094897132984009,8.86,51.011070110701105,3724947.0,123135.0,0.0,224,3277174.5
"57903",Poppy Bank,Santa Rosa,CA,2005-01-28,false,NM,2024-06-30,"2024Q2",6289594.0,4817328.0,23102.0,0.7649560378751802,8.45,52.133613408346434,4139700.0,125340.0,0.0,227,3287040.8
"57903",Poppy Bank,Santa Rosa,CA,2005-01-28,false,NM,2024-09-30,"2024Q3",6523031.0,5198620.0,36842.0,0.797319555734608,8.83,52.49127932118044,4547196.0,121128.0,0.0,233,3321635.2
"57903",Poppy Bank,Santa Rosa,CA,2005-01-28,false,NM,2024-12-31,"2024Q4",6937842.0,5749439.0,49895.0,0.7899495679856927,8.83,52.553442531926706,4779517.0,125866.0,0.0,240,3341863.5
"57903",Poppy Bank,Santa Rosa,CA,2005-01-28,false,NM,2025-03-31,"2025Q1",6791228.0,5669983.0,16666.0,0.971136428031906,10.93,52.45386192754614,4874207.0,137198.0,0.0,244,3341872.5
"57903",Poppy Bank,Santa Rosa,CA,2005-01-28,false,NM,2025-06-30,"2025Q2",7030083.0,5412496.0,35208.0,1.0176137725850374,11.35,51.325877763329,5124997.0,142366.0,0.0,251,3377264.0
"57903",Poppy Bank,Santa Rosa,CA,2005-01-28,false,NM,2025-09-30,"2025Q3",7317090.0,5736276.0,55236.0,1.0492309644135789,11.68,48.66704935321523,5213541.0,138761.0,0.0,271,3414490.5
"57903",Poppy Bank,Santa Rosa,CA,2005-01-28,false,NM,2025-12-31,"2025Q4",7585280.0,5908014.0,76763.0,1.0762720369514225,11.97,46.53571882733863,5339490.0,138680.0,0.0,272,3421992.5
"57944",Open Bank,Los Angeles,CA,2005-06-10,false,NM,2022-03-31,"2022Q1",1863759.0,1674199.0,8293.0,1.8478642634181424,20.33,43.65053738641082,1308090.0,205457.0,1106.0,199,3162422.5
"57944",Open Bank,Los Angeles,CA,2005-06-10,false,NM,2022-06-30,"2022Q2",1934090.0,1743504.0,16943.0,1.8401646369730489,20.6,44.819084283149856,1408503.0,142932.0,538.0,205,3146316.0
"57944",Open Bank,Los Angeles,CA,2005-06-10,false,NM,2022-09-30,"2022Q3",2029433.0,1818497.0,25788.0,1.8206997192152852,20.79,45.82302542384726,1501052.0,151608.0,2000.0,218,3145009.5
"57944",Open Bank,Los Angeles,CA,2005-06-10,false,NM,2022-12-31,"2022Q4",2094205.0,1887329.0,33985.0,1.7612394648236662,20.31,46.2842640663009,1591258.0,129270.0,2099.0,221,3135097.5
"57944",Open Bank,Los Angeles,CA,2005-06-10,false,NM,2023-03-31,"2023Q1",2170441.0,1908666.0,7701.0,1.444621663791086,17.38,52.728833468871414,1567115.0,131503.0,1400.0,222,3152233.8
"57944",Open Bank,Los Angeles,CA,2005-06-10,false,NM,2023-06-30,"2023Q2",2151495.0,1861501.0,13969.0,1.3062992225389063,15.63,55.105122546172616,1589069.0,125966.0,1162.0,224,3191508.0
"57944",Open Bank,Los Angeles,CA,2005-06-10,false,NM,2023-09-30,"2023Q3",2142459.0,1826854.0,19259.0,1.2001039749491738,14.29,55.52296080172523,1619892.0,139507.0,126.0,231,3223877.8
"57944",Open Bank,Los Angeles,CA,2005-06-10,false,NM,2023-12-31,"2023Q4",2147667.0,1809210.0,24615.0,1.1495603462906352,13.53,56.48031876358367,1628416.0,137650.0,1574.0,222,3248446.5
"57944",Open Bank,Los Angeles,CA,2005-06-10,false,NM,2024-03-31,"2024Q1",2234400.0,1896319.0,5379.0,0.982002329037872,11.19,60.91215182124273,1653159.0,166003.0,1900.0,228,3277174.5
"57944",Open Bank,Los Angeles,CA,2005-06-10,false,NM,2024-06-30,"2024Q2",2290468.0,1940981.0,11007.0,0.9897587648472432,11.39,59.65043882679469,1666083.0,209011.0,1497.0,224,3287040.8
"57944",Open Bank,Los Angeles,CA,2005-06-10,false,NM,2024-09-30,"2024Q3",2387601.0,2066214.0,16626.0,0.9786804877984172,11.34,59.9145397851946,1702779.0,235874.0,514.0,230,3321635.2
"57944",Open Bank,Los Angeles,CA,2005-06-10,false,NM,2024-12-31,"2024Q4",2365822.0,2028748.0,21799.0,0.9539243886595766,11.07,59.9186040844178,1726691.0,234348.0,394.0,231,3341863.5
"57944",Open Bank,Los Angeles,CA,2005-06-10,false,NM,2025-03-31,"2025Q1",2512826.0,2191167.0,5745.0,0.942064276824235,11.16,61.094581191957445,1825683.0,127162.0,51.0,240,3341872.5
"57944",Open Bank,Los Angeles,CA,2005-06-10,false,NM,2025-06-30,"2025Q2",2563547.0,2256971.0,12304.0,0.991965408055016,11.84,59.480145663882766,1877800.0,128123.0,110.0,237,3377264.0
"57944",Open Bank,Los Angeles,CA,2005-06-10,false,NM,2025-09-30,"2025Q3",2614517.0,2275653.0,19174.0,1.016821171770654,12.13,57.85490753911806,1922064.0,130978.0,139.0,250,3414490.5
"57944",Open Bank,Los Angeles,CA,2005-06-10,false,NM,2025-12-31,"2025Q4",2650892.0,2281519.0,26687.0,1.050040589870443,12.18,57.72065413367354,1960905.0,132545.0,1657.0,249,3421992.5
"57974","California International Bank, N.A.",Westminster,CA,2005-11-30,false,N,2022-03-31,"2022Q1",81691.0,69612.0,-44.0,-0.2051007149391398,-1.54,105.64102564102564,25897.0,19386.0,0.0,17,3162422.5
"57974","California International Bank, N.A.",Westminster,CA,2005-11-30,false,N,2022-06-30,"2022Q2",76048.0,63994.0,-59.0,-0.1429315503228072,-1.03,103.38192419825072,21234.0,16984.0,0.0,18,3146316.0
"57974","California International Bank, N.A.",Westminster,CA,2005-11-30,false,N,2022-09-30,"2022Q3",60340.0,48403.0,-191.0,-0.3307158510572674,-2.23,107.60608486789432,25103.0,13647.0,0.0,17,3145009.5
"57974","California International Bank, N.A.",Westminster,CA,2005-11-30,false,N,2022-12-31,"2022Q4",55256.0,43229.0,-207.0,-0.2849144018036321,-1.82,106.14192009540848,28258.0,13571.0,0.0,16,3135097.5
"57974","California International Bank, N.A.",Westminster,CA,2005-11-30,false,N,2023-03-31,"2023Q1",64038.0,52142.0,-7.0,-0.0469428470836756,-0.25,100.73917634635691,28467.0,12419.0,0.0,17,3152233.8
"57974","California International Bank, N.A.",Westminster,CA,2005-11-30,false,N,2023-06-30,"2023Q2",63034.0,51119.0,25.0,0.0822693168355929,0.44,99.84840828701364,27791.0,13095.0,0.0,17,3191508.0
"57974","California International Bank, N.A.",Westminster,CA,2005-11-30,false,N,2023-09-30,"2023Q3",60250.0,47943.0,98.0,0.2154579557915392,1.16,97.6966107272129,28415.0,11148.0,0.0,17,3223877.8
"57974","California International Bank, N.A.",Westminster,CA,2005-11-30,false,N,2023-12-31,"2023Q4",56042.0,43810.0,117.0,0.1959011452682338,1.03,97.78386454183268,29507.0,12680.0,0.0,17,3248446.5
"57974","California International Bank, N.A.",Westminster,CA,2005-11-30,false,N,2024-03-31,"2024Q1",54500.0,42353.0,7.0,0.0506594778455247,0.25,99.27685950413225,31542.0,12223.0,0.0,17,3277174.5
"57974","California International Bank, N.A.",Westminster,CA,2005-11-30,false,N,2024-06-30,"2024Q2",57758.0,45627.0,1.0,0.0035650623885918,0.02,99.94887525562372,32276.0,9524.0,0.0,17,3287040.8
"57974","California International Bank, N.A.",Westminster,CA,2005-11-30,false,N,2024-09-30,"2024Q3",58269.0,46248.0,6.0,0.0141233796326946,0.07,99.76510067114094,33220.0,8390.0,0.0,17,3321635.2
"57974","California International Bank, N.A.",Westminster,CA,2005-11-30,false,N,2024-12-31,"2024Q4",58565.0,46512.0,12.0,0.0210427378004727,0.11,99.67653645185368,38659.0,9016.0,0.0,17,3341863.5
"57974","California International Bank, N.A.",Westminster,CA,2005-11-30,false,N,2025-03-31,"2025Q1",62655.0,50635.0,68.0,0.4487708298960567,2.38,94.2664418212479,44250.0,7471.0,0.0,18,3341872.5
"57974","California International Bank, N.A.",Westminster,CA,2005-11-30,false,N,2025-06-30,"2025Q2",74995.0,62775.0,300.0,0.9173610580230868,5.21,87.42164646886754,52841.0,7698.0,0.0,17,3377264.0
"57974","California International Bank, N.A.",Westminster,CA,2005-11-30,false,N,2025-09-30,"2025Q3",89481.0,76946.0,560.0,1.0453741039426525,6.42,84.81321061180293,54506.0,6266.0,0.0,17,3414490.5
"57974","California International Bank, N.A.",Westminster,CA,2005-11-30,false,N,2025-12-31,"2025Q4",90899.0,76484.0,1016.0,1.3489292210464825,8.55,81.62074554294976,60398.0,5953.0,0.0,17,3421992.5
"58037",California Business Bank,Irvine,CA,2005-11-01,false,NM,2022-03-31,"2022Q1",137442.0,116782.0,143.0,0.4416084739416258,4.39,86.5874363327674,62816.0,14256.0,3178.0,13,3162422.5
"58037",California Business Bank,Irvine,CA,2005-11-01,false,NM,2022-06-30,"2022Q2",113647.0,98702.0,437.0,0.7035148913335123,6.49,82.05229793977813,63099.0,15234.0,2775.0,14,3146316.0
"58037",California Business Bank,Irvine,CA,2005-11-01,false,NM,2022-09-30,"2022Q3",121642.0,106259.0,996.0,1.0745328537732983,9.62,74.88833746898264,56093.0,16256.0,2612.0,12,3145009.5
"58037",California Business Bank,Irvine,CA,2005-11-01,false,NM,2022-12-31,"2022Q4",114018.0,98057.0,1572.0,1.2919981589848115,11.13,71.57687488813316,54832.0,15499.0,2137.0,13,3135097.5
"58037",California Business Bank,Irvine,CA,2005-11-01,false,NM,2023-03-31,"2023Q1",108993.0,87430.0,482.0,1.7290626919748353,12.31,67.8237650200267,55738.0,16984.0,1986.0,10,3152233.8
"58037",California Business Bank,Irvine,CA,2005-11-01,false,NM,2023-06-30,"2023Q2",99583.0,82740.0,796.0,1.4804987073535156,10.06,73.08341776426883,54455.0,18645.0,1851.0,11,3191508.0
"58037",California Business Bank,Irvine,CA,2005-11-01,false,NM,2023-09-30,"2023Q3",107203.0,89962.0,947.0,1.175099035125885,7.91,78.02907915993538,53640.0,15259.0,1689.0,10,3223877.8
"58037",California Business Bank,Irvine,CA,2005-11-01,false,NM,2023-12-31,"2023Q4",100589.0,83793.0,509.0,0.4798392114422327,3.19,84.07110491460439,52517.0,24538.0,1566.0,12,3248446.5
"58037",California Business Bank,Irvine,CA,2005-11-01,false,NM,2024-03-31,"2024Q1",97598.0,80777.0,6.0,0.0242195502227694,0.15,98.705966930266,53077.0,26270.0,1430.0,13,3277174.5
"58037",California Business Bank,Irvine,CA,2005-11-01,false,NM,2024-06-30,"2024Q2",100816.0,83751.0,174.0,0.3491603763172944,2.17,93.48054679284962,52797.0,24776.0,1281.0,14,3287040.8
"58037",California Business Bank,Irvine,CA,2005-11-01,false,NM,2024-09-30,"2024Q3",106880.0,89450.0,376.0,0.4940544935363146,3.1,90.9683426443203,51939.0,26302.0,1180.0,13,3321635.2
"58037",California Business Bank,Irvine,CA,2005-11-01,false,NM,2024-12-31,"2024Q4",106560.0,85927.0,505.0,0.4927377288791143,3.11,89.51640759930916,60725.0,27310.0,1018.0,13,3341863.5
"58037",California Business Bank,Irvine,CA,2005-11-01,false,NM,2025-03-31,"2025Q1",109881.0,89009.0,188.0,0.6948775878876923,4.52,87.50830564784053,59839.0,25914.0,944.0,14,3341872.5
"58037",California Business Bank,Irvine,CA,2005-11-01,false,NM,2025-06-30,"2025Q2",115475.0,94272.0,279.0,0.5043444726979115,3.34,90.60514877967236,66016.0,23823.0,751.0,15,3377264.0
"58037",California Business Bank,Irvine,CA,2005-11-01,false,NM,2025-09-30,"2025Q3",128350.0,106971.0,398.0,0.4611710619511325,3.17,91.09329770652415,59359.0,26224.0,668.0,15,3414490.5
"58037",California Business Bank,Irvine,CA,2005-11-01,false,NM,2025-12-31,"2025Q4",122022.0,100383.0,868.0,0.7453356414695134,5.14,86.56992899042915,58577.0,31672.0,600.0,15,3421992.5
"58060",First General Bank,Rowland Heights,CA,2005-10-13,false,NM,2022-03-31,"2022Q1",1255393.0,1012072.0,6610.0,2.1135835313152502,14.36,24.5311268715524,888469.0,34406.0,0.0,65,3162422.5
"58060",First General Bank,Rowland Heights,CA,2005-10-13,false,NM,2022-06-30,"2022Q2",1252944.0,1003514.0,14359.0,2.2944688158480644,15.29,22.635664701052473,952004.0,36386.0,0.0,66,3146316.0
"58060",First General Bank,Rowland Heights,CA,2005-10-13,false,NM,2022-09-30,"2022Q3",1222636.0,962768.0,24237.0,2.5969055982410416,16.82,21.3272702714871,939620.0,34281.0,0.0,69,3145009.5
"58060",First General Bank,Rowland Heights,CA,2005-10-13,false,NM,2022-12-31,"2022Q4",1175415.0,902040.0,34717.0,2.8211867983702668,17.73,23.000739325981147,902624.0,31903.0,0.0,69,3135097.5
"58060",First General Bank,Rowland Heights,CA,2005-10-13,false,NM,2023-03-31,"2023Q1",1212874.0,880961.0,11750.0,3.93587208248248,21.7,17.08153665229322,973165.0,31150.0,0.0,70,3152233.8
"58060",First General Bank,Rowland Heights,CA,2005-10-13,false,NM,2023-06-30,"2023Q2",1170122.0,887356.0,24351.0,4.105933800227124,21.86,17.171908700907775,945896.0,27065.0,0.0,69,3191508.0
"58060",First General Bank,Rowland Heights,CA,2005-10-13,false,NM,2023-09-30,"2023Q3",1162607.0,853322.0,36127.0,4.081164621698117,21.05,17.407278370759826,899744.0,27156.0,0.0,71,3223877.8
"58060",First General Bank,Rowland Heights,CA,2005-10-13,false,NM,2023-12-31,"2023Q4",1149802.0,834083.0,45127.0,3.84333023325532,19.42,20.782505381783107,865382.0,30185.0,0.0,70,3248446.5
"58060",First General Bank,Rowland Heights,CA,2005-10-13,false,NM,2024-03-31,"2024Q1",1107423.0,828805.0,9593.0,3.3999269013944113,15.28,22.99067495559503,836414.0,28047.0,0.0,68,3277174.5
"58060",First General Bank,Rowland Heights,CA,2005-10-13,false,NM,2024-06-30,"2024Q2",1121749.0,832905.0,18581.0,3.29940390189448,14.6,23.19366639990854,815376.0,26582.0,0.0,70,3287040.8
"58060",First General Bank,Rowland Heights,CA,2005-10-13,false,NM,2024-09-30,"2024Q3",1145959.0,851871.0,28192.0,3.3227801251421845,14.54,23.464022833108007,819451.0,25877.0,0.0,67,3321635.2
"58060",First General Bank,Rowland Heights,CA,2005-10-13,false,NM,2024-12-31,"2024Q4",1152613.0,847444.0,35572.0,3.1326914832570267,13.6,26.172946441460947,812265.0,26725.0,0.0,67,3341863.5
"58060",First General Bank,Rowland Heights,CA,2005-10-13,false,NM,2025-03-31,"2025Q1",1142968.0,836150.0,7213.0,2.5136991463163354,10.41,29.963074857334675,849334.0,33465.0,0.0,69,3341872.5
"58060",First General Bank,Rowland Heights,CA,2005-10-13,false,NM,2025-06-30,"2025Q2",1136957.0,824031.0,15160.0,2.649934246904186,10.84,28.445853212208355,859995.0,39845.0,0.0,70,3377264.0
"58060",First General Bank,Rowland Heights,CA,2005-10-13,false,NM,2025-09-30,"2025Q3",1141215.0,822855.0,23038.0,2.6863335558347816,10.85,28.35727804542326,861111.0,41340.0,0.0,70,3414490.5
"58060",First General Bank,Rowland Heights,CA,2005-10-13,false,NM,2025-12-31,"2025Q4",1135513.0,806057.0,29190.0,2.5563706437920395,10.23,31.415531089990026,834405.0,36346.0,0.0,68,3421992.5
"58069",Bank of San Francisco,San Francisco,CA,2005-08-01,false,NM,2022-03-31,"2022Q1",585440.0,525100.0,1903.0,1.284846091068446,13.54,52.34485190409027,384421.0,101105.0,1018.0,47,3162422.5
"58069",Bank of San Francisco,San Francisco,CA,2005-08-01,false,NM,2022-06-30,"2022Q2",631207.0,570227.0,3634.0,1.2005973252515283,12.71,54.39526459934623,399378.0,85983.0,1018.0,49,3146316.0
"58069",Bank of San Francisco,San Francisco,CA,2005-08-01,false,NM,2022-09-30,"2022Q3",610507.0,541546.0,5718.0,1.2567048503607716,13.1,53.53281080153327,416087.0,92777.0,1018.0,46,3145009.5
"58069",Bank of San Francisco,San Francisco,CA,2005-08-01,false,NM,2022-12-31,"2022Q4",591352.0,522287.0,5862.0,0.971187443152731,9.96,51.51785335201461,433328.0,80769.0,1018.0,47,3135097.5
"58069",Bank of San Francisco,San Francisco,CA,2005-08-01,false,NM,2023-03-31,"2023Q1",605125.0,534364.0,1660.0,1.1099252221313072,10.68,56.913242009132425,437880.0,74325.0,978.0,48,3152233.8
"58069",Bank of San Francisco,San Francisco,CA,2005-08-01,false,NM,2023-06-30,"2023Q2",612399.0,539797.0,3469.0,1.1506593044520466,11.01,56.039250669045494,440178.0,69090.0,990.0,48,3191508.0
"58069",Bank of San Francisco,San Francisco,CA,2005-08-01,false,NM,2023-09-30,"2023Q3",612190.0,536448.0,5320.0,1.1719062594741323,11.1,55.50126567375051,437521.0,66158.0,973.0,46,3223877.8
"58069",Bank of San Francisco,San Francisco,CA,2005-08-01,false,NM,2023-12-31,"2023Q4",611976.0,535425.0,6930.0,1.1424174145956434,10.69,55.254910615758114,438359.0,62610.0,949.0,47,3248446.5
"58069",Bank of San Francisco,San Francisco,CA,2005-08-01,false,NM,2024-03-31,"2024Q1",613151.0,535213.0,1463.0,0.9553295291018808,8.46,63.05042613636363,439670.0,63029.0,926.0,48,3277174.5
"58069",Bank of San Francisco,San Francisco,CA,2005-08-01,false,NM,2024-06-30,"2024Q2",613546.0,533827.0,3039.0,0.9916934658854512,8.68,63.3607658716829,445259.0,64836.0,3575.0,41,3287040.8
"58069",Bank of San Francisco,San Francisco,CA,2005-08-01,false,NM,2024-09-30,"2024Q3",637101.0,555116.0,4910.0,1.0576899183851192,9.23,61.486888348202214,460655.0,57164.0,898.0,45,3321635.2
"58069",Bank of San Francisco,San Francisco,CA,2005-08-01,false,NM,2024-12-31,"2024Q4",615437.0,530735.0,6538.0,1.0575143527892468,9.1,63.63201721184111,445463.0,61227.0,1267.0,48,3341863.5
"58069",Bank of San Francisco,San Francisco,CA,2005-08-01,false,NM,2025-03-31,"2025Q1",638907.0,553531.0,1098.0,0.7002863648249603,5.78,71.26560813935563,469982.0,59512.0,844.0,52,3341872.5
"58069",Bank of San Francisco,San Francisco,CA,2005-08-01,false,NM,2025-06-30,"2025Q2",671915.0,582224.0,2732.0,0.8509759071858976,7.11,67.3270254287404,492929.0,55904.0,821.0,52,3377264.0
"58069",Bank of San Francisco,San Francisco,CA,2005-08-01,false,NM,2025-09-30,"2025Q3",698408.0,605999.0,4567.0,0.9279929377707724,7.83,64.80163249810175,523791.0,55560.0,800.0,51,3414490.5
"58069",Bank of San Francisco,San Francisco,CA,2005-08-01,false,NM,2025-12-31,"2025Q4",733054.0,637565.0,6778.0,1.0093155446804545,8.6,63.59898045879354,563837.0,57584.0,264.0,54,3421992.5
"58090",FFB Bank,Fresno,CA,2005-12-23,false,NM,2022-03-31,"2022Q1",1101651.0,963768.0,6125.0,2.2466748066598776,19.74,41.12162635821942,466306.0,174958.0,3.0,86,3162422.5
"58090",FFB Bank,Fresno,CA,2005-12-23,false,NM,2022-06-30,"2022Q2",1143307.0,1005573.0,12670.0,2.2867917172536356,20.71,39.38042388410607,510197.0,154932.0,10.0,94,3146316.0
"58090",FFB Bank,Fresno,CA,2005-12-23,false,NM,2022-09-30,"2022Q3",1187273.0,1046276.0,19917.0,2.354415101934333,21.86,39.87547136718408,559648.0,163313.0,5.0,99,3145009.5
"58090",FFB Bank,Fresno,CA,2005-12-23,false,NM,2022-12-31,"2022Q4",1293158.0,1084976.0,27872.0,2.4007970039652085,22.74,39.32188463232056,620747.0,178497.0,16.0,103,3135097.5
"58090",FFB Bank,Fresno,CA,2005-12-23,false,NM,2023-03-31,"2023Q1",1277024.0,1103076.0,8052.0,2.506281656318502,24.51,41.25082852002651,636095.0,165110.0,6.0,107,3152233.8
"58090",FFB Bank,Fresno,CA,2005-12-23,false,NM,2023-06-30,"2023Q2",1302352.0,1081894.0,17895.0,2.772603158551997,26.34,41.36184941457995,633575.0,179299.0,4.0,119,3191508.0
"58090",FFB Bank,Fresno,CA,2005-12-23,false,NM,2023-09-30,"2023Q3",1307118.0,1134874.0,27067.0,2.7869386669220253,25.95,42.23832412655141,667555.0,174195.0,4.0,127,3223877.8
"58090",FFB Bank,Fresno,CA,2005-12-23,false,NM,2023-12-31,"2023Q4",1362433.0,1147121.0,34980.0,2.673459608060733,24.2,43.23330768573138,689092.0,184135.0,4.0,139,3248446.5
"58090",FFB Bank,Fresno,CA,2005-12-23,false,NM,2024-03-31,"2024Q1",1393059.0,1202451.0,8139.0,2.3629899850915916,19.06,51.83458093017548,678678.0,195891.0,4.0,147,3277174.5
"58090",FFB Bank,Fresno,CA,2005-12-23,false,NM,2024-06-30,"2024Q2",1441532.0,1169967.0,16592.0,2.371966421921819,18.89,51.67458384894814,705308.0,200009.0,6.0,157,3287040.8
"58090",FFB Bank,Fresno,CA,2005-12-23,false,NM,2024-09-30,"2024Q3",1509902.0,1289137.0,25515.0,2.384411467749888,18.78,50.79655571940173,720979.0,201445.0,6.0,163,3321635.2
"58090",FFB Bank,Fresno,CA,2005-12-23,false,NM,2024-12-31,"2024Q4",1504131.0,1285715.0,35600.0,2.468431465733803,19.19,49.27529340155593,767147.0,218106.0,13.0,168,3341863.5
"58090",FFB Bank,Fresno,CA,2005-12-23,false,NM,2025-03-31,"2025Q1",1557746.0,1321719.0,8474.0,2.2140667309627395,16.45,56.65491253543525,789444.0,219902.0,12.0,173,3341872.5
"58090",FFB Bank,Fresno,CA,2005-12-23,false,NM,2025-06-30,"2025Q2",1480760.0,1240627.0,14885.0,1.9660386687291984,14.49,56.30430585055029,771215.0,238893.0,9.0,181,3377264.0
"58090",FFB Bank,Fresno,CA,2005-12-23,false,NM,2025-09-30,"2025Q3",1508283.0,1259514.0,21490.0,1.8940998724160951,13.78,57.197058641784594,833992.0,227592.0,6.0,180,3414490.5
"58090",FFB Bank,Fresno,CA,2005-12-23,false,NM,2025-12-31,"2025Q4",1579389.0,1344127.0,25128.0,1.646591245518366,11.94,58.131349263127774,868434.0,250636.0,6.0,189,3421992.5
"58218",First Pacific Bank,Whittier,CA,2006-09-18,false,SM,2022-03-31,"2022Q1",281850.0,258503.0,-130.0,-0.1809365904239309,-2.7,108.84173297966402,89311.0,10390.0,64.0,44,3162422.5
"58218",First Pacific Bank,Whittier,CA,2006-09-18,false,SM,2022-06-30,"2022Q2",306321.0,258870.0,-582.0,-0.3963191799416189,-6.09,119.5930498399634,121524.0,17129.0,53.0,50,3146316.0
"58218",First Pacific Bank,Whittier,CA,2006-09-18,false,SM,2022-09-30,"2022Q3",329080.0,266590.0,-736.0,-0.3243492085527207,-4.57,115.4696132596685,148765.0,28235.0,62.0,52,3145009.5
"58218",First Pacific Bank,Whittier,CA,2006-09-18,false,SM,2022-12-31,"2022Q4",366646.0,266191.0,-946.0,-0.2999681640553159,-4.02,111.87314172447968,174226.0,30890.0,53.0,54,3135097.5
"58218",First Pacific Bank,Whittier,CA,2006-09-18,false,SM,2023-03-31,"2023Q1",392736.0,306187.0,-280.0,-0.2949767047414872,-3.54,98.09640773718144,209499.0,36334.0,50.0,55,3152233.8
"58218",First Pacific Bank,Whittier,CA,2006-09-18,false,SM,2023-06-30,"2023Q2",415557.0,320252.0,-241.0,-0.123070218964559,-1.47,96.11899728178798,217564.0,51722.0,47.0,57,3191508.0
"58218",First Pacific Bank,Whittier,CA,2006-09-18,false,SM,2023-09-30,"2023Q3",422155.0,332986.0,-164.0,-0.0547647665071686,-0.65,94.98263218834428,218006.0,55374.0,570.0,44,3223877.8
"58218",First Pacific Bank,Whittier,CA,2006-09-18,false,SM,2023-12-31,"2023Q4",420113.0,333971.0,-70.0,-0.0173507230542031,-0.2,94.79432107753914,220393.0,53939.0,866.0,45,3248446.5
"58218",First Pacific Bank,Whittier,CA,2006-09-18,false,SM,2024-03-31,"2024Q1",440960.0,350147.0,176.0,0.1635169143615001,1.92,93.20987654320987,218843.0,54786.0,1124.0,46,3277174.5
"58218",First Pacific Bank,Whittier,CA,2006-09-18,false,SM,2024-06-30,"2024Q2",430325.0,354228.0,376.0,0.1746944009515269,2.04,92.99052774018944,214685.0,53505.0,942.0,44,3287040.8
"58218",First Pacific Bank,Whittier,CA,2006-09-18,false,SM,2024-09-30,"2024Q3",433639.0,342418.0,630.0,0.1947735613786834,2.26,92.1510318103992,209832.0,57342.0,69.0,44,3321635.2
"58218",First Pacific Bank,Whittier,CA,2006-09-18,false,SM,2024-12-31,"2024Q4",432854.0,351309.0,1140.0,0.264146798888359,3.05,89.32723973385308,210535.0,62323.0,93.0,49,3341863.5
"58218",First Pacific Bank,Whittier,CA,2006-09-18,false,SM,2025-03-31,"2025Q1",456121.0,390153.0,395.0,0.355465564273461,4.08,85.15834675254965,224534.0,64957.0,63.0,46,3341872.5
"58218",First Pacific Bank,Whittier,CA,2006-09-18,false,SM,2025-06-30,"2025Q2",477552.0,378181.0,855.0,0.3754042181383902,4.38,84.50685995340409,245490.0,62021.0,38.0,47,3377264.0
"58218",First Pacific Bank,Whittier,CA,2006-09-18,false,SM,2025-09-30,"2025Q3",485808.0,390104.0,1475.0,0.4246785813581236,4.99,82.74221814236836,246460.0,68931.0,35.0,46,3414490.5
"58218",First Pacific Bank,Whittier,CA,2006-09-18,false,SM,2025-12-31,"2025Q4",489137.0,406223.0,2051.0,0.4379723524347077,5.07,82.7795487984306,249433.0,66024.0,22.0,48,3421992.5
"58234",Pacific Alliance Bank,San Gabriel,CA,2006-12-27,false,NM,2022-03-31,"2022Q1",359395.0,303203.0,1275.0,1.394036802571588,11.34,48.63138686131387,239967.0,41970.0,0.0,31,3162422.5
"58234",Pacific Alliance Bank,San Gabriel,CA,2006-12-27,false,NM,2022-06-30,"2022Q2",348240.0,286054.0,2575.0,1.4306509322843746,11.42,46.48100499470259,225198.0,43533.0,0.0,32,3146316.0
"58234",Pacific Alliance Bank,San Gabriel,CA,2006-12-27,false,NM,2022-09-30,"2022Q3",358975.0,283205.0,3911.0,1.4495866086873124,11.49,46.288425422556095,250529.0,49131.0,0.0,32,3145009.5
"58234",Pacific Alliance Bank,San Gabriel,CA,2006-12-27,false,NM,2022-12-31,"2022Q4",390790.0,312552.0,5132.0,1.40242106189399,11.19,45.581189651359914,254658.0,50708.0,0.0,34,3135097.5
"58234",Pacific Alliance Bank,San Gabriel,CA,2006-12-27,false,NM,2023-03-31,"2023Q1",401611.0,323063.0,1050.0,1.0600693335823654,8.7,54.77784540474742,263555.0,53164.0,0.0,37,3152233.8
"58234",Pacific Alliance Bank,San Gabriel,CA,2006-12-27,false,NM,2023-06-30,"2023Q2",390676.0,309518.0,1922.0,0.9747463605496516,7.9,57.34080647672427,236910.0,49776.0,0.0,36,3191508.0
"58234",Pacific Alliance Bank,San Gabriel,CA,2006-12-27,false,NM,2023-09-30,"2023Q3",384989.0,301589.0,2678.0,0.9108232434093972,7.28,59.219668626402985,236992.0,51624.0,0.0,35,3223877.8
"58234",Pacific Alliance Bank,San Gabriel,CA,2006-12-27,false,NM,2023-12-31,"2023Q4",394118.0,300689.0,3534.0,0.9005271676866187,7.12,58.75317440812648,235156.0,61837.0,0.0,31,3248446.5
"58234",Pacific Alliance Bank,San Gabriel,CA,2006-12-27,false,NM,2024-03-31,"2024Q1",381783.0,299108.0,607.0,0.6258530405296553,4.66,66.06512357787368,236723.0,55690.0,0.0,30,3277174.5
"58234",Pacific Alliance Bank,San Gabriel,CA,2006-12-27,false,NM,2024-06-30,"2024Q2",380995.0,296508.0,1239.0,0.6425815285038586,4.73,65.14195583596214,235635.0,61677.0,0.0,31,3287040.8
"58234",Pacific Alliance Bank,San Gabriel,CA,2006-12-27,false,NM,2024-09-30,"2024Q3",394425.0,307878.0,1507.0,0.5180831304417332,3.81,65.88282184137107,233511.0,60094.0,0.0,29,3321635.2
"58234",Pacific Alliance Bank,San Gabriel,CA,2006-12-27,false,NM,2024-12-31,"2024Q4",411721.0,327724.0,1434.0,0.3652494444846315,2.71,68.00282002215732,244732.0,57214.0,0.0,33,3341863.5
"58234",Pacific Alliance Bank,San Gabriel,CA,2006-12-27,false,NM,2025-03-31,"2025Q1",426320.0,344378.0,502.0,0.4792128308758163,3.74,72.16174183514774,266941.0,49259.0,0.0,31,3341872.5
"58234",Pacific Alliance Bank,San Gabriel,CA,2006-12-27,false,NM,2025-06-30,"2025Q2",428623.0,348048.0,1801.0,0.8531070591727563,6.64,59.74653993663498,298674.0,49009.0,0.0,31,3377264.0
"58234",Pacific Alliance Bank,San Gabriel,CA,2006-12-27,false,NM,2025-09-30,"2025Q3",442363.0,358768.0,2740.0,0.8550460583712252,6.66,59.37161430119177,290759.0,36378.0,0.0,33,3414490.5
"58234",Pacific Alliance Bank,San Gabriel,CA,2006-12-27,false,NM,2025-12-31,"2025Q4",440122.0,358911.0,2295.0,0.5339322680744797,4.16,78.90505667658172,310334.0,33865.0,0.0,32,3421992.5
"58276",River Valley Community Bank,Yuba City,CA,2006-06-26,false,NM,2022-03-31,"2022Q1",574449.0,530538.0,1241.0,0.8448621099597227,11.01,58.486017357762776,224892.0,20455.0,12.0,52,3162422.5
"58276",River Valley Community Bank,Yuba City,CA,2006-06-26,false,NM,2022-06-30,"2022Q2",581664.0,542614.0,2736.0,0.9344437822431776,12.95,55.842327545753164,231724.0,18976.0,11.0,55,3146316.0
"58276",River Valley Community Bank,Yuba City,CA,2006-06-26,false,NM,2022-09-30,"2022Q3",645814.0,610641.0,4684.0,1.0397447078787354,15.65,52.787392296929085,234496.0,19112.0,6.0,53,3145009.5
"58276",River Valley Community Bank,Yuba City,CA,2006-06-26,false,NM,2022-12-31,"2022Q4",629876.0,592061.0,7114.0,1.1729762367611478,18.23,49.33367902514908,237602.0,18832.0,10.0,54,3135097.5
"58276",River Valley Community Bank,Yuba City,CA,2006-06-26,false,NM,2023-03-31,"2023Q1",583012.0,539627.0,1996.0,1.3165271649154744,21.24,49.85315712187959,248363.0,19980.0,17.0,55,3152233.8
"58276",River Valley Community Bank,Yuba City,CA,2006-06-26,false,NM,2023-06-30,"2023Q2",579558.0,535069.0,3475.0,1.1632149587770009,18.12,51.3676936366254,255462.0,20196.0,10.0,58,3191508.0
"58276",River Valley Community Bank,Yuba City,CA,2006-06-26,false,NM,2023-09-30,"2023Q3",587907.0,543812.0,4817.0,1.079252715878695,16.69,53.96355502927439,259537.0,22834.0,8.0,62,3223877.8
"58276",River Valley Community Bank,Yuba City,CA,2006-06-26,false,NM,2023-12-31,"2023Q4",581204.0,532631.0,6151.0,1.0384740189028947,15.46,55.20765492710786,269770.0,22789.0,33.0,62,3248446.5
"58276",River Valley Community Bank,Yuba City,CA,2006-06-26,false,NM,2024-03-31,"2024Q1",598142.0,508578.0,1092.0,0.7407495340637946,9.59,67.5338871884565,270516.0,22947.0,40.0,61,3277174.5
"58276",River Valley Community Bank,Yuba City,CA,2006-06-26,false,NM,2024-06-30,"2024Q2",612708.0,521567.0,2133.0,0.7141525869198138,9.27,67.72626931567329,273595.0,23739.0,32.0,66,3287040.8
"58276",River Valley Community Bank,Yuba City,CA,2006-06-26,false,NM,2024-09-30,"2024Q3",594663.0,539003.0,3302.0,0.7378430873874029,9.28,66.97996357012751,291541.0,30922.0,29.0,63,3321635.2
"58276",River Valley Community Bank,Yuba City,CA,2006-06-26,false,NM,2024-12-31,"2024Q4",602580.0,548371.0,4628.0,0.7740950464273038,9.63,65.78014184397163,319369.0,31261.0,28.0,67,3341863.5
"58276",River Valley Community Bank,Yuba City,CA,2006-06-26,false,NM,2025-03-31,"2025Q1",635192.0,578529.0,1275.0,0.8240612972340624,9.81,63.930200277612535,321543.0,29616.0,5.0,66,3341872.5
"58276",River Valley Community Bank,Yuba City,CA,2006-06-26,false,NM,2025-06-30,"2025Q2",608935.0,549847.0,2411.0,0.7833402916651099,9.08,65.43901001767826,325317.0,35309.0,106.0,68,3377264.0
"58276",River Valley Community Bank,Yuba City,CA,2006-06-26,false,NM,2025-09-30,"2025Q3",679392.0,618128.0,3590.0,0.7579349819623062,8.83,66.74180459844142,335165.0,36443.0,53.0,75,3414490.5
"58276",River Valley Community Bank,Yuba City,CA,2006-06-26,false,NM,2025-12-31,"2025Q4",760191.0,666188.0,4753.0,0.7231558992054871,8.61,67.51154244794121,356467.0,39238.0,23.0,77,3421992.5
"58278",Golden Valley Bank,Chico,CA,2006-04-24,false,NM,2022-03-31,"2022Q1",485312.0,448069.0,1201.0,1.0018884471041898,13.04,58.237171617972,194688.0,29526.0,2019.0,58,3162422.5
"58278",Golden Valley Bank,Chico,CA,2006-04-24,false,NM,2022-06-30,"2022Q2",487156.0,454286.0,2343.0,0.9721016910475784,13.41,59.803326453805994,200380.0,26605.0,1662.0,62,3146316.0
"58278",Golden Valley Bank,Chico,CA,2006-04-24,false,NM,2022-09-30,"2022Q3",503984.0,473896.0,3614.0,0.9883543498917252,14.53,59.52626158599382,204486.0,27910.0,576.0,63,3145009.5
"58278",Golden Valley Bank,Chico,CA,2006-04-24,false,NM,2022-12-31,"2022Q4",478089.0,446068.0,4844.0,0.997439274397933,14.89,60.00233494833927,206549.0,29352.0,528.0,63,3135097.5
"58278",Golden Valley Bank,Chico,CA,2006-04-24,false,NM,2023-03-31,"2023Q1",475795.0,439187.0,1071.0,0.8982224253682838,13.45,63.64731390026501,205158.0,30511.0,816.0,65,3152233.8
"58278",Golden Valley Bank,Chico,CA,2006-04-24,false,NM,2023-06-30,"2023Q2",487328.0,449990.0,2021.0,0.8413751758936229,12.34,64.78212566349833,201861.0,31199.0,515.0,64,3191508.0
"58278",Golden Valley Bank,Chico,CA,2006-04-24,false,NM,2023-09-30,"2023Q3",507745.0,470806.0,3087.0,0.8447384113656689,12.46,64.27634813964924,200369.0,32504.0,501.0,63,3223877.8
"58278",Golden Valley Bank,Chico,CA,2006-04-24,false,NM,2023-12-31,"2023Q4",488561.0,447980.0,4071.0,0.8350707564005682,12.0,64.65633837452354,203002.0,31211.0,522.0,62,3248446.5
"58278",Golden Valley Bank,Chico,CA,2006-04-24,false,NM,2024-03-31,"2024Q1",486133.0,445058.0,847.0,0.6951925424799988,8.94,71.27631920977386,201019.0,29634.0,511.0,61,3277174.5
"58278",Golden Valley Bank,Chico,CA,2006-04-24,false,NM,2024-06-30,"2024Q2",492322.0,450463.0,1724.0,0.7051047841332337,8.98,69.87485485743775,200274.0,32412.0,85.0,62,3287040.8
"58278",Golden Valley Bank,Chico,CA,2006-04-24,false,NM,2024-09-30,"2024Q3",499630.0,454554.0,2701.0,0.7324639614856969,9.15,68.78836290254772,201340.0,35292.0,76.0,60,3321635.2
"58278",Golden Valley Bank,Chico,CA,2006-04-24,false,NM,2024-12-31,"2024Q4",536288.0,491921.0,3634.0,0.7259480273950492,9.13,68.86546807191569,208121.0,34154.0,219.0,58,3341863.5
"58278",Golden Valley Bank,Chico,CA,2006-04-24,false,NM,2025-03-31,"2025Q1",574592.0,528675.0,987.0,0.7107878438715253,9.29,67.90579542830754,206494.0,33858.0,212.0,61,3341872.5
"58278",Golden Valley Bank,Chico,CA,2006-04-24,false,NM,2025-06-30,"2025Q2",579923.0,535048.0,2317.0,0.822212877549898,10.92,63.106691168522325,219354.0,28964.0,53.0,60,3377264.0
"58278",Golden Valley Bank,Chico,CA,2006-04-24,false,NM,2025-09-30,"2025Q3",575330.0,527721.0,3698.0,0.8703007987615906,11.46,62.23766504517025,228492.0,31017.0,46.0,63,3414490.5
"58278",Golden Valley Bank,Chico,CA,2006-04-24,false,NM,2025-12-31,"2025Q4",591584.0,541816.0,5046.0,0.8828725867536918,11.52,61.014536952322864,238285.0,29750.0,37.0,65,3421992.5
"58281",American Riviera Bank,Santa Barbara,CA,2006-07-18,false,NM,2022-03-31,"2022Q1",1361677.0,1247874.0,3281.0,0.983728085084534,12.99,59.25409550365981,681732.0,105242.0,675.0,123,3162422.5
"58281",American Riviera Bank,Santa Barbara,CA,2006-07-18,false,NM,2022-06-30,"2022Q2",1362655.0,1256632.0,5926.0,0.8820920138372044,11.78,60.0275909639593,760966.0,99233.0,362.0,125,3146316.0
"58281",American Riviera Bank,Santa Barbara,CA,2006-07-18,false,NM,2022-09-30,"2022Q3",1370878.0,1264918.0,9864.0,0.9738822566760772,13.13,58.68149238274331,789336.0,77988.0,255.0,130,3145009.5
"58281",American Riviera Bank,Santa Barbara,CA,2006-07-18,false,NM,2022-12-31,"2022Q4",1281124.0,1164660.0,14211.0,1.0632401568546703,14.08,58.34053247467211,819797.0,69929.0,194.0,129,3135097.5
"58281",American Riviera Bank,Santa Barbara,CA,2006-07-18,false,NM,2023-03-31,"2023Q1",1301506.0,1110370.0,3211.0,0.9946449936692442,12.08,64.40636474908202,837583.0,69759.0,244.0,136,3152233.8
"58281",American Riviera Bank,Santa Barbara,CA,2006-07-18,false,NM,2023-06-30,"2023Q2",1284543.0,1092875.0,6164.0,0.9563575252516502,11.46,64.49706570361555,856536.0,71241.0,192.0,133,3191508.0
"58281",American Riviera Bank,Santa Barbara,CA,2006-07-18,false,NM,2023-09-30,"2023Q3",1268311.0,1111491.0,9098.0,0.9448272762606212,11.21,64.89247163404467,864673.0,58804.0,175.0,137,3223877.8
"58281",American Riviera Bank,Santa Barbara,CA,2006-07-18,false,NM,2023-12-31,"2023Q4",1264563.0,1059499.0,11575.0,0.9042902341185932,10.5,65.30331743684792,866482.0,62348.0,98.0,135,3248446.5
"58281",American Riviera Bank,Santa Barbara,CA,2006-07-18,false,NM,2024-03-31,"2024Q1",1275595.0,1058798.0,2458.0,0.7741250741095632,8.25,70.01146283396525,875646.0,57555.0,182.0,133,3277174.5
"58281",American Riviera Bank,Santa Barbara,CA,2006-07-18,false,NM,2024-06-30,"2024Q2",1272517.0,1075851.0,4915.0,0.7734726930567121,8.14,69.65699208443272,880179.0,63577.0,2115.0,141,3287040.8
"58281",American Riviera Bank,Santa Barbara,CA,2006-07-18,false,NM,2024-09-30,"2024Q3",1294176.0,1140407.0,7289.0,0.7612067553958397,7.89,70.20252130267305,884974.0,73165.0,179.0,136,3321635.2
"58281",American Riviera Bank,Santa Barbara,CA,2006-07-18,false,NM,2024-12-31,"2024Q4",1278701.0,1120751.0,9660.0,0.7563950618521312,7.75,69.81271777003484,896243.0,75332.0,330.0,133,3341863.5
"58281",American Riviera Bank,Santa Barbara,CA,2006-07-18,false,NM,2025-03-31,"2025Q1",1288204.0,1141924.0,2585.0,0.8056394763343404,7.82,67.72286980791331,897660.0,79120.0,332.0,142,3341872.5
"58281",American Riviera Bank,Santa Barbara,CA,2006-07-18,false,NM,2025-06-30,"2025Q2",1299874.0,1137783.0,5504.0,0.8540441540620759,8.22,66.1399183607485,914899.0,87118.0,323.0,143,3377264.0
"58281",American Riviera Bank,Santa Barbara,CA,2006-07-18,false,NM,2025-09-30,"2025Q3",1421889.0,1274796.0,8707.0,0.8780315270310028,8.66,65.22184031695221,936138.0,86889.0,288.0,142,3414490.5
"58281",American Riviera Bank,Santa Barbara,CA,2006-07-18,false,NM,2025-12-31,"2025Q4",1366841.0,1213783.0,13523.0,1.0159253033840083,10.0,64.3786553885428,983428.0,78602.0,488.0,140,3421992.5
"58291",CalPrivate Bank,La Jolla,CA,2006-12-18,false,NM,2022-03-31,"2022Q1",1545278.0,1377176.0,6682.0,1.746138918260146,18.65,52.53799688230709,964340.0,316316.0,1794.0,177,3162422.5
"58291",CalPrivate Bank,La Jolla,CA,2006-12-18,false,NM,2022-06-30,"2022Q2",1612079.0,1445007.0,11404.0,1.4640966375676103,15.83,57.91213160379702,1013773.0,363757.0,2009.0,181,3146316.0
"58291",CalPrivate Bank,La Jolla,CA,2006-12-18,false,NM,2022-09-30,"2022Q3",1726841.0,1534705.0,18010.0,1.5007247625620226,16.49,55.891760491299905,1093492.0,395292.0,1912.0,189,3145009.5
"58291",CalPrivate Bank,La Jolla,CA,2006-12-18,false,NM,2022-12-31,"2022Q4",1854760.0,1678854.0,25633.0,1.5525623487064848,17.29,55.51993889878955,1183387.0,391419.0,2067.0,192,3135097.5
"58291",CalPrivate Bank,La Jolla,CA,2006-12-18,false,NM,2023-03-31,"2023Q1",1966357.0,1587039.0,9263.0,1.9393282121432032,22.68,47.312277766157706,1311268.0,290530.0,2538.0,186,3152233.8
"58291",CalPrivate Bank,La Jolla,CA,2006-12-18,false,NM,2023-06-30,"2023Q2",1976340.0,1702622.0,25104.0,2.598104651746447,29.58,42.99622657243521,1388527.0,311162.0,2801.0,197,3191508.0
"58291",CalPrivate Bank,La Jolla,CA,2006-12-18,false,NM,2023-09-30,"2023Q3",2073698.0,1772363.0,33875.0,2.2952432012836743,25.82,43.815106854367066,1412813.0,334393.0,3075.0,200,3223877.8
"58291",CalPrivate Bank,La Jolla,CA,2006-12-18,false,NM,2023-12-31,"2023Q4",2152083.0,1878863.0,42033.0,2.09677750842592,23.35,45.13891049373114,1483648.0,344799.0,3275.0,201,3248446.5
"58291",CalPrivate Bank,La Jolla,CA,2006-12-18,false,NM,2024-03-31,"2024Q1",2187253.0,1907684.0,8156.0,1.5036401882684356,15.93,51.819629947310375,1544207.0,345590.0,2096.0,208,3277174.5
"58291",CalPrivate Bank,La Jolla,CA,2006-12-18,false,NM,2024-06-30,"2024Q2",2285023.0,2004956.0,16385.0,1.4840681188927112,15.71,49.7991889191466,1588704.0,373437.0,2098.0,216,3287040.8
"58291",CalPrivate Bank,La Jolla,CA,2006-12-18,false,NM,2024-09-30,"2024Q3",2385519.0,2110509.0,26284.0,1.555823828025196,16.4,49.143569774248554,1611836.0,385502.0,1680.0,220,3321635.2
"58291",CalPrivate Bank,La Jolla,CA,2006-12-18,false,NM,2024-12-31,"2024Q4",2424211.0,2137926.0,37336.0,1.6326617713050864,17.09,48.592297108876515,1622245.0,448304.0,2125.0,223,3341863.5
"58291",CalPrivate Bank,La Jolla,CA,2006-12-18,false,NM,2025-03-31,"2025Q1",2482525.0,2195430.0,10966.0,1.787909518669845,18.01,46.59465643717613,1642430.0,420845.0,1962.0,228,3341872.5
"58291",CalPrivate Bank,La Jolla,CA,2006-12-18,false,NM,2025-06-30,"2025Q2",2454498.0,2166554.0,21858.0,1.7816034648538548,17.53,47.266943336509115,1645706.0,426762.0,1941.0,243,3377264.0
"58291",CalPrivate Bank,La Jolla,CA,2006-12-18,false,NM,2025-09-30,"2025Q3",2576074.0,2276413.0,31970.0,1.7157806118115688,16.73,47.899554095282795,1635682.0,428843.0,1920.0,242,3414490.5
"58291",CalPrivate Bank,La Jolla,CA,2006-12-18,false,NM,2025-12-31,"2025Q4",2534625.0,2227978.0,42453.0,1.7019414713020025,16.37,47.59376037172254,1623359.0,481540.0,2092.0,240,3421992.5
"58297",Pinnacle Bank,Gilroy,CA,2006-07-17,false,NM,2022-03-31,"2022Q1",779340.0,700997.0,1246.0,0.6567352588695167,7.47,75.12998266897746,382553.0,52937.0,182.0,84,3162422.5
"58297",Pinnacle Bank,Gilroy,CA,2006-07-17,false,NM,2022-06-30,"2022Q2",788825.0,708783.0,2852.0,0.7418595738556062,8.49,72.38924597415163,416420.0,45659.0,260.0,90,3146316.0
"58297",Pinnacle Bank,Gilroy,CA,2006-07-17,false,NM,2022-09-30,"2022Q3",782427.0,699934.0,5348.0,0.9233205538378464,10.52,67.92042937468052,428189.0,51150.0,223.0,92,3145009.5
"58297",Pinnacle Bank,Gilroy,CA,2006-07-17,false,NM,2022-12-31,"2022Q4",757249.0,669387.0,8453.0,1.0988448155011863,12.26,67.11890243902438,442910.0,59175.0,232.0,92,3135097.5
"58297",Pinnacle Bank,Gilroy,CA,2006-07-17,false,NM,2023-03-31,"2023Q1",766999.0,676295.0,2723.0,1.4291637581285983,14.45,61.787577517472194,449521.0,71920.0,222.0,95,3152233.8
"58297",Pinnacle Bank,Gilroy,CA,2006-07-17,false,NM,2023-06-30,"2023Q2",800042.0,705612.0,5593.0,1.4437957397742966,14.55,60.6238297033606,456447.0,76585.0,196.0,95,3191508.0
"58297",Pinnacle Bank,Gilroy,CA,2006-07-17,false,NM,2023-09-30,"2023Q3",843532.0,746598.0,8519.0,1.4342198141183438,14.5,60.24885396201702,457342.0,74760.0,298.0,91,3223877.8
"58297",Pinnacle Bank,Gilroy,CA,2006-07-17,false,NM,2023-12-31,"2023Q4",817420.0,714718.0,11771.0,1.476823741193132,14.67,59.11326468806784,482821.0,74946.0,278.0,94,3248446.5
"58297",Pinnacle Bank,Gilroy,CA,2006-07-17,false,NM,2024-03-31,"2024Q1",833080.0,727391.0,2453.0,1.18897303847319,10.95,63.481598110608154,498204.0,73215.0,151.0,93,3277174.5
"58297",Pinnacle Bank,Gilroy,CA,2006-07-17,false,NM,2024-06-30,"2024Q2",849534.0,740947.0,5182.0,1.243663086182028,11.37,62.3753622476546,518811.0,73493.0,172.0,94,3287040.8
"58297",Pinnacle Bank,Gilroy,CA,2006-07-17,false,NM,2024-09-30,"2024Q3",891405.0,780878.0,5425.0,0.8531071913721578,7.84,62.30715866671071,543275.0,66090.0,162.0,93,3321635.2
"58297",Pinnacle Bank,Gilroy,CA,2006-07-17,false,NM,2024-12-31,"2024Q4",846847.0,732232.0,8846.0,1.043582240556678,9.45,59.95122072621388,528572.0,64827.0,199.0,92,3341863.5
"58297",Pinnacle Bank,Gilroy,CA,2006-07-17,false,NM,2025-03-31,"2025Q1",892522.0,774972.0,1914.0,0.8803192422079501,7.64,72.12054794520549,513330.0,58697.0,290.0,89,3341872.5
"58297",Pinnacle Bank,Gilroy,CA,2006-07-17,false,NM,2025-06-30,"2025Q2",878109.0,759313.0,4087.0,0.9368560117792776,8.05,70.17185821697099,509663.0,55099.0,199.0,89,3377264.0
"58297",Pinnacle Bank,Gilroy,CA,2006-07-17,false,NM,2025-09-30,"2025Q3",905733.0,784977.0,5163.0,0.7815402370167441,6.71,67.43541771605382,511864.0,52906.0,199.0,89,3414490.5
"58297",Pinnacle Bank,Gilroy,CA,2006-07-17,false,NM,2025-12-31,"2025Q4",890355.0,765847.0,5450.0,0.6174145804095827,5.28,63.085868830290735,526524.0,51442.0,176.0,91,3421992.5
"58310",US Metro Bank,Garden Grove,CA,2006-09-15,false,NM,2022-03-31,"2022Q1",1061628.0,951268.0,4339.0,1.710024025660213,16.97,45.08769080870413,714781.0,52431.0,0.0,110,3162422.5
"58310",US Metro Bank,Garden Grove,CA,2006-09-15,false,NM,2022-06-30,"2022Q2",1081641.0,971524.0,8833.0,1.703264670965055,17.21,46.07577807848443,785997.0,50014.0,0.0,110,3146316.0
"58310",US Metro Bank,Garden Grove,CA,2006-09-15,false,NM,2022-09-30,"2022Q3",1094573.0,979329.0,13207.0,1.67459452365561,17.04,47.82912079392154,799886.0,45950.0,0.0,115,3145009.5
"58310",US Metro Bank,Garden Grove,CA,2006-09-15,false,NM,2022-12-31,"2022Q4",1121391.0,976807.0,18364.0,1.7235042659640003,17.57,48.789436471689825,856165.0,43568.0,0.0,124,3135097.5
"58310",US Metro Bank,Garden Grove,CA,2006-09-15,false,NM,2023-03-31,"2023Q1",1136654.0,985194.0,3459.0,1.2254848774050118,12.43,60.277154758090354,899096.0,40569.0,0.0,130,3152233.8
"58310",US Metro Bank,Garden Grove,CA,2006-09-15,false,NM,2023-06-30,"2023Q2",1156226.0,999368.0,6394.0,1.1236366416139785,11.38,61.67282772068083,911546.0,41050.0,0.0,136,3191508.0
"58310",US Metro Bank,Garden Grove,CA,2006-09-15,false,NM,2023-09-30,"2023Q3",1198944.0,1036775.0,9154.0,1.058266584150099,10.79,63.15088264683024,908559.0,38264.0,0.0,139,3223877.8
"58310",US Metro Bank,Garden Grove,CA,2006-09-15,false,NM,2023-12-31,"2023Q4",1225106.0,1064435.0,12016.0,1.0290629788941033,10.51,63.97078882756595,947374.0,45692.0,0.0,151,3248446.5
"58310",US Metro Bank,Garden Grove,CA,2006-09-15,false,NM,2024-03-31,"2024Q1",1294960.0,1133767.0,1785.0,0.5666518257855151,5.96,76.46341463414635,968505.0,56346.0,0.0,156,3277174.5
"58310",US Metro Bank,Garden Grove,CA,2006-09-15,false,NM,2024-06-30,"2024Q2",1348044.0,1183207.0,4285.0,0.664665689445233,7.11,71.256312032039,1014061.0,50091.0,0.0,156,3287040.8
"58310",US Metro Bank,Garden Grove,CA,2006-09-15,false,NM,2024-09-30,"2024Q3",1386893.0,1215780.0,6345.0,0.643941668539485,6.96,72.0742419948994,1021010.0,51504.0,0.0,164,3321635.2
"58310",US Metro Bank,Garden Grove,CA,2006-09-15,false,NM,2024-12-31,"2024Q4",1395867.0,1228307.0,8435.0,0.6341275652658975,6.91,71.91442790179032,1045396.0,68481.0,0.0,151,3341863.5
"58310",US Metro Bank,Garden Grove,CA,2006-09-15,false,NM,2025-03-31,"2025Q1",1417198.0,1237300.0,2898.0,0.8241544365309725,9.2,66.47985458951833,1076204.0,76790.0,0.0,151,3341872.5
"58310",US Metro Bank,Garden Grove,CA,2006-09-15,false,NM,2025-06-30,"2025Q2",1452378.0,1280935.0,5848.0,0.8226109222418398,9.06,66.21914885791003,1095613.0,80024.0,0.0,179,3377264.0
"58310",US Metro Bank,Garden Grove,CA,2006-09-15,false,NM,2025-09-30,"2025Q3",1566784.0,1384021.0,9194.0,0.8407327218230704,9.32,65.31699763162689,1138627.0,88097.0,0.0,189,3414490.5
"58310",US Metro Bank,Garden Grove,CA,2006-09-15,false,NM,2025-12-31,"2025Q4",1550823.0,1352596.0,12287.0,0.8321086813715199,9.01,65.58786918637547,1134436.0,92999.0,0.0,203,3421992.5
"58401",Mega Bank,San Gabriel,CA,2008-02-05,false,NM,2022-03-31,"2022Q1",446609.0,380869.0,1036.0,0.9181090586834308,8.28,64.05730365822461,300779.0,25150.0,3165.0,50,3162422.5
"58401",Mega Bank,San Gabriel,CA,2008-02-05,false,NM,2022-06-30,"2022Q2",415895.0,348639.0,2481.0,1.1289074941984802,9.82,60.87875939849624,290109.0,27397.0,2833.0,50,3146316.0
"58401",Mega Bank,San Gabriel,CA,2008-02-05,false,NM,2022-09-30,"2022Q3",431287.0,362522.0,4117.0,1.2547400747582589,10.76,57.85762508438977,293321.0,25476.0,2620.0,47,3145009.5
"58401",Mega Bank,San Gabriel,CA,2008-02-05,false,NM,2022-12-31,"2022Q4",472893.0,397377.0,6082.0,1.3680942954831743,11.76,56.375384294721485,283225.0,25533.0,2372.0,50,3135097.5
"58401",Mega Bank,San Gabriel,CA,2008-02-05,false,NM,2023-03-31,"2023Q1",468986.0,397974.0,1578.0,1.3402995501545314,11.36,58.035378246142265,294718.0,22398.0,2175.0,55,3152233.8
"58401",Mega Bank,San Gabriel,CA,2008-02-05,false,NM,2023-06-30,"2023Q2",454186.0,380815.0,3469.0,1.4909047931149335,12.28,57.184612483499905,307475.0,20716.0,2012.0,54,3191508.0
"58401",Mega Bank,San Gabriel,CA,2008-02-05,false,NM,2023-09-30,"2023Q3",470779.0,394878.0,5185.0,1.4812508168866816,12.05,56.310497720602015,311000.0,22161.0,1910.0,54,3223877.8
"58401",Mega Bank,San Gabriel,CA,2008-02-05,false,NM,2023-12-31,"2023Q4",492376.0,416244.0,6520.0,1.3818126329888694,11.19,55.3022841330144,323961.0,20245.0,1761.0,56,3248446.5
"58401",Mega Bank,San Gabriel,CA,2008-02-05,false,NM,2024-03-31,"2024Q1",537174.0,460392.0,1222.0,0.9495410616288672,7.89,61.64084227254668,328295.0,19941.0,1651.0,56,3277174.5
"58401",Mega Bank,San Gabriel,CA,2008-02-05,false,NM,2024-06-30,"2024Q2",518173.0,441392.0,2465.0,0.955597351722498,7.89,62.02570694087404,342638.0,19918.0,3921.0,54,3287040.8
"58401",Mega Bank,San Gabriel,CA,2008-02-05,false,NM,2024-09-30,"2024Q3",517535.0,439100.0,3744.0,0.966828396258482,7.9,62.37152514313307,345120.0,18247.0,7549.0,53,3321635.2
"58401",Mega Bank,San Gabriel,CA,2008-02-05,false,NM,2024-12-31,"2024Q4",524360.0,444736.0,5282.0,1.0198415364737194,8.27,59.96267883060335,353717.0,17794.0,8319.0,53,3341863.5
"58401",Mega Bank,San Gabriel,CA,2008-02-05,false,NM,2025-03-31,"2025Q1",509877.0,436105.0,1178.0,0.9112031381588552,7.03,60.62576188541243,367319.0,17794.0,10840.0,53,3341872.5
"58401",Mega Bank,San Gabriel,CA,2008-02-05,false,NM,2025-06-30,"2025Q2",508758.0,434578.0,2377.0,0.9243063004092688,7.04,60.87958324984973,351533.0,17879.0,9211.0,53,3377264.0
"58401",Mega Bank,San Gabriel,CA,2008-02-05,false,NM,2025-09-30,"2025Q3",509629.0,419302.0,3241.0,0.8420880395045561,6.34,60.86382248051776,368840.0,16595.0,8419.0,53,3414490.5
"58401",Mega Bank,San Gabriel,CA,2008-02-05,false,NM,2025-12-31,"2025Q4",509981.0,432912.0,4954.0,0.9665945395408188,7.2,60.8652312599681,366414.0,15603.0,7394.0,50,3421992.5
"58469","American Plus Bank, N.A.",Arcadia,CA,2007-08-08,false,N,2022-03-31,"2022Q1",584089.0,474899.0,2714.0,1.847597068624548,10.65,34.18464193270061,427981.0,46053.0,4432.0,43,3162422.5
"58469","American Plus Bank, N.A.",Arcadia,CA,2007-08-08,false,N,2022-06-30,"2022Q2",592141.0,483316.0,6059.0,2.057048960300211,11.76,29.59006211180124,458026.0,46182.0,13376.0,43,3146316.0
"58469","American Plus Bank, N.A.",Arcadia,CA,2007-08-08,false,N,2022-09-30,"2022Q3",607800.0,491801.0,9567.0,2.1482447352499214,12.21,28.449010006387056,467282.0,43574.0,15607.0,42,3145009.5
"58469","American Plus Bank, N.A.",Arcadia,CA,2007-08-08,false,N,2022-12-31,"2022Q4",642608.0,527504.0,12589.0,2.085862165750902,11.9,29.441683946946277,488962.0,39829.0,14572.0,46,3135097.5
"58469","American Plus Bank, N.A.",Arcadia,CA,2007-08-08,false,N,2023-03-31,"2023Q1",648522.0,529505.0,2865.0,1.77518917537351,10.24,34.71453424007591,494786.0,35535.0,15800.0,47,3152233.8
"58469","American Plus Bank, N.A.",Arcadia,CA,2007-08-08,false,N,2023-06-30,"2023Q2",667241.0,540988.0,5567.0,1.705601236946421,9.86,35.87713742875238,504229.0,46583.0,16430.0,46,3191508.0
"58469","American Plus Bank, N.A.",Arcadia,CA,2007-08-08,false,N,2023-09-30,"2023Q3",670432.0,538583.0,8939.0,1.813505036322615,10.43,34.689683518290174,509037.0,45826.0,17475.0,45,3223877.8
"58469","American Plus Bank, N.A.",Arcadia,CA,2007-08-08,false,N,2023-12-31,"2023Q4",673257.0,542792.0,11505.0,1.7420943289946276,9.95,35.21443803806966,517402.0,38909.0,17737.0,45,3248446.5
"58469","American Plus Bank, N.A.",Arcadia,CA,2007-08-08,false,N,2024-03-31,"2024Q1",682277.0,547757.0,3049.0,1.7994384500868297,10.0,35.710136508858554,510854.0,39155.0,17561.0,42,3277174.5
"58469","American Plus Bank, N.A.",Arcadia,CA,2007-08-08,false,N,2024-06-30,"2024Q2",694564.0,555640.0,5577.0,1.6322146551042926,9.07,36.36647660704522,531357.0,37739.0,18257.0,43,3287040.8
"58469","American Plus Bank, N.A.",Arcadia,CA,2007-08-08,false,N,2024-09-30,"2024Q3",750609.0,610877.0,9238.0,1.7591308765965163,9.89,33.85426841179918,566532.0,36575.0,16946.0,43,3321635.2
"58469","American Plus Bank, N.A.",Arcadia,CA,2007-08-08,false,N,2024-12-31,"2024Q4",766977.0,620526.0,11787.0,1.6519119966902898,9.39,34.69521999707645,601320.0,36423.0,18807.0,43,3341863.5
"58469","American Plus Bank, N.A.",Arcadia,CA,2007-08-08,false,N,2025-03-31,"2025Q1",783388.0,634260.0,3160.0,1.630583765758386,9.67,35.06203819880106,613950.0,38889.0,19305.0,42,3341872.5
"58469","American Plus Bank, N.A.",Arcadia,CA,2007-08-08,false,N,2025-06-30,"2025Q2",872508.0,717856.0,6114.0,1.5140702793749403,9.26,34.25165562913907,687425.0,42322.0,20551.0,50,3377264.0
"58469","American Plus Bank, N.A.",Arcadia,CA,2007-08-08,false,N,2025-09-30,"2025Q3",858538.0,706906.0,10016.0,1.627876885888418,9.99,36.05151992048373,679674.0,40428.0,18164.0,52,3414490.5
"58469","American Plus Bank, N.A.",Arcadia,CA,2007-08-08,false,N,2025-12-31,"2025Q4",867250.0,711832.0,14986.0,1.8061249159668624,11.05,34.2203887161907,693942.0,39735.0,16855.0,52,3421992.5
"58490",Beneficial State Bank,Oakland,CA,2007-06-27,false,NM,2022-03-31,"2022Q1",1546878.0,1425357.0,1472.0,0.3772774892593173,5.1,70.96123829344432,583400.0,108337.0,250552.0,203,3162422.5
"58490",Beneficial State Bank,Oakland,CA,2007-06-27,false,NM,2022-06-30,"2022Q2",1620805.0,1505103.0,5234.0,0.6622361541211041,9.39,68.6051878519339,581187.0,90922.0,289338.0,213,3146316.0
"58490",Beneficial State Bank,Oakland,CA,2007-06-27,false,NM,2022-09-30,"2022Q3",1636315.0,1534989.0,3864.0,0.3230808333712214,4.91,70.4107856734927,621270.0,90635.0,366192.0,223,3145009.5
"58490",Beneficial State Bank,Oakland,CA,2007-06-27,false,NM,2022-12-31,"2022Q4",1719253.0,1597232.0,6456.0,0.3986325471125506,6.23,69.88563606658718,651985.0,87381.0,391934.0,240,3135097.5
"58490",Beneficial State Bank,Oakland,CA,2007-06-27,false,NM,2023-03-31,"2023Q1",1802541.0,1571371.0,724.0,0.1644616351779803,2.23,75.98170459616243,696618.0,90585.0,412560.0,254,3152233.8
"58490",Beneficial State Bank,Oakland,CA,2007-06-27,false,NM,2023-06-30,"2023Q2",1755998.0,1523144.0,2425.0,0.2756834676319187,3.48,75.35746201966042,713637.0,89420.0,413531.0,257,3191508.0
"58490",Beneficial State Bank,Oakland,CA,2007-06-27,false,NM,2023-09-30,"2023Q3",1788729.0,1559791.0,6457.0,0.4873186168979049,6.02,74.89616678978905,732277.0,78306.0,422150.0,258,3223877.8
"58490",Beneficial State Bank,Oakland,CA,2007-06-27,false,NM,2023-12-31,"2023Q4",1812569.0,1539868.0,7002.0,0.3942971633354318,4.74,78.41820343527864,751658.0,91837.0,421299.0,268,3248446.5
"58490",Beneficial State Bank,Oakland,CA,2007-06-27,false,NM,2024-03-31,"2024Q1",1804242.0,1540832.0,580.0,0.1282898111070774,1.4,85.30260997565533,747304.0,95082.0,421564.0,268,3277174.5
"58490",Beneficial State Bank,Oakland,CA,2007-06-27,false,NM,2024-06-30,"2024Q2",1801503.0,1519997.0,3570.0,0.395325926109118,4.27,78.02079504279787,761345.0,102622.0,425217.0,264,3287040.8
"58490",Beneficial State Bank,Oakland,CA,2007-06-27,false,NM,2024-09-30,"2024Q3",1895785.0,1617524.0,7943.0,0.5791773887665452,6.2,74.73596811690469,759090.0,93410.0,414833.0,261,3321635.2
"58490",Beneficial State Bank,Oakland,CA,2007-06-27,false,NM,2024-12-31,"2024Q4",1944646.0,1704092.0,9206.0,0.4971516118005193,5.37,74.07338075627106,770767.0,101218.0,407135.0,263,3341863.5
"58490",Beneficial State Bank,Oakland,CA,2007-06-27,false,NM,2025-03-31,"2025Q1",1875868.0,1633038.0,-683.0,-0.143017405511405,-1.56,81.18678354686446,767450.0,83401.0,415701.0,259,3341872.5
"58490",Beneficial State Bank,Oakland,CA,2007-06-27,false,NM,2025-06-30,"2025Q2",1951690.0,1683817.0,1475.0,0.1533209844974294,1.67,76.2554181203087,802784.0,83680.0,436718.0,260,3377264.0
"58490",Beneficial State Bank,Oakland,CA,2007-06-27,false,NM,2025-09-30,"2025Q3",1918205.0,1640424.0,4704.0,0.3262163663857149,3.51,72.23157752930082,819805.0,81358.0,457801.0,264,3414490.5
"58490",Beneficial State Bank,Oakland,CA,2007-06-27,false,NM,2025-12-31,"2025Q4",1983778.0,1667750.0,2811.0,0.1452835261505695,1.56,73.69586152557,902201.0,84521.0,479938.0,265,3421992.5
"58588",Partners Bank of California,Mission Viejo,CA,2007-11-16,false,NM,2022-03-31,"2022Q1",371244.0,306274.0,659.0,0.6820825252578834,6.38,72.70595133391967,263369.0,45205.0,287.0,46,3162422.5
"58588",Partners Bank of California,Mission Viejo,CA,2007-11-16,false,NM,2022-06-30,"2022Q2",414429.0,308416.0,1402.0,0.7084648580543662,6.7,71.4833215046132,305675.0,41716.0,271.0,46,3146316.0
"58588",Partners Bank of California,Mission Viejo,CA,2007-11-16,false,NM,2022-09-30,"2022Q3",432896.0,350652.0,2351.0,0.7738520427686557,7.4,66.54574411608564,332849.0,35509.0,254.0,47,3145009.5
"58588",Partners Bank of California,Mission Viejo,CA,2007-11-16,false,NM,2022-12-31,"2022Q4",472444.0,364075.0,3545.0,0.8469935432571191,8.26,63.66620376215124,359862.0,35186.0,237.0,48,3135097.5
"58588",Partners Bank of California,Mission Viejo,CA,2007-11-16,false,NM,2023-03-31,"2023Q1",457875.0,352899.0,976.0,0.8392820097192468,8.52,69.05286343612335,352154.0,35475.0,220.0,47,3152233.8
"58588",Partners Bank of California,Mission Viejo,CA,2007-11-16,false,NM,2023-06-30,"2023Q2",464706.0,364044.0,2139.0,0.9199835128402716,9.22,65.01364877161055,347980.0,34741.0,204.0,45,3191508.0
"58588",Partners Bank of California,Mission Viejo,CA,2007-11-16,false,NM,2023-09-30,"2023Q3",457717.0,379361.0,3267.0,0.9404204363046772,9.26,63.32028551692378,345958.0,37787.0,186.0,43,3223877.8
"58588",Partners Bank of California,Mission Viejo,CA,2007-11-16,false,NM,2023-12-31,"2023Q4",487602.0,404288.0,4530.0,0.967806442129875,9.5,61.02182371849095,356786.0,38929.0,169.0,43,3248446.5
"58588",Partners Bank of California,Mission Viejo,CA,2007-11-16,false,NM,2024-03-31,"2024Q1",476140.0,389332.0,1542.0,1.2800106252503265,12.05,56.054805561152534,355231.0,35700.0,151.0,46,3277174.5
"58588",Partners Bank of California,Mission Viejo,CA,2007-11-16,false,NM,2024-06-30,"2024Q2",482931.0,403659.0,2885.0,1.196538540499477,11.11,57.0278259096932,357529.0,37834.0,133.0,46,3287040.8
"58588",Partners Bank of California,Mission Viejo,CA,2007-11-16,false,NM,2024-09-30,"2024Q3",472887.0,404682.0,4487.0,1.2466434182833566,11.33,55.34268753372909,356854.0,36413.0,115.0,45,3321635.2
"58588",Partners Bank of California,Mission Viejo,CA,2007-11-16,false,NM,2024-12-31,"2024Q4",663640.0,558443.0,5962.0,1.1539950449055436,11.12,55.35405872193437,358129.0,39275.0,96.0,45,3341863.5
"58588",Partners Bank of California,Mission Viejo,CA,2007-11-16,false,NM,2025-03-31,"2025Q1",650188.0,563713.0,1264.0,0.7696593465811354,8.77,58.1532816958826,358211.0,35504.0,78.0,45,3341872.5
"58588",Partners Bank of California,Mission Viejo,CA,2007-11-16,false,NM,2025-06-30,"2025Q2",668889.0,577785.0,2496.0,0.7553271596501165,8.55,55.95131198244039,381179.0,38224.0,59.0,45,3377264.0
"58588",Partners Bank of California,Mission Viejo,CA,2007-11-16,false,NM,2025-09-30,"2025Q3",777483.0,706857.0,4517.0,0.8727651764364901,10.15,52.88823130509833,387091.0,36129.0,40.0,48,3414490.5
"58588",Partners Bank of California,Mission Viejo,CA,2007-11-16,false,NM,2025-12-31,"2025Q4",712572.0,616743.0,6011.0,0.8654469685887815,9.97,52.69284147378789,431967.0,42762.0,20.0,48,3421992.5
"58590",Nano Banc,Irvine,CA,2007-09-17,false,SM,2022-03-31,"2022Q1",1110236.0,965896.0,1431.0,0.502282163411061,4.4,92.28594150393214,423355.0,396077.0,0.0,77,3162422.5
"58590",Nano Banc,Irvine,CA,2007-09-17,false,SM,2022-06-30,"2022Q2",1025805.0,880608.0,-1405.0,-0.2550679243159308,-2.18,86.90837649580281,378286.0,397265.0,0.0,69,3146316.0
"58590",Nano Banc,Irvine,CA,2007-09-17,false,SM,2022-09-30,"2022Q3",1026271.0,820334.0,372.0,0.0458052494035818,0.39,84.117561893731,370342.0,388036.0,0.0,65,3145009.5
"58590",Nano Banc,Irvine,CA,2007-09-17,false,SM,2022-12-31,"2022Q4",947122.0,708927.0,-8614.0,-0.8159677326156909,-6.8,92.42976175522338,384281.0,352022.0,0.0,65,3135097.5
"58590",Nano Banc,Irvine,CA,2007-09-17,false,SM,2023-03-31,"2023Q1",947562.0,749624.0,3916.0,1.6534683356169155,12.99,57.38679676779997,393102.0,325805.0,0.0,69,3152233.8
"58590",Nano Banc,Irvine,CA,2007-09-17,false,SM,2023-06-30,"2023Q2",945164.0,726286.0,5118.0,1.0813254793918547,8.43,71.48581503446066,446922.0,282197.0,0.0,74,3191508.0
"58590",Nano Banc,Irvine,CA,2007-09-17,false,SM,2023-09-30,"2023Q3",949064.0,787550.0,7174.0,1.0097985068008968,7.82,73.97463393968279,504877.0,213559.0,0.0,76,3223877.8
"58590",Nano Banc,Irvine,CA,2007-09-17,false,SM,2023-12-31,"2023Q4",925159.0,750643.0,5757.0,0.6106187199980654,4.69,80.22137062252843,498074.0,227928.0,0.0,78,3248446.5
"58590",Nano Banc,Irvine,CA,2007-09-17,false,SM,2024-03-31,"2024Q1",968271.0,827973.0,655.0,0.2767464337208135,2.1,94.53337077599924,496481.0,217038.0,0.0,78,3277174.5
"58590",Nano Banc,Irvine,CA,2007-09-17,false,SM,2024-06-30,"2024Q2",958153.0,817422.0,1304.0,0.2743739179255873,2.08,94.08716572591838,506774.0,180211.0,0.0,71,3287040.8
"58590",Nano Banc,Irvine,CA,2007-09-17,false,SM,2024-09-30,"2024Q3",1054322.0,919103.0,602.0,0.0821982715913469,0.64,99.27025907396197,479939.0,124673.0,0.0,69,3321635.2
"58590",Nano Banc,Irvine,CA,2007-09-17,false,SM,2024-12-31,"2024Q4",955071.0,827993.0,-9586.0,-0.986015977038356,-7.77,96.8481307301316,475968.0,134791.0,0.0,66,3341863.5
"58590",Nano Banc,Irvine,CA,2007-09-17,false,SM,2025-03-31,"2025Q1",996599.0,870172.0,-252.0,-0.1032961515010222,-0.87,99.58831977022498,505323.0,132779.0,0.0,63,3341872.5
"58590",Nano Banc,Irvine,CA,2007-09-17,false,SM,2025-06-30,"2025Q2",931078.0,804571.0,-15387.0,-3.2025692152071565,-27.83,178.019482158179,471940.0,105002.0,0.0,60,3377264.0
"58590",Nano Banc,Irvine,CA,2007-09-17,false,SM,2025-09-30,"2025Q3",908539.0,755102.0,-49525.0,-6.966677278718282,-66.21,181.7074037231775,446924.0,101447.0,0.0,53,3414490.5
"58590",Nano Banc,Irvine,CA,2007-09-17,false,SM,2025-12-31,"2025Q4",875372.0,732658.0,-75316.0,-8.06958468574627,-85.5,233.01785455073303,429497.0,41704.0,0.0,47,3421992.5
"58816",Royal Business Bank,Los Angeles,CA,2008-11-18,false,NM,2022-03-31,"2022Q1",4011923.0,3239611.0,16466.0,1.599721559456492,11.46,39.13565726583419,2795918.0,118815.0,28635.0,357,3162422.5
"58816",Royal Business Bank,Los Angeles,CA,2008-11-18,false,NM,2022-06-30,"2022Q2",3963786.0,3084560.0,34057.0,1.6751789748978931,11.74,39.12252812101067,2867682.0,108394.0,25735.0,375,3146316.0
"58816",Royal Business Bank,Los Angeles,CA,2008-11-18,false,NM,2022-09-30,"2022Q3",3899514.0,3014431.0,52677.0,1.745195900565626,11.99,38.26458372663772,3070494.0,106134.0,23531.0,382,3145009.5
"58816",Royal Business Bank,Los Angeles,CA,2008-11-18,false,NM,2022-12-31,"2022Q4",3915530.0,3023391.0,72340.0,1.8073014880182208,12.2,36.29218082928826,3193334.0,99085.0,20688.0,379,3135097.5
"58816",Royal Business Bank,Los Angeles,CA,2008-11-18,false,NM,2023-03-31,"2023Q1",4106226.0,3190556.0,12966.0,1.2930834595318033,8.24,47.27588230790823,3232481.0,73120.0,18461.0,363,3152233.8
"58816",Royal Business Bank,Los Angeles,CA,2008-11-18,false,NM,2023-06-30,"2023Q2",4072704.0,3255865.0,25906.0,1.2851834641645845,8.36,47.802515921890624,3118755.0,68179.0,16051.0,369,3191508.0
"58816",Royal Business Bank,Los Angeles,CA,2008-11-18,false,NM,2023-09-30,"2023Q3",4066628.0,3228349.0,36647.0,1.2093602881192156,7.91,48.1749487704918,3049445.0,60279.0,14173.0,380,3223877.8
"58816",Royal Business Bank,Los Angeles,CA,2008-11-18,false,NM,2023-12-31,"2023Q4",4019691.0,3225129.0,50523.0,1.2517604003294422,8.26,47.4436230353482,2964857.0,58001.0,12569.0,376,3248446.5
"58816",Royal Business Bank,Los Angeles,CA,2008-11-18,false,NM,2024-03-31,"2024Q1",3874850.0,3072206.0,9478.0,0.9604611591731552,6.38,55.10068892421833,2962721.0,62003.0,11171.0,371,3277174.5
"58816",Royal Business Bank,Los Angeles,CA,2008-11-18,false,NM,2024-06-30,"2024Q2",3864494.0,3056529.0,18006.0,0.9187488599192024,6.02,56.24768073406875,2981908.0,63675.0,9920.0,369,3287040.8
"58816",Royal Business Bank,Los Angeles,CA,2008-11-18,false,NM,2024-09-30,"2024Q3",3986443.0,3128662.0,26316.0,0.8913574500564542,5.86,55.19345368504075,3022610.0,65451.0,8675.0,364,3321635.2
"58816",Royal Business Bank,Los Angeles,CA,2008-11-18,false,NM,2024-12-31,"2024Q4",3985037.0,3117791.0,32075.0,0.8128272374035853,5.35,55.52981193463311,2998023.0,64743.0,7649.0,372,3341863.5
"58816",Royal Business Bank,Los Angeles,CA,2008-11-18,false,NM,2025-03-31,"2025Q1",4001883.0,3171061.0,3701.0,0.3707061044808261,2.44,60.00596283168251,3077463.0,63588.0,6783.0,376,3341872.5
"58816",Royal Business Bank,Los Angeles,CA,2008-11-18,false,NM,2025-06-30,"2025Q2",4082907.0,3257433.0,14780.0,0.7347246982081848,4.95,55.99318839090416,3163507.0,70060.0,5921.0,379,3377264.0
"58816",Royal Business Bank,Los Angeles,CA,2008-11-18,false,NM,2025-09-30,"2025Q3",4201927.0,3421428.0,25977.0,0.8514173481236257,5.82,55.490648470865445,3213924.0,89578.0,5133.0,375,3414490.5
"58816",Royal Business Bank,Los Angeles,CA,2008-11-18,false,NM,2025-12-31,"2025Q4",4201116.0,3399896.0,37221.0,0.909032294934711,6.24,55.24554803848674,3239167.0,78353.0,4488.0,369,3421992.5
"59098",Infinity Bank,Santa Ana,CA,2018-02-01,false,NM,2022-03-31,"2022Q1",308436.0,275693.0,472.0,0.6238620630404684,6.76,67.0926517571885,72199.0,74502.0,544.0,28,3162422.5
"59098",Infinity Bank,Santa Ana,CA,2018-02-01,false,NM,2022-06-30,"2022Q2",315144.0,283093.0,902.0,0.5880013819988136,6.56,67.73816481589714,71434.0,82938.0,71.0,29,3146316.0
"59098",Infinity Bank,Santa Ana,CA,2018-02-01,false,NM,2022-09-30,"2022Q3",322309.0,290989.0,1627.0,0.6982386468337469,8.0,65.71998591714588,72382.0,78267.0,69.0,30,3145009.5
"59098",Infinity Bank,Santa Ana,CA,2018-02-01,false,NM,2022-12-31,"2022Q4",310200.0,276316.0,3026.0,0.974296725834962,11.06,59.72484276729559,80572.0,75928.0,67.0,31,3135097.5
"59098",Infinity Bank,Santa Ana,CA,2018-02-01,false,NM,2023-03-31,"2023Q1",306580.0,270460.0,1377.0,1.7860501313272157,18.82,49.84431137724551,93057.0,59457.0,2252.0,32,3152233.8
"59098",Infinity Bank,Santa Ana,CA,2018-02-01,false,NM,2023-06-30,"2023Q2",310499.0,268087.0,2578.0,1.6681063628098984,17.11,52.63475220065115,102040.0,60022.0,7548.0,32,3191508.0
"59098",Infinity Bank,Santa Ana,CA,2018-02-01,false,NM,2023-09-30,"2023Q3",316596.0,278819.0,3694.0,1.5838280213043912,16.01,53.19767441860465,105958.0,57643.0,11024.0,32,3223877.8
"59098",Infinity Bank,Santa Ana,CA,2018-02-01,false,NM,2023-12-31,"2023Q4",304871.0,249658.0,4175.0,1.347864659537458,13.29,53.00569887860775,108207.0,70599.0,15454.0,32,3248446.5
"59098",Infinity Bank,Santa Ana,CA,2018-02-01,false,NM,2024-03-31,"2024Q1",322099.0,266284.0,983.0,1.2542864889867138,11.53,56.90499510284035,116592.0,69113.0,16085.0,32,3277174.5
"59098",Infinity Bank,Santa Ana,CA,2018-02-01,false,NM,2024-06-30,"2024Q2",308336.0,257711.0,1969.0,1.26311602833725,11.55,57.59738688603919,114498.0,75087.0,16200.0,33,3287040.8
"59098",Infinity Bank,Santa Ana,CA,2018-02-01,false,NM,2024-09-30,"2024Q3",329727.0,277853.0,2890.0,1.2183830777537028,11.18,57.034759990541495,121438.0,81874.0,16114.0,34,3321635.2
"59098",Infinity Bank,Santa Ana,CA,2018-02-01,false,NM,2024-12-31,"2024Q4",332666.0,285076.0,4207.0,1.3165809079181998,12.08,56.5232397606995,124310.0,85689.0,16167.0,33,3341863.5
"59098",Infinity Bank,Santa Ana,CA,2018-02-01,false,NM,2025-03-31,"2025Q1",338676.0,289040.0,1261.0,1.5026618325681993,13.67,56.988783433994826,129198.0,78852.0,16307.0,34,3341872.5
"59098",Infinity Bank,Santa Ana,CA,2018-02-01,false,NM,2025-06-30,"2025Q2",337074.0,291622.0,2679.0,1.59398502205439,14.22,57.085448392554994,119745.0,85019.0,16581.0,35,3377264.0
"59098",Infinity Bank,Santa Ana,CA,2018-02-01,false,NM,2025-09-30,"2025Q3",372720.0,325972.0,4214.0,1.62721881118152,14.63,57.272539715287806,119121.0,77269.0,17958.0,35,3414490.5
"59098",Infinity Bank,Santa Ana,CA,2018-02-01,false,NM,2025-12-31,"2025Q4",355990.0,302587.0,5563.0,1.6012079722484147,14.21,57.453384155763885,119243.0,90311.0,18824.0,35,3421992.5
"59099",Endeavor Bank,San Diego,CA,2018-01-22,false,NM,2022-03-31,"2022Q1",382938.0,313485.0,299.0,0.2945054782697557,3.65,68.09329165664823,211794.0,117395.0,1344.0,45,3162422.5
"59099",Endeavor Bank,San Diego,CA,2018-01-22,false,NM,2022-06-30,"2022Q2",468054.0,410350.0,3828.0,1.7940063877500172,20.14,64.28658314073714,238102.0,112523.0,2369.0,46,3146316.0
"59099",Endeavor Bank,San Diego,CA,2018-01-22,false,NM,2022-09-30,"2022Q3",428832.0,373020.0,5298.0,1.6532313066271915,17.24,61.70064336097977,245170.0,127362.0,870.0,46,3145009.5
"59099",Endeavor Bank,San Diego,CA,2018-01-22,false,NM,2022-12-31,"2022Q4",480145.0,424764.0,6211.0,1.418528804516636,14.46,60.82618687293313,260585.0,117130.0,994.0,48,3135097.5
"59099",Endeavor Bank,San Diego,CA,2018-01-22,false,NM,2023-03-31,"2023Q1",515618.0,457114.0,1062.0,0.8532150722611705,8.14,64.58618665623166,266765.0,107177.0,1211.0,52,3152233.8
"59099",Endeavor Bank,San Diego,CA,2018-01-22,false,NM,2023-06-30,"2023Q2",548810.0,489408.0,2107.0,0.818478634548189,7.96,65.69343065693431,282912.0,116034.0,1415.0,56,3191508.0
"59099",Endeavor Bank,San Diego,CA,2018-01-22,false,NM,2023-09-30,"2023Q3",553757.0,492863.0,3479.0,0.8842366453322403,8.64,63.48997493734336,300821.0,113385.0,877.0,57,3223877.8
"59099",Endeavor Bank,San Diego,CA,2018-01-22,false,NM,2023-12-31,"2023Q4",570132.0,507852.0,4486.0,0.8405590935902404,8.25,64.97185741088181,315938.0,117866.0,798.0,59,3248446.5
"59099",Endeavor Bank,San Diego,CA,2018-01-22,false,NM,2024-03-31,"2024Q1",565759.0,494267.0,640.0,0.4507474748897561,4.1,75.00456454263282,314286.0,126023.0,1424.0,66,3277174.5
"59099",Endeavor Bank,San Diego,CA,2018-01-22,false,NM,2024-06-30,"2024Q2",593513.0,520201.0,1820.0,0.6314314064267228,5.63,70.02218051527042,327446.0,151520.0,3041.0,69,3287040.8
"59099",Endeavor Bank,San Diego,CA,2018-01-22,false,NM,2024-09-30,"2024Q3",654869.0,578795.0,3112.0,0.6960997503222156,6.27,67.47493461203139,367631.0,165947.0,3459.0,75,3321635.2
"59099",Endeavor Bank,San Diego,CA,2018-01-22,false,NM,2024-12-31,"2024Q4",677678.0,602111.0,4591.0,0.7496854129932191,6.83,66.87431437078828,405606.0,161138.0,3651.0,77,3341863.5
"59099",Endeavor Bank,San Diego,CA,2018-01-22,false,NM,2025-03-31,"2025Q1",704358.0,626698.0,1732.0,1.0025788040253656,9.52,63.519313304721024,430771.0,164524.0,1221.0,78,3341872.5
"59099",Endeavor Bank,San Diego,CA,2018-01-22,false,NM,2025-06-30,"2025Q2",746533.0,667842.0,3222.0,0.9082158013200418,8.75,63.795279565821026,447254.0,175019.0,2321.0,78,3377264.0
"59099",Endeavor Bank,San Diego,CA,2018-01-22,false,NM,2025-09-30,"2025Q3",759714.0,678538.0,5325.0,0.9832585657291892,9.52,62.61157972320039,447145.0,177031.0,1954.0,80,3414490.5
"59099",Endeavor Bank,San Diego,CA,2018-01-22,false,NM,2025-12-31,"2025Q4",769893.0,683204.0,7394.0,1.0106129393446353,9.79,62.08799403430276,437196.0,196582.0,2839.0,80,3421992.5
"59204",Legacy Bank,Murrieta,CA,2022-06-10,false,NM,2022-06-30,"2022Q2",25394.0,125.0,-750.0,-5.906907143419706,-5.94,4505.882352941177,0.0,0.0,0.0,14,3146316.0
"59204",Legacy Bank,Murrieta,CA,2022-06-10,false,NM,2022-09-30,"2022Q3",27879.0,3528.0,-1772.0,-8.869812475362753,-9.55,1191.823899371069,2458.0,358.0,0.0,21,3145009.5
"59204",Legacy Bank,Murrieta,CA,2022-06-10,false,NM,2022-12-31,"2022Q4",30861.0,6693.0,-2969.0,-10.586683148311026,-12.89,720.9251101321586,10943.0,861.0,0.0,20,3135097.5
"59204",Legacy Bank,Murrieta,CA,2022-06-10,false,NM,2023-03-31,"2023Q1",47184.0,24007.0,-1065.0,-10.916778781472228,-22.31,407.5581395348837,11549.0,959.0,0.0,24,3152233.8
"59204",Legacy Bank,Murrieta,CA,2022-06-10,false,NM,2023-06-30,"2023Q2",56105.0,34164.0,-2271.0,-10.157286619455832,-24.53,364.2685851318945,16137.0,1388.0,0.0,28,3191508.0
"59204",Legacy Bank,Murrieta,CA,2022-06-10,false,NM,2023-09-30,"2023Q3",63239.0,45919.0,-3514.0,-9.494381551150266,-26.15,327.90858725761774,23890.0,4000.0,84.0,30,3223877.8
"59204",Legacy Bank,Murrieta,CA,2022-06-10,false,NM,2023-12-31,"2023Q4",62155.0,45550.0,-4659.0,-8.975356779582652,-26.89,292.37250554323725,23825.0,9567.0,150.0,31,3248446.5
"59204",Legacy Bank,Murrieta,CA,2022-06-10,false,NM,2024-03-31,"2024Q1",63535.0,47972.0,-1088.0,-6.924974142732118,-30.17,235.27885862516217,26248.0,14699.0,169.0,28,3277174.5
"59204",Legacy Bank,Murrieta,CA,2022-06-10,false,NM,2024-06-30,"2024Q2",71924.0,57292.0,-1942.0,-5.896343376481424,-27.82,221.76432710882165,25830.0,18166.0,176.0,29,3287040.8
"59204",Legacy Bank,Murrieta,CA,2022-06-10,false,NM,2024-09-30,"2024Q3",69189.0,55383.0,-3035.0,-6.066746625787565,-30.08,212.47030878859857,30045.0,19533.0,164.0,33,3321635.2
"59204",Legacy Bank,Murrieta,CA,2022-06-10,false,NM,2024-12-31,"2024Q4",74737.0,56519.0,-3459.0,-5.063828541312877,-26.47,181.0880164228894,36355.0,25648.0,137.0,34,3341863.5
"59204",Legacy Bank,Murrieta,CA,2022-06-10,false,NM,2025-03-31,"2025Q1",75514.0,58429.0,-887.0,-4.722763908393288,-32.05,202.62295081967216,39431.0,23702.0,169.0,30,3341872.5
"59204",Legacy Bank,Murrieta,CA,2022-06-10,false,NM,2025-06-30,"2025Q2",90672.0,72724.0,-1902.0,-4.736783121578263,-32.94,191.49512459371613,44994.0,25943.0,187.0,30,3377264.0
"59204",Legacy Bank,Murrieta,CA,2022-06-10,false,NM,2025-09-30,"2025Q3",111250.0,93932.0,-2611.0,-3.954018394368677,-29.98,179.40288493794029,46785.0,26466.0,172.0,26,3414490.5
"59204",Legacy Bank,Murrieta,CA,2022-06-10,false,NM,2025-12-31,"2025Q4",104464.0,88129.0,-3548.0,-3.884923911115394,-30.95,178.72075659532106,46887.0,29155.0,178.0,27,3421992.5
"59245",Genesis Bank,Newport Beach,CA,2021-08-02,false,NM,2022-03-31,"2022Q1",95052.0,43039.0,-3113.0,-13.770604205718584,-28.03,345.2749140893471,59837.0,0.0,0.0,42,3162422.5
"59245",Genesis Bank,Newport Beach,CA,2021-08-02,false,NM,2022-06-30,"2022Q2",120714.0,47824.0,-6724.0,-13.378299061887567,-26.45,464.14875072632185,81243.0,40.0,0.0,46,3146316.0
"59245",Genesis Bank,Newport Beach,CA,2021-08-02,false,NM,2022-09-30,"2022Q3",125183.0,54464.0,-9896.0,-12.367391188200944,-24.73,444.03703703703707,95546.0,54.0,0.0,42,3145009.5
"59245",Genesis Bank,Newport Beach,CA,2021-08-02,false,NM,2022-12-31,"2022Q4",166528.0,98073.0,-12233.0,-10.309738839052445,-22.46,383.90219052470707,131392.0,2083.0,0.0,45,3135097.5
"59245",Genesis Bank,Newport Beach,CA,2021-08-02,false,NM,2023-03-31,"2023Q1",180639.0,116729.0,-3012.0,-6.940751857175364,-21.0,311.00987091875476,145909.0,2386.0,0.0,45,3152233.8
"59245",Genesis Bank,Newport Beach,CA,2021-08-02,false,NM,2023-06-30,"2023Q2",185368.0,95424.0,-6084.0,-6.854760719952679,-21.76,320.1643017176998,145663.0,1530.0,0.0,47,3191508.0
"59245",Genesis Bank,Newport Beach,CA,2021-08-02,false,NM,2023-09-30,"2023Q3",173421.0,84932.0,-7934.0,-5.993802559932913,-19.33,299.02388903159516,145420.0,1871.0,0.0,42,3223877.8
"59245",Genesis Bank,Newport Beach,CA,2021-08-02,false,NM,2023-12-31,"2023Q4",198670.0,137525.0,-9933.0,-5.490114146619708,-18.53,287.24303554274735,145170.0,824.0,0.0,43,3248446.5
"59245",Genesis Bank,Newport Beach,CA,2021-08-02,false,NM,2024-03-31,"2024Q1",193473.0,134674.0,-1745.0,-3.559925843378563,-14.45,219.09407665505225,143895.0,989.0,0.0,44,3277174.5
"59245",Genesis Bank,Newport Beach,CA,2021-08-02,false,NM,2024-06-30,"2024Q2",190720.0,133745.0,-3446.0,-3.547317294115427,-14.51,209.0061112898038,140694.0,1140.0,0.0,41,3287040.8
"59245",Genesis Bank,Newport Beach,CA,2021-08-02,false,NM,2024-09-30,"2024Q3",197294.0,141653.0,-4788.0,-3.2731054903051566,-13.66,196.88003220611915,140219.0,1677.0,0.0,46,3321635.2
"59245",Genesis Bank,Newport Beach,CA,2021-08-02,false,NM,2024-12-31,"2024Q4",184914.0,131088.0,-6363.0,-3.2966486403591033,-13.84,198.42796092796092,137508.0,816.0,0.0,42,3341863.5
"59245",Genesis Bank,Newport Beach,CA,2021-08-02,false,NM,2025-03-31,"2025Q1",241577.0,190237.0,-1901.0,-3.5658431244739046,-18.11,226.95883134130148,137216.0,814.0,0.0,42,3341872.5
"59245",Genesis Bank,Newport Beach,CA,2021-08-02,false,NM,2025-06-30,"2025Q2",481206.0,429619.0,757.0,0.5003872437608585,3.56,86.47966611666504,292674.0,9075.0,0.0,58,3377264.0
"59245",Genesis Bank,Newport Beach,CA,2021-08-02,false,NM,2025-09-30,"2025Q3",418728.0,368831.0,148.0,0.0595068398137851,0.46,93.29355951696378,288599.0,9632.0,0.0,56,3414490.5
"59245",Genesis Bank,Newport Beach,CA,2021-08-02,false,NM,2025-12-31,"2025Q4",415306.0,365613.0,1008.0,0.289367301839377,2.35,93.03420653821172,261178.0,10359.0,0.0,56,3421992.5
"59290",Beach Cities Commercial Bank,Irvine,CA,2023-06-12,false,NM,2023-06-30,"2023Q2",34938.0,10968.0,-1563.0,-8.947278035376954,-14.22,2184.0,0.0,0.0,0.0,21,3191508.0
"59290",Beach Cities Commercial Bank,Irvine,CA,2023-06-12,false,NM,2023-09-30,"2023Q3",39274.0,16532.0,-3050.0,-10.95931924756104,-19.09,866.0574412532637,420.0,7948.0,0.0,26,3223877.8
"59290",Beach Cities Commercial Bank,Irvine,CA,2023-06-12,false,NM,2023-12-31,"2023Q4",47957.0,25859.0,-4360.0,-10.706480367359967,-21.1,588.1642512077294,10750.0,11359.0,0.0,25,3248446.5
"59290",Beach Cities Commercial Bank,Irvine,CA,2023-06-12,false,NM,2024-03-31,"2024Q1",61989.0,41014.0,-1315.0,-9.568333545558728,-28.0,282.05128205128204,14069.0,25895.0,0.0,28,3277174.5
"59290",Beach Cities Commercial Bank,Irvine,CA,2023-06-12,false,NM,2024-06-30,"2024Q2",81237.0,61338.0,-2550.0,-8.002803596554086,-28.01,262.5,33286.0,29895.0,0.0,26,3287040.8
"59290",Beach Cities Commercial Bank,Irvine,CA,2023-06-12,false,NM,2024-09-30,"2024Q3",97042.0,75823.0,-3535.0,-6.541022465088038,-26.65,235.58783477076713,40163.0,37942.0,0.0,27,3321635.2
"59290",Beach Cities Commercial Bank,Irvine,CA,2023-06-12,false,NM,2024-12-31,"2024Q4",130786.0,112892.0,-4524.0,-5.398426294297763,-26.31,207.82843431313736,83996.0,21652.0,0.0,27,3341863.5
"59290",Beach Cities Commercial Bank,Irvine,CA,2023-06-12,false,NM,2025-03-31,"2025Q1",153845.0,132051.0,-242.0,-0.6801788982928775,-6.39,116.49625085207906,92139.0,31344.0,0.0,26,3341872.5
"59290",Beach Cities Commercial Bank,Irvine,CA,2023-06-12,false,NM,2025-06-30,"2025Q2",162492.0,133039.0,-503.0,-0.6749820519185995,-6.67,113.90476190476193,111121.0,20215.0,0.0,26,3377264.0
"59290",Beach Cities Commercial Bank,Irvine,CA,2023-06-12,false,NM,2025-09-30,"2025Q3",156508.0,132020.0,-488.0,-0.431157710588091,-4.32,108.98089171974524,109720.0,18347.0,0.0,24,3414490.5
"59290",Beach Cities Commercial Bank,Irvine,CA,2023-06-12,false,NM,2025-12-31,"2025Q4",176737.0,143511.0,-606.0,-0.3882783507268366,-4.04,106.31496062992125,122877.0,21176.0,0.0,25,3421992.5
"59296",Bank Irvine,Irvine,CA,2022-10-18,false,NM,2022-12-31,"2022Q4",39216.0,9573.0,-1747.0,-4.4548143614851075,-6.18,762.6506024096385,7169.0,4002.0,0.0,20,3135097.5
"59296",Bank Irvine,Irvine,CA,2022-10-18,false,NM,2023-03-31,"2023Q1",51880.0,23007.0,-797.0,-6.999209625010977,-11.45,231.75675675675672,24128.0,8000.0,0.0,20,3152233.8
"59296",Bank Irvine,Irvine,CA,2022-10-18,false,NM,2023-06-30,"2023Q2",128376.0,99474.0,-661.0,-1.807064226871765,-4.76,104.07070166041778,59481.0,8000.0,0.0,20,3191508.0
"59296",Bank Irvine,Irvine,CA,2022-10-18,false,NM,2023-09-30,"2023Q3",166818.0,136679.0,152.0,0.2098543581247249,0.72,72.95597484276729,79726.0,7999.0,0.0,22,3223877.8
"59296",Bank Irvine,Irvine,CA,2022-10-18,false,NM,2023-12-31,"2023Q4",199420.0,169024.0,244.0,0.2082942070307831,0.87,69.91678442455644,121681.0,7993.0,0.0,24,3248446.5
"59296",Bank Irvine,Irvine,CA,2022-10-18,false,NM,2024-03-31,"2024Q1",169325.0,138487.0,435.0,0.9437416100557297,6.02,67.23095525997581,126339.0,7760.0,0.0,24,3277174.5
"59296",Bank Irvine,Irvine,CA,2022-10-18,false,NM,2024-06-30,"2024Q2",191529.0,161049.0,255.0,0.2730806712429989,1.76,69.8359659781288,140684.0,7860.0,0.0,25,3287040.8
"59296",Bank Irvine,Irvine,CA,2022-10-18,false,NM,2024-09-30,"2024Q3",214310.0,183865.0,322.0,0.2217048635138345,1.48,72.71978587605517,165403.0,7860.0,0.0,26,3321635.2
"59296",Bank Irvine,Irvine,CA,2022-10-18,false,NM,2024-12-31,"2024Q4",213107.0,182330.0,570.0,0.2885517839081251,1.96,74.75460122699387,166270.0,8360.0,0.0,26,3341863.5
"59296",Bank Irvine,Irvine,CA,2022-10-18,false,NM,2025-03-31,"2025Q1",243588.0,175919.0,290.0,0.5079976789761219,2.42,67.81609195402298,178735.0,12850.0,0.0,27,3341872.5
"59296",Bank Irvine,Irvine,CA,2022-10-18,false,NM,2025-06-30,"2025Q2",233192.0,164233.0,1056.0,0.918411276049556,3.89,59.72344161545215,175933.0,12850.0,0.0,25,3377264.0
"59296",Bank Irvine,Irvine,CA,2022-10-18,false,NM,2025-09-30,"2025Q3",248771.0,178897.0,1663.0,0.9448714654325644,3.85,58.66204305736166,182525.0,10615.0,0.0,25,3414490.5
"59296",Bank Irvine,Irvine,CA,2022-10-18,false,NM,2025-12-31,"2025Q4",285956.0,216593.0,2129.0,0.869253495387118,3.56,57.76370855241979,199319.0,20000.0,0.0,24,3421992.5
"59314",Icon Business Bank,Riverside,CA,2023-08-22,false,NM,2023-09-30,"2023Q3",29973.0,4205.0,-2305.0,-10.253416408100623,-13.58,1668.9655172413793,0.0,0.0,1189.0,21,3223877.8
"59314",Icon Business Bank,Riverside,CA,2023-08-22,false,NM,2023-12-31,"2023Q4",36054.0,10527.0,-3864.0,-11.704302785224227,-17.67,787.7323420074349,3120.0,4735.0,5793.0,22,3248446.5
"59314",Icon Business Bank,Riverside,CA,2023-08-22,false,NM,2024-03-31,"2024Q1",44718.0,20745.0,-1349.0,-13.361065715842123,-26.42,370.9090909090909,10503.0,8108.0,6816.0,22,3277174.5
"59314",Icon Business Bank,Riverside,CA,2023-08-22,false,NM,2024-06-30,"2024Q2",57773.0,35284.0,-2770.0,-11.996102349417155,-28.07,346.2159434914228,13731.0,13246.0,7401.0,28,3287040.8
"59314",Icon Business Bank,Riverside,CA,2023-08-22,false,NM,2024-09-30,"2024Q3",79192.0,57912.0,-4359.0,-10.676834346022954,-30.55,321.7365967365967,19323.0,18485.0,10854.0,26,3321635.2
"59314",Icon Business Bank,Riverside,CA,2023-08-22,false,NM,2024-12-31,"2024Q4",96851.0,77378.0,-5804.0,-9.224763818073162,-31.67,289.2530487804878,21261.0,31891.0,14000.0,27,3341863.5
"59314",Icon Business Bank,Riverside,CA,2023-08-22,false,NM,2025-03-31,"2025Q1",121127.0,101731.0,-1298.0,-4.763783501087266,-33.74,210.6508875739645,30240.0,30561.0,15089.0,28,3341872.5
"59314",Icon Business Bank,Riverside,CA,2023-08-22,false,NM,2025-06-30,"2025Q2",155997.0,138048.0,-2787.0,-4.471421886489739,-37.48,199.86168741355465,41733.0,45391.0,20723.0,31,3377264.0
"59314",Icon Business Bank,Riverside,CA,2023-08-22,false,NM,2025-09-30,"2025Q3",163017.0,145980.0,-3923.0,-3.89617417019248,-36.46,182.48898678414096,44176.0,44657.0,23147.0,31,3414490.5
"59314",Icon Business Bank,Riverside,CA,2023-08-22,false,NM,2025-12-31,"2025Q4",147005.0,125639.0,-4266.0,-3.118434729976886,-30.51,154.3881118881119,47247.0,49068.0,22155.0,28,3421992.5
"59339",Altos Bank,Los Altos,CA,2024-11-25,false,NM,2024-12-31,"2024Q4",26530.0,578.0,-5390.0,-20.31662269129288,-22.52,4482.113821138211,0.0,0.0,0.0,16,3341863.5
"59339",Altos Bank,Los Altos,CA,2024-11-25,false,NM,2025-03-31,"2025Q1",28563.0,4073.0,-1016.0,-14.753235438258944,-17.32,473.5294117647059,0.0,0.0,0.0,17,3341872.5
"59339",Altos Bank,Los Altos,CA,2024-11-25,false,NM,2025-06-30,"2025Q2",40794.0,17354.0,-2092.0,-13.090408501673846,-18.22,436.5319865319865,6492.0,906.0,0.0,18,3377264.0
"59339",Altos Bank,Los Altos,CA,2024-11-25,false,NM,2025-09-30,"2025Q3",42383.0,19934.0,-3055.0,-11.783413611050843,-18.11,394.3548387096774,9181.0,1102.0,0.0,17,3414490.5
"59339",Altos Bank,Los Altos,CA,2024-11-25,false,NM,2025-12-31,"2025Q4",53609.0,32354.0,-4404.0,-11.475982259653218,-20.06,399.2114695340502,15158.0,1458.0,64.0,19,3421992.5
"8011",Savings Bank of Mendocino County,Ukiah,CA,1903-11-28,false,NM,2022-03-31,"2022Q1",1386892.0,1212900.0,3522.0,0.9996742969177418,7.51,60.477499141188595,593832.0,31435.0,4420.0,181,3162422.5
"8011",Savings Bank of Mendocino County,Ukiah,CA,1903-11-28,false,NM,2022-06-30,"2022Q2",1392756.0,1207375.0,7145.0,1.0179817318939588,8.27,60.211522879440494,618650.0,48208.0,4434.0,181,3146316.0
"8011",Savings Bank of Mendocino County,Ukiah,CA,1903-11-28,false,NM,2022-09-30,"2022Q3",1357822.0,1225145.0,10711.0,1.0257303016503934,8.84,60.89587360282377,628044.0,43890.0,12567.0,186,3145009.5
"8011",Savings Bank of Mendocino County,Ukiah,CA,1903-11-28,false,NM,2022-12-31,"2022Q4",1330782.0,1143148.0,14549.0,1.0542940034591914,9.28,60.30309931471398,623880.0,42544.0,12096.0,190,3135097.5
"8011",Savings Bank of Mendocino County,Ukiah,CA,1903-11-28,false,NM,2023-03-31,"2023Q1",1326432.0,1110399.0,3438.0,1.0350690610541715,9.62,63.8832259642828,609299.0,51498.0,14137.0,180,3152233.8
"8011",Savings Bank of Mendocino County,Ukiah,CA,1903-11-28,false,NM,2023-06-30,"2023Q2",1327480.0,1092382.0,6988.0,1.0522263441057207,9.74,62.04700657756923,617427.0,59280.0,17738.0,183,3191508.0
"8011",Savings Bank of Mendocino County,Ukiah,CA,1903-11-28,false,NM,2023-09-30,"2023Q3",1289828.0,1085468.0,10468.0,1.058445440174484,9.93,61.749248194260986,608658.0,63156.0,18810.0,184,3223877.8
"8011",Savings Bank of Mendocino County,Ukiah,CA,1903-11-28,false,NM,2023-12-31,"2023Q4",1297558.0,1053148.0,13686.0,1.0412228700807051,9.53,62.161071830477525,610771.0,61281.0,19883.0,181,3248446.5
"8011",Savings Bank of Mendocino County,Ukiah,CA,1903-11-28,false,NM,2024-03-31,"2024Q1",1304707.0,1017446.0,2980.0,0.9161249911135108,7.75,65.68956383542293,610060.0,64260.0,34648.0,180,3277174.5
"8011",Savings Bank of Mendocino County,Ukiah,CA,1903-11-28,false,NM,2024-06-30,"2024Q2",1316401.0,992848.0,5775.0,0.884229480134311,7.53,65.97608144756147,613505.0,68094.0,34463.0,174,3287040.8
"8011",Savings Bank of Mendocino County,Ukiah,CA,1903-11-28,false,NM,2024-09-30,"2024Q3",1313039.0,1009993.0,8533.0,0.8698540074411688,7.25,66.34186916998395,613651.0,59306.0,33871.0,173,3321635.2
"8011",Savings Bank of Mendocino County,Ukiah,CA,1903-11-28,false,NM,2024-12-31,"2024Q4",1308868.0,1015021.0,10853.0,0.8296673701218532,6.93,68.51982534291889,630919.0,65968.0,33949.0,173,3341863.5
"8011",Savings Bank of Mendocino County,Ukiah,CA,1903-11-28,false,NM,2025-03-31,"2025Q1",1312154.0,1022718.0,2688.0,0.8204433232532958,6.81,67.3303901252365,634263.0,65721.0,33341.0,171,3341872.5
"8011",Savings Bank of Mendocino County,Ukiah,CA,1903-11-28,false,NM,2025-06-30,"2025Q2",1328292.0,1023286.0,5915.0,0.8986370797561298,7.43,65.65919749869724,650913.0,68103.0,33130.0,167,3377264.0
"8011",Savings Bank of Mendocino County,Ukiah,CA,1903-11-28,false,NM,2025-09-30,"2025Q3",1351634.0,1046301.0,9018.0,0.907286726826975,7.36,65.52508171095639,641740.0,66032.0,33654.0,166,3414490.5
"8011",Savings Bank of Mendocino County,Ukiah,CA,1903-11-28,false,NM,2025-12-31,"2025Q4",1342665.0,1029665.0,12781.0,0.961901302800148,7.65,67.24239367961002,646798.0,63194.0,33379.0,166,3421992.5
"8468",Exchange Bank,Santa Rosa,CA,1890-05-01,false,NM,2022-03-31,"2022Q1",3543069.0,3236117.0,8260.0,0.933477705944634,11.22,60.03650916239557,1250730.0,151743.0,52022.0,369,3162422.5
"8468",Exchange Bank,Santa Rosa,CA,1890-05-01,false,NM,2022-06-30,"2022Q2",3476075.0,3203680.0,17777.0,1.0105372061339766,12.92,58.49886636662042,1300584.0,128703.0,52218.0,372,3146316.0
"8468",Exchange Bank,Santa Rosa,CA,1890-05-01,false,NM,2022-09-30,"2022Q3",3430206.0,3199388.0,27846.0,1.061897118851333,14.63,58.02725247849063,1279612.0,133642.0,52694.0,372,3145009.5
"8468",Exchange Bank,Santa Rosa,CA,1890-05-01,false,NM,2022-12-31,"2022Q4",3334965.0,3066280.0,37480.0,1.081976710249235,15.4,59.4449932790257,1308839.0,117177.0,53446.0,374,3135097.5
"8468",Exchange Bank,Santa Rosa,CA,1890-05-01,false,NM,2023-03-31,"2023Q1",3361658.0,2919130.0,9217.0,1.1010922968188592,17.03,58.89961327223685,1320990.0,134778.0,52676.0,369,3152233.8
"8468",Exchange Bank,Santa Rosa,CA,1890-05-01,false,NM,2023-06-30,"2023Q2",3321058.0,2835923.0,7079.0,0.4239903426751161,6.5,82.57267001246252,1351512.0,114678.0,54960.0,371,3191508.0
"8468",Exchange Bank,Santa Rosa,CA,1890-05-01,false,NM,2023-09-30,"2023Q3",3363234.0,2917695.0,13422.0,0.5349575152371866,8.36,77.86137290596125,1392864.0,111939.0,58146.0,375,3223877.8
"8468",Exchange Bank,Santa Rosa,CA,1890-05-01,false,NM,2023-12-31,"2023Q4",3367559.0,2838627.0,20194.0,0.6028608934760266,9.08,75.73025635634058,1404423.0,108684.0,62132.0,377,3248446.5
"8468",Exchange Bank,Santa Rosa,CA,1890-05-01,false,NM,2024-03-31,"2024Q1",3336215.0,2809292.0,4872.0,0.5814038480414166,7.67,75.35568714911943,1406665.0,106992.0,64299.0,369,3277174.5
"8468",Exchange Bank,Santa Rosa,CA,1890-05-01,false,NM,2024-06-30,"2024Q2",3308663.0,2775961.0,10101.0,0.6053071794609044,7.92,74.37191716407885,1413458.0,101820.0,64228.0,368,3287040.8
"8468",Exchange Bank,Santa Rosa,CA,1890-05-01,false,NM,2024-09-30,"2024Q3",3411425.0,2817445.0,15047.0,0.5978060590908935,7.58,74.36926826139934,1406867.0,107440.0,63810.0,358,3321635.2
"8468",Exchange Bank,Santa Rosa,CA,1890-05-01,false,NM,2024-12-31,"2024Q4",3299533.0,2832443.0,23853.0,0.7131626084296879,8.9,73.44148585514058,1423981.0,115982.0,63496.0,363,3341863.5
"8468",Exchange Bank,Santa Rosa,CA,1890-05-01,false,NM,2025-03-31,"2025Q1",3274099.0,2888396.0,5614.0,0.6832143935042302,7.72,72.43071065060593,1428617.0,111994.0,59559.0,356,3341872.5
"8468",Exchange Bank,Santa Rosa,CA,1890-05-01,false,NM,2025-06-30,"2025Q2",3270956.0,2871214.0,12656.0,0.7713476683838877,8.45,69.92750412109825,1444245.0,117131.0,57258.0,354,3377264.0
"8468",Exchange Bank,Santa Rosa,CA,1890-05-01,false,NM,2025-09-30,"2025Q3",3308335.0,2887137.0,21213.0,0.8601371086867914,9.19,67.04807592990026,1504797.0,120478.0,54840.0,351,3414490.5
"8468",Exchange Bank,Santa Rosa,CA,1890-05-01,false,NM,2025-12-31,"2025Q4",3304145.0,2875470.0,29968.0,0.9104902525771904,9.5,66.85901036613389,1542719.0,120651.0,51601.0,358,3421992.5
